"","ins1","ins2","k80","chr1","start1","end1","chr2","start2","end2","mid1","mid2","same_chr","genomic_dist_mid","genomic_dist_edge","in_gap","rank"
"1","A6-Wild5B_31","A6-Wild5B_22",0,"2L",15077860,15077860,"2L",262632,262632,15077860,262632,TRUE,14815228,14815228,FALSE,1
"2","A6-Wild5B_34","A6-Wild5B_22",0,"2L",17945784,17945784,"2L",262632,262632,17945784,262632,TRUE,17683152,17683152,FALSE,2
"3","A6-Wild5B_50","A6-Wild5B_22",0,"2L",12245969,12245969,"2L",262632,262632,12245969,262632,TRUE,11983337,11983337,FALSE,3
"4","A6-Wild5B_51","A6-Wild5B_22",0,"2L",14671836,14671836,"2L",262632,262632,14671836,262632,TRUE,14409204,14409204,FALSE,4
"5","A6-Wild5B_54","A6-Wild5B_22",0,"2L",17088368,17088368,"2L",262632,262632,17088368,262632,TRUE,16825736,16825736,FALSE,5
"6","A6-Wild5B_40","A6-Wild5B_23",0,"2L",21078116,21078116,"2L",2003771,2003771,21078116,2003771,TRUE,19074345,19074345,FALSE,6
"7","A6-Wild5B_46","A6-Wild5B_23",0,"2L",7934109,7934109,"2L",2003771,2003771,7934109,2003771,TRUE,5930338,5930338,FALSE,7
"8","A6-Wild5B_55","A6-Wild5B_23",0,"2L",18286654,18286654,"2L",2003771,2003771,18286654,2003771,TRUE,16282883,16282883,FALSE,8
"9","A6-Wild5B_26","A6-Wild5B_24",0,"2L",10933389,10933389,"2L",6587078,6587081,10933389,6587079.5,TRUE,4346309.5,4346308,FALSE,9
"10","A6-Wild5B_27","A6-Wild5B_24",0,"2L",11155310,11155311,"2L",6587078,6587081,11155310.5,6587079.5,TRUE,4568231,4568229,FALSE,10
"11","A6-Wild5B_29","A6-Wild5B_24",0,"2L",12325056,12325056,"2L",6587078,6587081,12325056,6587079.5,TRUE,5737976.5,5737975,FALSE,11
"12","A6-Wild5B_32","A6-Wild5B_24",0,"2L",15142559,15142559,"2L",6587078,6587081,15142559,6587079.5,TRUE,8555479.5,8555478,FALSE,12
"13","A6-Wild5B_37","A6-Wild5B_24",0,"2L",19890229,19890229,"2L",6587078,6587081,19890229,6587079.5,TRUE,13303149.5,13303148,FALSE,13
"14","A6-Wild5B_48","A6-Wild5B_24",0,"2L",9564503,9564503,"2L",6587078,6587081,9564503,6587079.5,TRUE,2977423.5,2977422,FALSE,14
"15","A6-Wild5B_52","A6-Wild5B_24",0,"2L",14887432,14887432,"2L",6587078,6587081,14887432,6587079.5,TRUE,8300352.5,8300351,FALSE,15
"16","A6-Wild5B_53","A6-Wild5B_24",0,"2L",15931742,15931742,"2L",6587078,6587081,15931742,6587079.5,TRUE,9344662.5,9344661,FALSE,16
"17","A6-Wild5B_39","A6-Wild5B_25",0,"2L",20952528,20952528,"2L",10567015,10567015,20952528,10567015,TRUE,10385513,10385513,FALSE,17
"18","A6-Wild5B_47","A6-Wild5B_25",0,"2L",7966456,7966456,"2L",10567015,10567015,7966456,10567015,TRUE,2600559,2600559,FALSE,18
"19","A6-Wild5B_27","A6-Wild5B_26",0,"2L",11155310,11155311,"2L",10933389,10933389,11155310.5,10933389,TRUE,221921.5,221921,FALSE,19
"20","A6-Wild5B_29","A6-Wild5B_26",0,"2L",12325056,12325056,"2L",10933389,10933389,12325056,10933389,TRUE,1391667,1391667,FALSE,20
"21","A6-Wild5B_32","A6-Wild5B_26",0,"2L",15142559,15142559,"2L",10933389,10933389,15142559,10933389,TRUE,4209170,4209170,FALSE,21
"22","A6-Wild5B_37","A6-Wild5B_26",0,"2L",19890229,19890229,"2L",10933389,10933389,19890229,10933389,TRUE,8956840,8956840,FALSE,22
"23","A6-Wild5B_48","A6-Wild5B_26",0,"2L",9564503,9564503,"2L",10933389,10933389,9564503,10933389,TRUE,1368886,1368886,FALSE,23
"24","A6-Wild5B_52","A6-Wild5B_26",0,"2L",14887432,14887432,"2L",10933389,10933389,14887432,10933389,TRUE,3954043,3954043,FALSE,24
"25","A6-Wild5B_53","A6-Wild5B_26",0,"2L",15931742,15931742,"2L",10933389,10933389,15931742,10933389,TRUE,4998353,4998353,FALSE,25
"26","A6-Wild5B_29","A6-Wild5B_27",0,"2L",12325056,12325056,"2L",11155310,11155311,12325056,11155310.5,TRUE,1169745.5,1169745,FALSE,26
"27","A6-Wild5B_32","A6-Wild5B_27",0,"2L",15142559,15142559,"2L",11155310,11155311,15142559,11155310.5,TRUE,3987248.5,3987248,FALSE,27
"28","A6-Wild5B_37","A6-Wild5B_27",0,"2L",19890229,19890229,"2L",11155310,11155311,19890229,11155310.5,TRUE,8734918.5,8734918,FALSE,28
"29","A6-Wild5B_48","A6-Wild5B_27",0,"2L",9564503,9564503,"2L",11155310,11155311,9564503,11155310.5,TRUE,1590807.5,1590807,FALSE,29
"30","A6-Wild5B_52","A6-Wild5B_27",0,"2L",14887432,14887432,"2L",11155310,11155311,14887432,11155310.5,TRUE,3732121.5,3732121,FALSE,30
"31","A6-Wild5B_53","A6-Wild5B_27",0,"2L",15931742,15931742,"2L",11155310,11155311,15931742,11155310.5,TRUE,4776431.5,4776431,FALSE,31
"32","A6-Wild5B_32","A6-Wild5B_29",0,"2L",15142559,15142559,"2L",12325056,12325056,15142559,12325056,TRUE,2817503,2817503,FALSE,32
"33","A6-Wild5B_37","A6-Wild5B_29",0,"2L",19890229,19890229,"2L",12325056,12325056,19890229,12325056,TRUE,7565173,7565173,FALSE,33
"34","A6-Wild5B_48","A6-Wild5B_29",0,"2L",9564503,9564503,"2L",12325056,12325056,9564503,12325056,TRUE,2760553,2760553,FALSE,34
"35","A6-Wild5B_52","A6-Wild5B_29",0,"2L",14887432,14887432,"2L",12325056,12325056,14887432,12325056,TRUE,2562376,2562376,FALSE,35
"36","A6-Wild5B_53","A6-Wild5B_29",0,"2L",15931742,15931742,"2L",12325056,12325056,15931742,12325056,TRUE,3606686,3606686,FALSE,36
"37","A6-Wild5B_34","A6-Wild5B_31",0,"2L",17945784,17945784,"2L",15077860,15077860,17945784,15077860,TRUE,2867924,2867924,FALSE,37
"38","A6-Wild5B_50","A6-Wild5B_31",0,"2L",12245969,12245969,"2L",15077860,15077860,12245969,15077860,TRUE,2831891,2831891,FALSE,38
"39","A6-Wild5B_51","A6-Wild5B_31",0,"2L",14671836,14671836,"2L",15077860,15077860,14671836,15077860,TRUE,406024,406024,FALSE,39
"40","A6-Wild5B_54","A6-Wild5B_31",0,"2L",17088368,17088368,"2L",15077860,15077860,17088368,15077860,TRUE,2010508,2010508,FALSE,40
"41","A6-Wild5B_37","A6-Wild5B_32",0,"2L",19890229,19890229,"2L",15142559,15142559,19890229,15142559,TRUE,4747670,4747670,FALSE,41
"42","A6-Wild5B_48","A6-Wild5B_32",0,"2L",9564503,9564503,"2L",15142559,15142559,9564503,15142559,TRUE,5578056,5578056,FALSE,42
"43","A6-Wild5B_52","A6-Wild5B_32",0,"2L",14887432,14887432,"2L",15142559,15142559,14887432,15142559,TRUE,255127,255127,FALSE,43
"44","A6-Wild5B_53","A6-Wild5B_32",0,"2L",15931742,15931742,"2L",15142559,15142559,15931742,15142559,TRUE,789183,789183,FALSE,44
"45","A6-Wild5B_50","A6-Wild5B_34",0,"2L",12245969,12245969,"2L",17945784,17945784,12245969,17945784,TRUE,5699815,5699815,FALSE,45
"46","A6-Wild5B_51","A6-Wild5B_34",0,"2L",14671836,14671836,"2L",17945784,17945784,14671836,17945784,TRUE,3273948,3273948,FALSE,46
"47","A6-Wild5B_54","A6-Wild5B_34",0,"2L",17088368,17088368,"2L",17945784,17945784,17088368,17945784,TRUE,857416,857416,FALSE,47
"48","A6-Wild5B_43","A6-Wild5B_35",0,"2L",3773642,3773642,"2L",18025740,18025740,3773642,18025740,TRUE,14252098,14252098,FALSE,48
"49","A6-Wild5B_48","A6-Wild5B_37",0,"2L",9564503,9564503,"2L",19890229,19890229,9564503,19890229,TRUE,10325726,10325726,FALSE,49
"50","A6-Wild5B_52","A6-Wild5B_37",0,"2L",14887432,14887432,"2L",19890229,19890229,14887432,19890229,TRUE,5002797,5002797,FALSE,50
"51","A6-Wild5B_53","A6-Wild5B_37",0,"2L",15931742,15931742,"2L",19890229,19890229,15931742,19890229,TRUE,3958487,3958487,FALSE,51
"52","A6-Wild5B_41","A6-Wild5B_38",0,"2L",21783487,21783487,"2L",20715244,20715244,21783487,20715244,TRUE,1068243,1068243,FALSE,52
"53","A6-Wild5B_47","A6-Wild5B_39",0,"2L",7966456,7966456,"2L",20952528,20952528,7966456,20952528,TRUE,12986072,12986072,FALSE,53
"54","A6-Wild5B_46","A6-Wild5B_40",0,"2L",7934109,7934109,"2L",21078116,21078116,7934109,21078116,TRUE,13144007,13144007,FALSE,54
"55","A6-Wild5B_55","A6-Wild5B_40",0,"2L",18286654,18286654,"2L",21078116,21078116,18286654,21078116,TRUE,2791462,2791462,FALSE,55
"56","A6-Wild5B_55","A6-Wild5B_46",0,"2L",18286654,18286654,"2L",7934109,7934109,18286654,7934109,TRUE,10352545,10352545,FALSE,56
"57","A6-Wild5B_52","A6-Wild5B_48",0,"2L",14887432,14887432,"2L",9564503,9564503,14887432,9564503,TRUE,5322929,5322929,FALSE,57
"58","A6-Wild5B_53","A6-Wild5B_48",0,"2L",15931742,15931742,"2L",9564503,9564503,15931742,9564503,TRUE,6367239,6367239,FALSE,58
"59","A6-Wild5B_51","A6-Wild5B_50",0,"2L",14671836,14671836,"2L",12245969,12245969,14671836,12245969,TRUE,2425867,2425867,FALSE,59
"60","A6-Wild5B_54","A6-Wild5B_50",0,"2L",17088368,17088368,"2L",12245969,12245969,17088368,12245969,TRUE,4842399,4842399,FALSE,60
"61","A6-Wild5B_54","A6-Wild5B_51",0,"2L",17088368,17088368,"2L",14671836,14671836,17088368,14671836,TRUE,2416532,2416532,FALSE,61
"62","A6-Wild5B_53","A6-Wild5B_52",0,"2L",15931742,15931742,"2L",14887432,14887432,15931742,14887432,TRUE,1044310,1044310,FALSE,62
"63","A6-Wild5B_132","A6-Wild5B_129",0,"2R",19053462,19053462,"2R",7479086,7479086,19053462,7479086,TRUE,11574376,11574376,FALSE,63
"64","A6-Wild5B_133","A6-Wild5B_129",0,"2R",19073594,19073594,"2R",7479086,7479086,19073594,7479086,TRUE,11594508,11594508,FALSE,64
"65","A6-Wild5B_133","A6-Wild5B_132",0,"2R",19073594,19073594,"2R",19053462,19053462,19073594,19053462,TRUE,20132,20132,FALSE,65
"66","A6-Wild5B_137","A6-Wild5B_134",0,"2R",5950277,5950277,"2R",19547861,19547861,5950277,19547861,TRUE,13597584,13597584,FALSE,66
"67","A6-Wild5B_142","A6-Wild5B_134",0,"2R",11778230,11778230,"2R",19547861,19547861,11778230,19547861,TRUE,7769631,7769631,FALSE,67
"68","A6-Wild5B_140","A6-Wild5B_135",0,"2R",8301454,8301454,"2R",25105373,25105373,8301454,25105373,TRUE,16803919,16803919,FALSE,68
"69","A6-Wild5B_142","A6-Wild5B_137",0,"2R",11778230,11778230,"2R",5950277,5950277,11778230,5950277,TRUE,5827953,5827953,FALSE,69
"70","A6-Wild5B_3","A6-Wild5B_2",0,"3L",9319648,9319648,"3L",5841802,5841802,9319648,5841802,TRUE,3477846,3477846,FALSE,70
"71","A6-Wild5B_8","A6-Wild5B_2",0,"3L",4001152,4001152,"3L",5841802,5841802,4001152,5841802,TRUE,1840650,1840650,FALSE,71
"72","A6-Wild5B_16","A6-Wild5B_2",0,"3L",17566666,17566666,"3L",5841802,5841802,17566666,5841802,TRUE,11724864,11724864,FALSE,72
"73","A6-Wild5B_8","A6-Wild5B_3",0,"3L",4001152,4001152,"3L",9319648,9319648,4001152,9319648,TRUE,5318496,5318496,FALSE,73
"74","A6-Wild5B_16","A6-Wild5B_3",0,"3L",17566666,17566666,"3L",9319648,9319648,17566666,9319648,TRUE,8247018,8247018,FALSE,74
"75","A6-Wild5B_9","A6-Wild5B_4",0,"3L",4840417,4840417,"3L",12008163,12008163,4840417,12008163,TRUE,7167746,7167746,FALSE,75
"76","A6-Wild5B_15","A6-Wild5B_5",0,"3L",13686395,13686395,"3L",13686794,13686795,13686395,13686794.5,TRUE,399.5,399,FALSE,76
"77","A6-Wild5B_18","A6-Wild5B_7",0,"3L",18063281,18063281,"3L",3081513,3081513,18063281,3081513,TRUE,14981768,14981768,FALSE,77
"78","A6-Wild5B_16","A6-Wild5B_8",0,"3L",17566666,17566666,"3L",4001152,4001152,17566666,4001152,TRUE,13565514,13565514,FALSE,78
"79","A6-Wild5B_19","A6-Wild5B_11",0,"3L",20713459,20713459,"3L",8894574,8894574,20713459,8894574,TRUE,11818885,11818885,FALSE,79
"80","A6-Wild5B_20","A6-Wild5B_11",0,"3L",22204693,22204693,"3L",8894574,8894574,22204693,8894574,TRUE,13310119,13310119,FALSE,80
"81","A6-Wild5B_13","A6-Wild5B_12",0,"3L",10006312,10006312,"3L",9169049,9169049,10006312,9169049,TRUE,837263,837263,FALSE,81
"82","A6-Wild5B_20","A6-Wild5B_19",0,"3L",22204693,22204693,"3L",20713459,20713459,22204693,20713459,TRUE,1491234,1491234,FALSE,82
"83","A6-Wild5B_93","A6-Wild5B_88",0,"3R",20526431,20526431,"3R",2387287,2387287,20526431,2387287,TRUE,18139144,18139144,FALSE,83
"84","A6-Wild5B_104","A6-Wild5B_88",0,"3R",29691953,29691953,"3R",2387287,2387287,29691953,2387287,TRUE,27304666,27304666,FALSE,84
"85","A6-Wild5B_116","A6-Wild5B_88",0,"3R",17900927,17900927,"3R",2387287,2387287,17900927,2387287,TRUE,15513640,15513640,FALSE,85
"86","A6-Wild5B_126","A6-Wild5B_88",0,"3R",30183667,30183667,"3R",2387287,2387287,30183667,2387287,TRUE,27796380,27796380,FALSE,86
"87","A6-Wild5B_94","A6-Wild5B_90",0,"3R",20782843,20782843,"3R",10496725,10496725,20782843,10496725,TRUE,10286118,10286118,FALSE,87
"88","A6-Wild5B_118","A6-Wild5B_90",0,"3R",20778651,20778651,"3R",10496725,10496725,20778651,10496725,TRUE,10281926,10281926,FALSE,88
"89","A6-Wild5B_120","A6-Wild5B_90",0,"3R",22494566,22494566,"3R",10496725,10496725,22494566,10496725,TRUE,11997841,11997841,FALSE,89
"90","A6-Wild5B_97","A6-Wild5B_91",0,"3R",25086787,25086787,"3R",10914458,10914458,25086787,10914458,TRUE,14172329,14172329,FALSE,90
"91","A6-Wild5B_100","A6-Wild5B_91",0,"3R",28106715,28106715,"3R",10914458,10914458,28106715,10914458,TRUE,17192257,17192257,FALSE,91
"92","A6-Wild5B_121","A6-Wild5B_91",0,"3R",23293133,23293133,"3R",10914458,10914458,23293133,10914458,TRUE,12378675,12378675,FALSE,92
"93","A6-Wild5B_104","A6-Wild5B_93",0,"3R",29691953,29691953,"3R",20526431,20526431,29691953,20526431,TRUE,9165522,9165522,FALSE,93
"94","A6-Wild5B_116","A6-Wild5B_93",0,"3R",17900927,17900927,"3R",20526431,20526431,17900927,20526431,TRUE,2625504,2625504,FALSE,94
"95","A6-Wild5B_126","A6-Wild5B_93",0,"3R",30183667,30183667,"3R",20526431,20526431,30183667,20526431,TRUE,9657236,9657236,FALSE,95
"96","A6-Wild5B_118","A6-Wild5B_94",0,"3R",20778651,20778651,"3R",20782843,20782843,20778651,20782843,TRUE,4192,4192,FALSE,96
"97","A6-Wild5B_120","A6-Wild5B_94",0,"3R",22494566,22494566,"3R",20782843,20782843,22494566,20782843,TRUE,1711723,1711723,FALSE,97
"98","A6-Wild5B_111","A6-Wild5B_95",0,"3R",14873309,14873309,"3R",22164432,22164442,14873309,22164437,TRUE,7291128,7291123,FALSE,98
"99","A6-Wild5B_100","A6-Wild5B_97",0,"3R",28106715,28106715,"3R",25086787,25086787,28106715,25086787,TRUE,3019928,3019928,FALSE,99
"100","A6-Wild5B_121","A6-Wild5B_97",0,"3R",23293133,23293133,"3R",25086787,25086787,23293133,25086787,TRUE,1793654,1793654,FALSE,100
"101","A6-Wild5B_109","A6-Wild5B_98",0,"3R",13498897,13498897,"3R",25371229,25371229,13498897,25371229,TRUE,11872332,11872332,FALSE,101
"102","A6-Wild5B_103","A6-Wild5B_99",0,"3R",29470824,29470824,"3R",27859546,27859546,29470824,27859546,TRUE,1611278,1611278,FALSE,102
"103","A6-Wild5B_121","A6-Wild5B_100",0,"3R",23293133,23293133,"3R",28106715,28106715,23293133,28106715,TRUE,4813582,4813582,FALSE,103
"104","A6-Wild5B_102","A6-Wild5B_101",0,"3R",28957954,28957954,"3R",28754073,28754073,28957954,28754073,TRUE,203881,203881,FALSE,104
"105","A6-Wild5B_107","A6-Wild5B_101",0,"3R",10918807,10918807,"3R",28754073,28754073,10918807,28754073,TRUE,17835266,17835266,FALSE,105
"106","A6-Wild5B_112","A6-Wild5B_101",0,"3R",17216226,17216226,"3R",28754073,28754073,17216226,28754073,TRUE,11537847,11537847,FALSE,106
"107","A6-Wild5B_117","A6-Wild5B_101",0,"3R",18699956,18699956,"3R",28754073,28754073,18699956,28754073,TRUE,10054117,10054117,FALSE,107
"108","A6-Wild5B_119","A6-Wild5B_101",0,"3R",21338431,21338431,"3R",28754073,28754073,21338431,28754073,TRUE,7415642,7415642,FALSE,108
"109","A6-Wild5B_124","A6-Wild5B_101",0,"3R",27485330,27485331,"3R",28754073,28754073,27485330.5,28754073,TRUE,1268742.5,1268742,FALSE,109
"110","A6-Wild5B_125","A6-Wild5B_101",0,"3R",27856815,27858239,"3R",28754073,28754073,27857527,28754073,TRUE,896546,895834,FALSE,110
"111","A6-Wild5B_107","A6-Wild5B_102",0,"3R",10918807,10918807,"3R",28957954,28957954,10918807,28957954,TRUE,18039147,18039147,FALSE,111
"112","A6-Wild5B_112","A6-Wild5B_102",0,"3R",17216226,17216226,"3R",28957954,28957954,17216226,28957954,TRUE,11741728,11741728,FALSE,112
"113","A6-Wild5B_117","A6-Wild5B_102",0,"3R",18699956,18699956,"3R",28957954,28957954,18699956,28957954,TRUE,10257998,10257998,FALSE,113
"114","A6-Wild5B_119","A6-Wild5B_102",0,"3R",21338431,21338431,"3R",28957954,28957954,21338431,28957954,TRUE,7619523,7619523,FALSE,114
"115","A6-Wild5B_124","A6-Wild5B_102",0,"3R",27485330,27485331,"3R",28957954,28957954,27485330.5,28957954,TRUE,1472623.5,1472623,FALSE,115
"116","A6-Wild5B_125","A6-Wild5B_102",0,"3R",27856815,27858239,"3R",28957954,28957954,27857527,28957954,TRUE,1100427,1099715,FALSE,116
"117","A6-Wild5B_116","A6-Wild5B_104",0,"3R",17900927,17900927,"3R",29691953,29691953,17900927,29691953,TRUE,11791026,11791026,FALSE,117
"118","A6-Wild5B_126","A6-Wild5B_104",0,"3R",30183667,30183667,"3R",29691953,29691953,30183667,29691953,TRUE,491714,491714,FALSE,118
"119","A6-Wild5B_123","A6-Wild5B_106",0,"3R",25937673,25937673,"3R",6228695,6228695,25937673,6228695,TRUE,19708978,19708978,FALSE,119
"120","A6-Wild5B_112","A6-Wild5B_107",0,"3R",17216226,17216226,"3R",10918807,10918807,17216226,10918807,TRUE,6297419,6297419,FALSE,120
"121","A6-Wild5B_117","A6-Wild5B_107",0,"3R",18699956,18699956,"3R",10918807,10918807,18699956,10918807,TRUE,7781149,7781149,FALSE,121
"122","A6-Wild5B_119","A6-Wild5B_107",0,"3R",21338431,21338431,"3R",10918807,10918807,21338431,10918807,TRUE,10419624,10419624,FALSE,122
"123","A6-Wild5B_124","A6-Wild5B_107",0,"3R",27485330,27485331,"3R",10918807,10918807,27485330.5,10918807,TRUE,16566523.5,16566523,FALSE,123
"124","A6-Wild5B_125","A6-Wild5B_107",0,"3R",27856815,27858239,"3R",10918807,10918807,27857527,10918807,TRUE,16938720,16938008,FALSE,124
"125","A6-Wild5B_117","A6-Wild5B_112",0,"3R",18699956,18699956,"3R",17216226,17216226,18699956,17216226,TRUE,1483730,1483730,FALSE,125
"126","A6-Wild5B_119","A6-Wild5B_112",0,"3R",21338431,21338431,"3R",17216226,17216226,21338431,17216226,TRUE,4122205,4122205,FALSE,126
"127","A6-Wild5B_124","A6-Wild5B_112",0,"3R",27485330,27485331,"3R",17216226,17216226,27485330.5,17216226,TRUE,10269104.5,10269104,FALSE,127
"128","A6-Wild5B_125","A6-Wild5B_112",0,"3R",27856815,27858239,"3R",17216226,17216226,27857527,17216226,TRUE,10641301,10640589,FALSE,128
"129","A6-Wild5B_115","A6-Wild5B_114",0,"3R",17494003,17494003,"3R",17271847,17271847,17494003,17271847,TRUE,222156,222156,FALSE,129
"130","A6-Wild5B_126","A6-Wild5B_116",0,"3R",30183667,30183667,"3R",17900927,17900927,30183667,17900927,TRUE,12282740,12282740,FALSE,130
"131","A6-Wild5B_119","A6-Wild5B_117",0,"3R",21338431,21338431,"3R",18699956,18699956,21338431,18699956,TRUE,2638475,2638475,FALSE,131
"132","A6-Wild5B_124","A6-Wild5B_117",0,"3R",27485330,27485331,"3R",18699956,18699956,27485330.5,18699956,TRUE,8785374.5,8785374,FALSE,132
"133","A6-Wild5B_125","A6-Wild5B_117",0,"3R",27856815,27858239,"3R",18699956,18699956,27857527,18699956,TRUE,9157571,9156859,FALSE,133
"134","A6-Wild5B_120","A6-Wild5B_118",0,"3R",22494566,22494566,"3R",20778651,20778651,22494566,20778651,TRUE,1715915,1715915,FALSE,134
"135","A6-Wild5B_124","A6-Wild5B_119",0,"3R",27485330,27485331,"3R",21338431,21338431,27485330.5,21338431,TRUE,6146899.5,6146899,FALSE,135
"136","A6-Wild5B_125","A6-Wild5B_119",0,"3R",27856815,27858239,"3R",21338431,21338431,27857527,21338431,TRUE,6519096,6518384,FALSE,136
"137","A6-Wild5B_125","A6-Wild5B_124",0,"3R",27856815,27858239,"3R",27485330,27485331,27857527,27485330.5,TRUE,372196.5,371484,FALSE,137
"138","A6-Wild5B_60","A6-Wild5B_58",0,"X",5232063,5232063,"X",3311241,3311241,5232063,3311241,TRUE,1920822,1920822,FALSE,138
"139","A6-Wild5B_68","A6-Wild5B_58",0,"X",13703301,13703301,"X",3311241,3311241,13703301,3311241,TRUE,10392060,10392060,FALSE,139
"140","A6-Wild5B_74","A6-Wild5B_58",0,"X",6466846,6466846,"X",3311241,3311241,6466846,3311241,TRUE,3155605,3155605,FALSE,140
"141","A6-Wild5B_63","A6-Wild5B_59",0,"X",9440961,9440963,"X",5113101,5113105,9440962,5113103,TRUE,4327859,4327856,FALSE,141
"142","A6-Wild5B_68","A6-Wild5B_60",0,"X",13703301,13703301,"X",5232063,5232063,13703301,5232063,TRUE,8471238,8471238,FALSE,142
"143","A6-Wild5B_74","A6-Wild5B_60",0,"X",6466846,6466846,"X",5232063,5232063,6466846,5232063,TRUE,1234783,1234783,FALSE,143
"144","A6-Wild5B_83","A6-Wild5B_62",0,"X",14990159,14990159,"X",8035110,8035112,14990159,8035111,TRUE,6955048,6955047,FALSE,144
"145","A6-Wild5B_82","A6-Wild5B_64",0,"X",12348619,12348619,"X",10644563,10644563,12348619,10644563,TRUE,1704056,1704056,FALSE,145
"146","A6-Wild5B_76","A6-Wild5B_67",0,"X",6944927,6944927,"X",13431448,13431448,6944927,13431448,TRUE,6486521,6486521,FALSE,146
"147","A6-Wild5B_74","A6-Wild5B_68",0,"X",6466846,6466846,"X",13703301,13703301,6466846,13703301,TRUE,7236455,7236455,FALSE,147
"148","A6-Wild5B_71","A6-Wild5B_70",0,"X",4490761,4490761,"X",17275315,17275315,4490761,17275315,TRUE,12784554,12784554,FALSE,148
"149","A6-Wild5B_75","A6-Wild5B_70",0,"X",6802665,6802665,"X",17275315,17275315,6802665,17275315,TRUE,10472650,10472650,FALSE,149
"150","A6-Wild5B_79","A6-Wild5B_70",0,"X",11176209,11176209,"X",17275315,17275315,11176209,17275315,TRUE,6099106,6099106,FALSE,150
"151","A6-Wild5B_86","A6-Wild5B_70",0,"X",19817401,19817401,"X",17275315,17275315,19817401,17275315,TRUE,2542086,2542086,FALSE,151
"152","A6-Wild5B_75","A6-Wild5B_71",0,"X",6802665,6802665,"X",4490761,4490761,6802665,4490761,TRUE,2311904,2311904,FALSE,152
"153","A6-Wild5B_79","A6-Wild5B_71",0,"X",11176209,11176209,"X",4490761,4490761,11176209,4490761,TRUE,6685448,6685448,FALSE,153
"154","A6-Wild5B_86","A6-Wild5B_71",0,"X",19817401,19817401,"X",4490761,4490761,19817401,4490761,TRUE,15326640,15326640,FALSE,154
"155","A6-Wild5B_84","A6-Wild5B_72",0,"X",16102969,16102969,"X",6040556,6040556,16102969,6040556,TRUE,10062413,10062413,FALSE,155
"156","A6-Wild5B_84","A6-Wild5B_73",0,"X",16102969,16102969,"X",6040556,6040556,16102969,6040556,TRUE,10062413,10062413,FALSE,156
"157","A6-Wild5B_79","A6-Wild5B_75",0,"X",11176209,11176209,"X",6802665,6802665,11176209,6802665,TRUE,4373544,4373544,FALSE,157
"158","A6-Wild5B_86","A6-Wild5B_75",0,"X",19817401,19817401,"X",6802665,6802665,19817401,6802665,TRUE,13014736,13014736,FALSE,158
"159","A6-Wild5B_86","A6-Wild5B_79",0,"X",19817401,19817401,"X",11176209,11176209,19817401,11176209,TRUE,8641192,8641192,FALSE,159
"160","A6-Wild5B_62","A6-Wild5B_59",0.000697350182774833,"X",8035110,8035112,"X",5113101,5113105,8035111,5113103,TRUE,2922008,2922005,FALSE,160
"161","A6-Wild5B_83","A6-Wild5B_59",0.000697350182774833,"X",14990159,14990159,"X",5113101,5113105,14990159,5113103,TRUE,9877056,9877054,FALSE,161
"162","A6-Wild5B_33","A6-Wild5B_30",0.000697836819487346,"2L",17080016,17080016,"2L",13575158,13575158,17080016,13575158,TRUE,3504858,3504858,FALSE,162
"163","A6-Wild5B_63","A6-Wild5B_62",0.000697836819487346,"X",9440961,9440963,"X",8035110,8035112,9440962,8035111,TRUE,1405851,1405849,FALSE,163
"164","A6-Wild5B_83","A6-Wild5B_63",0.000697836819487346,"X",14990159,14990159,"X",9440961,9440963,14990159,9440962,TRUE,5549197,5549196,FALSE,164
"165","A6-Wild5B_143","A6-Wild5B_135",0.00139421474619652,"2R",14518122,14518122,"2R",25105373,25105373,14518122,25105373,TRUE,10587251,10587251,FALSE,165
"166","A6-Wild5B_143","A6-Wild5B_140",0.00139421474619652,"2R",14518122,14518122,"2R",8301454,8301454,14518122,8301454,TRUE,6216668,6216668,FALSE,166
"167","A6-Wild5B_13","A6-Wild5B_5",0.00139421474619652,"3L",10006312,10006312,"3L",13686794,13686795,10006312,13686794.5,TRUE,3680482.5,3680482,FALSE,167
"168","A6-Wild5B_106","A6-Wild5B_104",0.00139421474619652,"3R",6228695,6228695,"3R",29691953,29691953,6228695,29691953,TRUE,23463258,23463258,FALSE,168
"169","A6-Wild5B_126","A6-Wild5B_106",0.00139421474619652,"3R",30183667,30183667,"3R",6228695,6228695,30183667,6228695,TRUE,23954972,23954972,FALSE,169
"170","A6-Wild5B_44","A6-Wild5B_30",0.0013950654279527,"2L",6115657,6115657,"2L",13575158,13575158,6115657,13575158,TRUE,7459501,7459501,FALSE,170
"171","A6-Wild5B_67","A6-Wild5B_59",0.0013950654279527,"X",13431448,13431448,"X",5113101,5113105,13431448,5113103,TRUE,8318345,8318343,FALSE,171
"172","A6-Wild5B_76","A6-Wild5B_59",0.0013950654279527,"X",6944927,6944927,"X",5113101,5113105,6944927,5113103,TRUE,1831824,1831822,FALSE,172
"173","A6-Wild5B_12","A6-Wild5B_5",0.00139518734209245,"3L",9169049,9169049,"3L",13686794,13686795,9169049,13686794.5,TRUE,4517745.5,4517745,FALSE,173
"174","A6-Wild5B_15","A6-Wild5B_13",0.00139518734209245,"3L",13686395,13686395,"3L",10006312,10006312,13686395,10006312,TRUE,3680083,3680083,FALSE,174
"175","A6-Wild5B_106","A6-Wild5B_88",0.00139518734209245,"3R",6228695,6228695,"3R",2387287,2387287,6228695,2387287,TRUE,3841408,3841408,FALSE,175
"176","A6-Wild5B_106","A6-Wild5B_93",0.00139518734209245,"3R",6228695,6228695,"3R",20526431,20526431,6228695,20526431,TRUE,14297736,14297736,FALSE,176
"177","A6-Wild5B_123","A6-Wild5B_104",0.00139518734209245,"3R",25937673,25937673,"3R",29691953,29691953,25937673,29691953,TRUE,3754280,3754280,FALSE,177
"178","A6-Wild5B_116","A6-Wild5B_106",0.00139518734209245,"3R",17900927,17900927,"3R",6228695,6228695,17900927,6228695,TRUE,11672232,11672232,FALSE,178
"179","A6-Wild5B_126","A6-Wild5B_123",0.00139518734209245,"3R",30183667,30183667,"3R",25937673,25937673,30183667,25937673,TRUE,4245994,4245994,FALSE,179
"180","A6-Wild5B_67","A6-Wild5B_63",0.00139603921130103,"X",13431448,13431448,"X",9440961,9440963,13431448,9440962,TRUE,3990486,3990485,FALSE,180
"181","A6-Wild5B_76","A6-Wild5B_63",0.00139603921130103,"X",6944927,6944927,"X",9440961,9440963,6944927,9440962,TRUE,2496035,2496034,FALSE,181
"182","A6-Wild5B_15","A6-Wild5B_12",0.00139616129589051,"3L",13686395,13686395,"3L",9169049,9169049,13686395,9169049,TRUE,4517346,4517346,FALSE,182
"183","A6-Wild5B_123","A6-Wild5B_88",0.00139616129589051,"3R",25937673,25937673,"3R",2387287,2387287,25937673,2387287,TRUE,23550386,23550386,FALSE,183
"184","A6-Wild5B_123","A6-Wild5B_93",0.00139616129589051,"3R",25937673,25937673,"3R",20526431,20526431,25937673,20526431,TRUE,5411242,5411242,FALSE,184
"185","A6-Wild5B_123","A6-Wild5B_116",0.00139616129589051,"3R",25937673,25937673,"3R",17900927,17900927,25937673,17900927,TRUE,8036746,8036746,FALSE,185
"186","A6-Wild5B_102","A6-Wild5B_89",0.0013976249491522,"3R",28957954,28957954,"3R",4759777,4761207,28957954,4760492,TRUE,24197462,24196747,FALSE,186
"187","A6-Wild5B_125","A6-Wild5B_89",0.0013976249491522,"3R",27856815,27858239,"3R",4759777,4761207,27857527,4760492,TRUE,23097035,23095608,FALSE,187
"188","A6-Wild5B_107","A6-Wild5B_89",0.00139860231053063,"3R",10918807,10918807,"3R",4759777,4761207,10918807,4760492,TRUE,6158315,6157600,FALSE,188
"189","A6-Wild5B_112","A6-Wild5B_89",0.00139860231053063,"3R",17216226,17216226,"3R",4759777,4761207,17216226,4760492,TRUE,12455734,12455019,FALSE,189
"190","A6-Wild5B_119","A6-Wild5B_89",0.00139860231053063,"3R",21338431,21338431,"3R",4759777,4761207,21338431,4760492,TRUE,16577939,16577224,FALSE,190
"191","A6-Wild5B_124","A6-Wild5B_89",0.00139860231053063,"3R",27485330,27485331,"3R",4759777,4761207,27485330.5,4760492,TRUE,22724838.5,22724123,FALSE,191
"192","A6-Wild5B_101","A6-Wild5B_89",0.00139958103980723,"3R",28754073,28754073,"3R",4759777,4761207,28754073,4760492,TRUE,23993581,23992866,FALSE,192
"193","A6-Wild5B_117","A6-Wild5B_89",0.00139958103980723,"3R",18699956,18699956,"3R",4759777,4761207,18699956,4760492,TRUE,13939464,13938749,FALSE,193
"194","A6-Wild5B_122","A6-Wild5B_91",0.00209387756127167,"3R",25184558,25184558,"3R",10914458,10914458,25184558,10914458,TRUE,14270100,14270100,FALSE,194
"195","A6-Wild5B_122","A6-Wild5B_97",0.00209387756127167,"3R",25184558,25184558,"3R",25086787,25086787,25184558,25086787,TRUE,97771,97771,FALSE,195
"196","A6-Wild5B_122","A6-Wild5B_100",0.00209387756127167,"3R",25184558,25184558,"3R",28106715,28106715,25184558,28106715,TRUE,2922157,2922157,FALSE,196
"197","A6-Wild5B_122","A6-Wild5B_121",0.00209387756127167,"3R",25184558,25184558,"3R",23293133,23293133,25184558,23293133,TRUE,1891425,1891425,FALSE,197
"198","A6-Wild5B_67","A6-Wild5B_62",0.00209387756127167,"X",13431448,13431448,"X",8035110,8035112,13431448,8035111,TRUE,5396337,5396336,FALSE,198
"199","A6-Wild5B_76","A6-Wild5B_62",0.00209387756127167,"X",6944927,6944927,"X",8035110,8035112,6944927,8035111,TRUE,1090184,1090183,FALSE,199
"200","A6-Wild5B_83","A6-Wild5B_67",0.00209387756127167,"X",14990159,14990159,"X",13431448,13431448,14990159,13431448,TRUE,1558711,1558711,FALSE,200
"201","A6-Wild5B_83","A6-Wild5B_76",0.00209387756127167,"X",14990159,14990159,"X",6944927,6944927,14990159,6944927,TRUE,8045232,8045232,FALSE,201
"202","A6-Wild5B_145","A6-Wild5B_144",0.0020953400245928,"2R",19518677,19518677,"2R",15722342,15722427,19518677,15722384.5,TRUE,3796292.5,3796250,FALSE,202
"203","A6-Wild5B_44","A6-Wild5B_33",0.00209680453225128,"2L",6115657,6115657,"2L",17080016,17080016,6115657,17080016,TRUE,10964359,10964359,FALSE,203
"204","A6-Wild5B_104","A6-Wild5B_97",0.00279135272094921,"3R",29691953,29691953,"3R",25086787,25086787,29691953,25086787,TRUE,4605166,4605166,FALSE,204
"205","A6-Wild5B_106","A6-Wild5B_97",0.00279135272094921,"3R",6228695,6228695,"3R",25086787,25086787,6228695,25086787,TRUE,18858092,18858092,FALSE,205
"206","A6-Wild5B_126","A6-Wild5B_97",0.00279135272094921,"3R",30183667,30183667,"3R",25086787,25086787,30183667,25086787,TRUE,5096880,5096880,FALSE,206
"207","A6-Wild5B_44","A6-Wild5B_24",0.00279330199785653,"2L",6115657,6115657,"2L",6587078,6587081,6115657,6587079.5,TRUE,471422.5,471421,FALSE,207
"208","A6-Wild5B_44","A6-Wild5B_32",0.00279330199785653,"2L",6115657,6115657,"2L",15142559,15142559,6115657,15142559,TRUE,9026902,9026902,FALSE,208
"209","A6-Wild5B_44","A6-Wild5B_37",0.00279330199785653,"2L",6115657,6115657,"2L",19890229,19890229,6115657,19890229,TRUE,13774572,13774572,FALSE,209
"210","A6-Wild5B_48","A6-Wild5B_44",0.00279330199785653,"2L",9564503,9564503,"2L",6115657,6115657,9564503,6115657,TRUE,3448846,3448846,FALSE,210
"211","A6-Wild5B_52","A6-Wild5B_44",0.00279330199785653,"2L",14887432,14887432,"2L",6115657,6115657,14887432,6115657,TRUE,8771775,8771775,FALSE,211
"212","A6-Wild5B_53","A6-Wild5B_44",0.00279330199785653,"2L",15931742,15931742,"2L",6115657,6115657,15931742,6115657,TRUE,9816085,9816085,FALSE,212
"213","A6-Wild5B_5","A6-Wild5B_1",0.00279330199785653,"3L",13686794,13686795,"3L",5280021,5280021,13686794.5,5280021,TRUE,8406773.5,8406773,FALSE,213
"214","A6-Wild5B_12","A6-Wild5B_1",0.00279330199785653,"3L",9169049,9169049,"3L",5280021,5280021,9169049,5280021,TRUE,3889028,3889028,FALSE,214
"215","A6-Wild5B_13","A6-Wild5B_1",0.00279330199785653,"3L",10006312,10006312,"3L",5280021,5280021,10006312,5280021,TRUE,4726291,4726291,FALSE,215
"216","A6-Wild5B_91","A6-Wild5B_88",0.00279330199785653,"3R",10914458,10914458,"3R",2387287,2387287,10914458,2387287,TRUE,8527171,8527171,FALSE,216
"217","A6-Wild5B_97","A6-Wild5B_88",0.00279330199785653,"3R",25086787,25086787,"3R",2387287,2387287,25086787,2387287,TRUE,22699500,22699500,FALSE,217
"218","A6-Wild5B_100","A6-Wild5B_88",0.00279330199785653,"3R",28106715,28106715,"3R",2387287,2387287,28106715,2387287,TRUE,25719428,25719428,FALSE,218
"219","A6-Wild5B_121","A6-Wild5B_88",0.00279330199785653,"3R",23293133,23293133,"3R",2387287,2387287,23293133,2387287,TRUE,20905846,20905846,FALSE,219
"220","A6-Wild5B_104","A6-Wild5B_91",0.00279330199785653,"3R",29691953,29691953,"3R",10914458,10914458,29691953,10914458,TRUE,18777495,18777495,FALSE,220
"221","A6-Wild5B_106","A6-Wild5B_91",0.00279330199785653,"3R",6228695,6228695,"3R",10914458,10914458,6228695,10914458,TRUE,4685763,4685763,FALSE,221
"222","A6-Wild5B_116","A6-Wild5B_91",0.00279330199785653,"3R",17900927,17900927,"3R",10914458,10914458,17900927,10914458,TRUE,6986469,6986469,FALSE,222
"223","A6-Wild5B_126","A6-Wild5B_91",0.00279330199785653,"3R",30183667,30183667,"3R",10914458,10914458,30183667,10914458,TRUE,19269209,19269209,FALSE,223
"224","A6-Wild5B_97","A6-Wild5B_93",0.00279330199785653,"3R",25086787,25086787,"3R",20526431,20526431,25086787,20526431,TRUE,4560356,4560356,FALSE,224
"225","A6-Wild5B_116","A6-Wild5B_97",0.00279330199785653,"3R",17900927,17900927,"3R",25086787,25086787,17900927,25086787,TRUE,7185860,7185860,FALSE,225
"226","A6-Wild5B_123","A6-Wild5B_97",0.00279330199785653,"3R",25937673,25937673,"3R",25086787,25086787,25937673,25086787,TRUE,850886,850886,FALSE,226
"227","A6-Wild5B_104","A6-Wild5B_100",0.00279330199785653,"3R",29691953,29691953,"3R",28106715,28106715,29691953,28106715,TRUE,1585238,1585238,FALSE,227
"228","A6-Wild5B_106","A6-Wild5B_100",0.00279330199785653,"3R",6228695,6228695,"3R",28106715,28106715,6228695,28106715,TRUE,21878020,21878020,FALSE,228
"229","A6-Wild5B_116","A6-Wild5B_100",0.00279330199785653,"3R",17900927,17900927,"3R",28106715,28106715,17900927,28106715,TRUE,10205788,10205788,FALSE,229
"230","A6-Wild5B_126","A6-Wild5B_100",0.00279330199785653,"3R",30183667,30183667,"3R",28106715,28106715,30183667,28106715,TRUE,2076952,2076952,FALSE,230
"231","A6-Wild5B_121","A6-Wild5B_104",0.00279330199785653,"3R",23293133,23293133,"3R",29691953,29691953,23293133,29691953,TRUE,6398820,6398820,FALSE,231
"232","A6-Wild5B_121","A6-Wild5B_106",0.00279330199785653,"3R",23293133,23293133,"3R",6228695,6228695,23293133,6228695,TRUE,17064438,17064438,FALSE,232
"233","A6-Wild5B_121","A6-Wild5B_116",0.00279330199785653,"3R",23293133,23293133,"3R",17900927,17900927,23293133,17900927,TRUE,5392206,5392206,FALSE,233
"234","A6-Wild5B_126","A6-Wild5B_121",0.00279330199785653,"3R",30183667,30183667,"3R",23293133,23293133,30183667,23293133,TRUE,6890534,6890534,FALSE,234
"235","A6-Wild5B_78","A6-Wild5B_67",0.00279330199785653,"X",7978988,7978988,"X",13431448,13431448,7978988,13431448,TRUE,5452460,5452460,FALSE,235
"236","A6-Wild5B_78","A6-Wild5B_76",0.00279330199785653,"X",7978988,7978988,"X",6944927,6944927,7978988,6944927,TRUE,1034061,1034061,FALSE,236
"237","A6-Wild5B_44","A6-Wild5B_26",0.00279525399913747,"2L",6115657,6115657,"2L",10933389,10933389,6115657,10933389,TRUE,4817732,4817732,FALSE,237
"238","A6-Wild5B_44","A6-Wild5B_29",0.00279525399913747,"2L",6115657,6115657,"2L",12325056,12325056,6115657,12325056,TRUE,6209399,6209399,FALSE,238
"239","A6-Wild5B_145","A6-Wild5B_135",0.00279525399913747,"2R",19518677,19518677,"2R",25105373,25105373,19518677,25105373,TRUE,5586696,5586696,FALSE,239
"240","A6-Wild5B_145","A6-Wild5B_140",0.00279525399913747,"2R",19518677,19518677,"2R",8301454,8301454,19518677,8301454,TRUE,11217223,11217223,FALSE,240
"241","A6-Wild5B_145","A6-Wild5B_143",0.00279525399913747,"2R",19518677,19518677,"2R",14518122,14518122,19518677,14518122,TRUE,5000555,5000555,FALSE,241
"242","A6-Wild5B_15","A6-Wild5B_1",0.00279525399913747,"3L",13686395,13686395,"3L",5280021,5280021,13686395,5280021,TRUE,8406374,8406374,FALSE,242
"243","A6-Wild5B_93","A6-Wild5B_91",0.00279525399913747,"3R",20526431,20526431,"3R",10914458,10914458,20526431,10914458,TRUE,9611973,9611973,FALSE,243
"244","A6-Wild5B_123","A6-Wild5B_91",0.00279525399913747,"3R",25937673,25937673,"3R",10914458,10914458,25937673,10914458,TRUE,15023215,15023215,FALSE,244
"245","A6-Wild5B_100","A6-Wild5B_93",0.00279525399913747,"3R",28106715,28106715,"3R",20526431,20526431,28106715,20526431,TRUE,7580284,7580284,FALSE,245
"246","A6-Wild5B_121","A6-Wild5B_93",0.00279525399913747,"3R",23293133,23293133,"3R",20526431,20526431,23293133,20526431,TRUE,2766702,2766702,FALSE,246
"247","A6-Wild5B_123","A6-Wild5B_100",0.00279525399913747,"3R",25937673,25937673,"3R",28106715,28106715,25937673,28106715,TRUE,2169042,2169042,FALSE,247
"248","A6-Wild5B_123","A6-Wild5B_121",0.00279525399913747,"3R",25937673,25937673,"3R",23293133,23293133,25937673,23293133,TRUE,2644540,2644540,FALSE,248
"249","A6-Wild5B_44","A6-Wild5B_27",0.0027972087305074,"2L",6115657,6115657,"2L",11155310,11155311,6115657,11155310.5,TRUE,5039653.5,5039653,FALSE,249
"250","A6-Wild5B_113","A6-Wild5B_94",0.00279855165846474,"3R",17243575,17243575,"3R",20782843,20782843,17243575,20782843,TRUE,3539268,3539268,FALSE,250
"251","A6-Wild5B_120","A6-Wild5B_113",0.00279855165846474,"3R",22494566,22494566,"3R",17243575,17243575,22494566,17243575,TRUE,5250991,5250991,FALSE,251
"252","A6-Wild5B_64","A6-Wild5B_57",0.00279855165846474,"X",10644563,10644563,"X",996839,996839,10644563,996839,TRUE,9647724,9647724,FALSE,252
"253","A6-Wild5B_82","A6-Wild5B_57",0.00279855165846474,"X",12348619,12348619,"X",996839,996839,12348619,996839,TRUE,11351780,11351780,FALSE,253
"254","A6-Wild5B_65","A6-Wild5B_64",0.00279855165846474,"X",11427328,11427328,"X",10644563,10644563,11427328,10644563,TRUE,782765,782765,FALSE,254
"255","A6-Wild5B_82","A6-Wild5B_65",0.00279855165846474,"X",12348619,12348619,"X",11427328,11427328,12348619,11427328,TRUE,921291,921291,FALSE,255
"256","A6-Wild5B_35","A6-Wild5B_23",0.00280051100452982,"2L",18025740,18025740,"2L",2003771,2003771,18025740,2003771,TRUE,16021969,16021969,FALSE,256
"257","A6-Wild5B_43","A6-Wild5B_23",0.00280051100452982,"2L",3773642,3773642,"2L",2003771,2003771,3773642,2003771,TRUE,1769871,1769871,FALSE,257
"258","A6-Wild5B_55","A6-Wild5B_35",0.00280051100452982,"2L",18286654,18286654,"2L",18025740,18025740,18286654,18025740,TRUE,260914,260914,FALSE,258
"259","A6-Wild5B_55","A6-Wild5B_43",0.00280051100452982,"2L",18286654,18286654,"2L",3773642,3773642,18286654,3773642,TRUE,14513012,14513012,FALSE,259
"260","A6-Wild5B_11","A6-Wild5B_2",0.00280051100452982,"3L",8894574,8894574,"3L",5841802,5841802,8894574,5841802,TRUE,3052772,3052772,FALSE,260
"261","A6-Wild5B_19","A6-Wild5B_2",0.00280051100452982,"3L",20713459,20713459,"3L",5841802,5841802,20713459,5841802,TRUE,14871657,14871657,FALSE,261
"262","A6-Wild5B_20","A6-Wild5B_2",0.00280051100452982,"3L",22204693,22204693,"3L",5841802,5841802,22204693,5841802,TRUE,16362891,16362891,FALSE,262
"263","A6-Wild5B_11","A6-Wild5B_8",0.00280051100452982,"3L",8894574,8894574,"3L",4001152,4001152,8894574,4001152,TRUE,4893422,4893422,FALSE,263
"264","A6-Wild5B_19","A6-Wild5B_8",0.00280051100452982,"3L",20713459,20713459,"3L",4001152,4001152,20713459,4001152,TRUE,16712307,16712307,FALSE,264
"265","A6-Wild5B_20","A6-Wild5B_8",0.00280051100452982,"3L",22204693,22204693,"3L",4001152,4001152,22204693,4001152,TRUE,18203541,18203541,FALSE,265
"266","A6-Wild5B_16","A6-Wild5B_11",0.00280051100452982,"3L",17566666,17566666,"3L",8894574,8894574,17566666,8894574,TRUE,8672092,8672092,FALSE,266
"267","A6-Wild5B_19","A6-Wild5B_16",0.00280051100452982,"3L",20713459,20713459,"3L",17566666,17566666,20713459,17566666,TRUE,3146793,3146793,FALSE,267
"268","A6-Wild5B_20","A6-Wild5B_16",0.00280051100452982,"3L",22204693,22204693,"3L",17566666,17566666,22204693,17566666,TRUE,4638027,4638027,FALSE,268
"269","A6-Wild5B_118","A6-Wild5B_113",0.00280051100452982,"3R",20778651,20778651,"3R",17243575,17243575,20778651,17243575,TRUE,3535076,3535076,FALSE,269
"270","A6-Wild5B_40","A6-Wild5B_35",0.00280247309610902,"2L",21078116,21078116,"2L",18025740,18025740,21078116,18025740,TRUE,3052376,3052376,FALSE,270
"271","A6-Wild5B_46","A6-Wild5B_35",0.00280247309610902,"2L",7934109,7934109,"2L",18025740,18025740,7934109,18025740,TRUE,10091631,10091631,FALSE,271
"272","A6-Wild5B_43","A6-Wild5B_40",0.00280247309610902,"2L",3773642,3773642,"2L",21078116,21078116,3773642,21078116,TRUE,17304474,17304474,FALSE,272
"273","A6-Wild5B_46","A6-Wild5B_43",0.00280247309610902,"2L",7934109,7934109,"2L",3773642,3773642,7934109,3773642,TRUE,4160467,4160467,FALSE,273
"274","A6-Wild5B_113","A6-Wild5B_90",0.00280247309610902,"3R",17243575,17243575,"3R",10496725,10496725,17243575,10496725,TRUE,6746850,6746850,FALSE,274
"275","A6-Wild5B_11","A6-Wild5B_3",0.00280443793897696,"3L",8894574,8894574,"3L",9319648,9319648,8894574,9319648,TRUE,425074,425074,FALSE,275
"276","A6-Wild5B_19","A6-Wild5B_3",0.00280443793897696,"3L",20713459,20713459,"3L",9319648,9319648,20713459,9319648,TRUE,11393811,11393811,FALSE,276
"277","A6-Wild5B_20","A6-Wild5B_3",0.00280443793897696,"3L",22204693,22204693,"3L",9319648,9319648,22204693,9319648,TRUE,12885045,12885045,FALSE,277
"278","A6-Wild5B_91","A6-Wild5B_87",0.00285307334314067,"3R",10914458,10914458,"3R",1331799,1331799,10914458,1331799,TRUE,9582659,9582659,FALSE,278
"279","A6-Wild5B_97","A6-Wild5B_87",0.00285307334314067,"3R",25086787,25086787,"3R",1331799,1331799,25086787,1331799,TRUE,23754988,23754988,FALSE,279
"280","A6-Wild5B_100","A6-Wild5B_87",0.00285307334314067,"3R",28106715,28106715,"3R",1331799,1331799,28106715,1331799,TRUE,26774916,26774916,FALSE,280
"281","A6-Wild5B_121","A6-Wild5B_87",0.00285307334314067,"3R",23293133,23293133,"3R",1331799,1331799,23293133,1331799,TRUE,21961334,21961334,FALSE,281
"282","A6-Wild5B_30","A6-Wild5B_24",0.00419032299763307,"2L",13575158,13575158,"2L",6587078,6587081,13575158,6587079.5,TRUE,6988078.5,6988077,FALSE,282
"283","A6-Wild5B_32","A6-Wild5B_30",0.00419032299763307,"2L",15142559,15142559,"2L",13575158,13575158,15142559,13575158,TRUE,1567401,1567401,FALSE,283
"284","A6-Wild5B_37","A6-Wild5B_30",0.00419032299763307,"2L",19890229,19890229,"2L",13575158,13575158,19890229,13575158,TRUE,6315071,6315071,FALSE,284
"285","A6-Wild5B_48","A6-Wild5B_30",0.00419032299763307,"2L",9564503,9564503,"2L",13575158,13575158,9564503,13575158,TRUE,4010655,4010655,FALSE,285
"286","A6-Wild5B_52","A6-Wild5B_30",0.00419032299763307,"2L",14887432,14887432,"2L",13575158,13575158,14887432,13575158,TRUE,1312274,1312274,FALSE,286
"287","A6-Wild5B_53","A6-Wild5B_30",0.00419032299763307,"2L",15931742,15931742,"2L",13575158,13575158,15931742,13575158,TRUE,2356584,2356584,FALSE,287
"288","A6-Wild5B_78","A6-Wild5B_59",0.00419032299763307,"X",7978988,7978988,"X",5113101,5113105,7978988,5113103,TRUE,2865885,2865883,FALSE,288
"289","A6-Wild5B_30","A6-Wild5B_26",0.00419325151983856,"2L",13575158,13575158,"2L",10933389,10933389,13575158,10933389,TRUE,2641769,2641769,FALSE,289
"290","A6-Wild5B_30","A6-Wild5B_29",0.00419325151983856,"2L",13575158,13575158,"2L",12325056,12325056,13575158,12325056,TRUE,1250102,1250102,FALSE,290
"291","A6-Wild5B_78","A6-Wild5B_63",0.00419325151983856,"X",7978988,7978988,"X",9440961,9440963,7978988,9440962,TRUE,1461974,1461973,FALSE,291
"292","A6-Wild5B_30","A6-Wild5B_27",0.00419618413827574,"2L",13575158,13575158,"2L",11155310,11155311,13575158,11155310.5,TRUE,2419847.5,2419847,FALSE,292
"293","A6-Wild5B_65","A6-Wild5B_57",0.00420169166150245,"X",11427328,11427328,"X",996839,996839,11427328,996839,TRUE,10430489,10430489,FALSE,293
"294","A6-Wild5B_141","A6-Wild5B_128",0.00420795539893417,"2R",9243894,9243894,"2R",2309839,2311271,9243894,2310555,TRUE,6933339,6932623,FALSE,294
"295","A6-Wild5B_88","A6-Wild5B_87",0.00428420554819256,"3R",2387287,2387287,"3R",1331799,1331799,2387287,1331799,TRUE,1055488,1055488,FALSE,295
"296","A6-Wild5B_104","A6-Wild5B_87",0.00428420554819256,"3R",29691953,29691953,"3R",1331799,1331799,29691953,1331799,TRUE,28360154,28360154,FALSE,296
"297","A6-Wild5B_106","A6-Wild5B_87",0.00428420554819256,"3R",6228695,6228695,"3R",1331799,1331799,6228695,1331799,TRUE,4896896,4896896,FALSE,297
"298","A6-Wild5B_116","A6-Wild5B_87",0.00428420554819256,"3R",17900927,17900927,"3R",1331799,1331799,17900927,1331799,TRUE,16569128,16569128,FALSE,298
"299","A6-Wild5B_126","A6-Wild5B_87",0.00428420554819256,"3R",30183667,30183667,"3R",1331799,1331799,30183667,1331799,TRUE,28851868,28851868,FALSE,299
"300","A6-Wild5B_93","A6-Wild5B_87",0.00428726681884829,"3R",20526431,20526431,"3R",1331799,1331799,20526431,1331799,TRUE,19194632,19194632,FALSE,300
"301","A6-Wild5B_123","A6-Wild5B_87",0.00428726681884829,"3R",25937673,25937673,"3R",1331799,1331799,25937673,1331799,TRUE,24605874,24605874,FALSE,301
"302","A6-Wild5B_144","A6-Wild5B_135",0.00489060322414855,"2R",15722342,15722427,"2R",25105373,25105373,15722384.5,25105373,TRUE,9382988.5,9382946,FALSE,302
"303","A6-Wild5B_144","A6-Wild5B_140",0.00489060322414855,"2R",15722342,15722427,"2R",8301454,8301454,15722384.5,8301454,TRUE,7420930.5,7420888,FALSE,303
"304","A6-Wild5B_144","A6-Wild5B_143",0.00489060322414855,"2R",15722342,15722427,"2R",14518122,14518122,15722384.5,14518122,TRUE,1204262.5,1204220,FALSE,304
"305","A6-Wild5B_122","A6-Wild5B_88",0.00489402248248274,"3R",25184558,25184558,"3R",2387287,2387287,25184558,2387287,TRUE,22797271,22797271,FALSE,305
"306","A6-Wild5B_122","A6-Wild5B_104",0.00489402248248274,"3R",25184558,25184558,"3R",29691953,29691953,25184558,29691953,TRUE,4507395,4507395,FALSE,306
"307","A6-Wild5B_122","A6-Wild5B_106",0.00489402248248274,"3R",25184558,25184558,"3R",6228695,6228695,25184558,6228695,TRUE,18955863,18955863,FALSE,307
"308","A6-Wild5B_122","A6-Wild5B_116",0.00489402248248274,"3R",25184558,25184558,"3R",17900927,17900927,25184558,17900927,TRUE,7283631,7283631,FALSE,308
"309","A6-Wild5B_126","A6-Wild5B_122",0.00489402248248274,"3R",30183667,30183667,"3R",25184558,25184558,30183667,25184558,TRUE,4999109,4999109,FALSE,309
"310","A6-Wild5B_78","A6-Wild5B_62",0.00489402248248274,"X",7978988,7978988,"X",8035110,8035112,7978988,8035111,TRUE,56123,56122,FALSE,310
"311","A6-Wild5B_83","A6-Wild5B_78",0.00489402248248274,"X",14990159,14990159,"X",7978988,7978988,14990159,7978988,TRUE,7011171,7011171,FALSE,311
"312","A6-Wild5B_33","A6-Wild5B_24",0.00489744652531852,"2L",17080016,17080016,"2L",6587078,6587081,17080016,6587079.5,TRUE,10492936.5,10492935,FALSE,312
"313","A6-Wild5B_33","A6-Wild5B_26",0.00489744652531852,"2L",17080016,17080016,"2L",10933389,10933389,17080016,10933389,TRUE,6146627,6146627,FALSE,313
"314","A6-Wild5B_33","A6-Wild5B_29",0.00489744652531852,"2L",17080016,17080016,"2L",12325056,12325056,17080016,12325056,TRUE,4754960,4754960,FALSE,314
"315","A6-Wild5B_33","A6-Wild5B_32",0.00489744652531852,"2L",17080016,17080016,"2L",15142559,15142559,17080016,15142559,TRUE,1937457,1937457,FALSE,315
"316","A6-Wild5B_37","A6-Wild5B_33",0.00489744652531852,"2L",19890229,19890229,"2L",17080016,17080016,19890229,17080016,TRUE,2810213,2810213,FALSE,316
"317","A6-Wild5B_48","A6-Wild5B_33",0.00489744652531852,"2L",9564503,9564503,"2L",17080016,17080016,9564503,17080016,TRUE,7515513,7515513,FALSE,317
"318","A6-Wild5B_52","A6-Wild5B_33",0.00489744652531852,"2L",14887432,14887432,"2L",17080016,17080016,14887432,17080016,TRUE,2192584,2192584,FALSE,318
"319","A6-Wild5B_53","A6-Wild5B_33",0.00489744652531852,"2L",15931742,15931742,"2L",17080016,17080016,15931742,17080016,TRUE,1148274,1148274,FALSE,319
"320","A6-Wild5B_122","A6-Wild5B_93",0.00489744652531852,"3R",25184558,25184558,"3R",20526431,20526431,25184558,20526431,TRUE,4658127,4658127,FALSE,320
"321","A6-Wild5B_123","A6-Wild5B_122",0.00489744652531852,"3R",25937673,25937673,"3R",25184558,25184558,25937673,25184558,TRUE,753115,753115,FALSE,321
"322","A6-Wild5B_33","A6-Wild5B_27",0.00490430900472051,"2L",17080016,17080016,"2L",11155310,11155311,17080016,11155310.5,TRUE,5924705.5,5924705,FALSE,322
"323","A6-Wild5B_86","A6-Wild5B_85",0.00490873619399724,"X",19817401,19817401,"X",19790921,19790921,19817401,19790921,TRUE,26480,26480,FALSE,323
"324","A6-Wild5B_122","A6-Wild5B_87",0.00499887110085916,"3R",25184558,25184558,"3R",1331799,1331799,25184558,1331799,TRUE,23852759,23852759,FALSE,324
"325","A6-Wild5B_49","A6-Wild5B_28",0.00559981729291713,"2L",10442061,10442061,"2L",11770331,11770331,10442061,11770331,TRUE,1328270,1328270,FALSE,325
"326","A6-Wild5B_98","A6-Wild5B_95",0.00559981729291713,"3R",25371229,25371229,"3R",22164432,22164442,25371229,22164437,TRUE,3206792,3206787,FALSE,326
"327","A6-Wild5B_111","A6-Wild5B_98",0.00559981729291713,"3R",14873309,14873309,"3R",25371229,25371229,14873309,25371229,TRUE,10497920,10497920,FALSE,327
"328","A6-Wild5B_109","A6-Wild5B_95",0.00560373980192749,"3R",13498897,13498897,"3R",22164432,22164442,13498897,22164437,TRUE,8665540,8665535,FALSE,328
"329","A6-Wild5B_111","A6-Wild5B_109",0.00560373980192749,"3R",14873309,14873309,"3R",13498897,13498897,14873309,13498897,TRUE,1374412,1374412,FALSE,329
"330","A6-Wild5B_69","A6-Wild5B_58",0.00560373980192749,"X",14960688,14960688,"X",3311241,3311241,14960688,3311241,TRUE,11649447,11649447,FALSE,330
"331","A6-Wild5B_69","A6-Wild5B_60",0.00560373980192749,"X",14960688,14960688,"X",5232063,5232063,14960688,5232063,TRUE,9728625,9728625,FALSE,331
"332","A6-Wild5B_69","A6-Wild5B_68",0.00560373980192749,"X",14960688,14960688,"X",13703301,13703301,14960688,13703301,TRUE,1257387,1257387,FALSE,332
"333","A6-Wild5B_38","A6-Wild5B_31",0.0056042336468908,"2L",20715244,20715244,"2L",15077860,15077860,20715244,15077860,TRUE,5637384,5637384,FALSE,333
"334","A6-Wild5B_41","A6-Wild5B_31",0.0056042336468908,"2L",21783487,21783487,"2L",15077860,15077860,21783487,15077860,TRUE,6705627,6705627,FALSE,334
"335","A6-Wild5B_50","A6-Wild5B_38",0.0056042336468908,"2L",12245969,12245969,"2L",20715244,20715244,12245969,20715244,TRUE,8469275,8469275,FALSE,335
"336","A6-Wild5B_51","A6-Wild5B_38",0.0056042336468908,"2L",14671836,14671836,"2L",20715244,20715244,14671836,20715244,TRUE,6043408,6043408,FALSE,336
"337","A6-Wild5B_50","A6-Wild5B_41",0.0056042336468908,"2L",12245969,12245969,"2L",21783487,21783487,12245969,21783487,TRUE,9537518,9537518,FALSE,337
"338","A6-Wild5B_51","A6-Wild5B_41",0.0056042336468908,"2L",14671836,14671836,"2L",21783487,21783487,14671836,21783487,TRUE,7111651,7111651,FALSE,338
"339","A6-Wild5B_74","A6-Wild5B_69",0.00560766781002354,"X",6466846,6466846,"X",14960688,14960688,6466846,14960688,TRUE,8493842,8493842,FALSE,339
"340","A6-Wild5B_38","A6-Wild5B_34",0.0056081623498098,"2L",20715244,20715244,"2L",17945784,17945784,20715244,17945784,TRUE,2769460,2769460,FALSE,340
"341","A6-Wild5B_41","A6-Wild5B_34",0.0056081623498098,"2L",21783487,21783487,"2L",17945784,17945784,21783487,17945784,TRUE,3837703,3837703,FALSE,341
"342","A6-Wild5B_54","A6-Wild5B_38",0.0056081623498098,"2L",17088368,17088368,"2L",20715244,20715244,17088368,20715244,TRUE,3626876,3626876,FALSE,342
"343","A6-Wild5B_54","A6-Wild5B_41",0.0056081623498098,"2L",17088368,17088368,"2L",21783487,21783487,17088368,21783487,TRUE,4695119,4695119,FALSE,343
"344","A6-Wild5B_107","A6-Wild5B_105",0.0056081623498098,"3R",10918807,10918807,"3R",4821131,4821131,10918807,4821131,TRUE,6097676,6097676,FALSE,344
"345","A6-Wild5B_112","A6-Wild5B_105",0.0056081623498098,"3R",17216226,17216226,"3R",4821131,4821131,17216226,4821131,TRUE,12395095,12395095,FALSE,345
"346","A6-Wild5B_119","A6-Wild5B_105",0.0056081623498098,"3R",21338431,21338431,"3R",4821131,4821131,21338431,4821131,TRUE,16517300,16517300,FALSE,346
"347","A6-Wild5B_124","A6-Wild5B_105",0.0056081623498098,"3R",27485330,27485331,"3R",4821131,4821131,27485330.5,4821131,TRUE,22664199.5,22664199,FALSE,347
"348","A6-Wild5B_85","A6-Wild5B_70",0.0056081623498098,"X",19790921,19790921,"X",17275315,17275315,19790921,17275315,TRUE,2515606,2515606,FALSE,348
"349","A6-Wild5B_85","A6-Wild5B_71",0.0056081623498098,"X",19790921,19790921,"X",4490761,4490761,19790921,4490761,TRUE,15300160,15300160,FALSE,349
"350","A6-Wild5B_85","A6-Wild5B_79",0.0056081623498098,"X",19790921,19790921,"X",11176209,11176209,19790921,11176209,TRUE,8614712,8614712,FALSE,350
"351","A6-Wild5B_105","A6-Wild5B_101",0.00561209656485373,"3R",4821131,4821131,"3R",28754073,28754073,4821131,28754073,TRUE,23932942,23932942,FALSE,351
"352","A6-Wild5B_117","A6-Wild5B_105",0.00561209656485373,"3R",18699956,18699956,"3R",4821131,4821131,18699956,4821131,TRUE,13878825,13878825,FALSE,352
"353","A6-Wild5B_38","A6-Wild5B_22",0.00561603630363176,"2L",20715244,20715244,"2L",262632,262632,20715244,262632,TRUE,20452612,20452612,FALSE,353
"354","A6-Wild5B_41","A6-Wild5B_22",0.00561603630363176,"2L",21783487,21783487,"2L",262632,262632,21783487,262632,TRUE,21520855,21520855,FALSE,354
"355","A6-Wild5B_105","A6-Wild5B_102",0.00561603630363176,"3R",4821131,4821131,"3R",28957954,28957954,4821131,28957954,TRUE,24136823,24136823,FALSE,355
"356","A6-Wild5B_125","A6-Wild5B_105",0.00561603630363176,"3R",27856815,27858239,"3R",4821131,4821131,27857527,4821131,TRUE,23036396,23035684,FALSE,356
"357","A6-Wild5B_85","A6-Wild5B_75",0.00561603630363176,"X",19790921,19790921,"X",6802665,6802665,19790921,6802665,TRUE,12988256,12988256,FALSE,357
"358","A6-Wild5B_105","A6-Wild5B_89",0.0056199815777852,"3R",4821131,4821131,"3R",4759777,4761207,4821131,4760492,TRUE,60639,59924,FALSE,358
"359","A6-Wild5B_115","A6-Wild5B_110",0.0062937432271864,"3R",17494003,17494003,"3R",14096156,14096156,17494003,14096156,TRUE,3397847,3397847,FALSE,359
"360","A6-Wild5B_114","A6-Wild5B_110",0.00629814757790182,"3R",17271847,17271847,"3R",14096156,14096156,17271847,14096156,TRUE,3175691,3175691,FALSE,360
"361","A6-Wild5B_113","A6-Wild5B_108",0.00629851813505537,"3R",17243575,17243575,"3R",12789257,12789257,17243575,12789257,TRUE,4454318,4454318,FALSE,361
"362","A6-Wild5B_108","A6-Wild5B_94",0.00631582679730615,"3R",12789257,12789257,"3R",20782843,20782843,12789257,20782843,TRUE,7993586,7993586,FALSE,362
"363","A6-Wild5B_120","A6-Wild5B_108",0.00631582679730615,"3R",22494566,22494566,"3R",12789257,12789257,22494566,12789257,TRUE,9705309,9705309,FALSE,363
"364","A6-Wild5B_10","A6-Wild5B_6",0.00631619909702662,"3L",5716940,5716940,"3L",19413146,19413146,5716940,19413146,TRUE,13696206,13696206,FALSE,364
"365","A6-Wild5B_118","A6-Wild5B_108",0.00632026212141016,"3R",20778651,20778651,"3R",12789257,12789257,20778651,12789257,TRUE,7989394,7989394,FALSE,365
"366","A6-Wild5B_108","A6-Wild5B_90",0.00632470367939016,"3R",12789257,12789257,"3R",10496725,10496725,12789257,10496725,TRUE,2292532,2292532,FALSE,366
"367","A6-Wild5B_35","A6-Wild5B_25",0.00701107628346502,"2L",18025740,18025740,"2L",10567015,10567015,18025740,10567015,TRUE,7458725,7458725,FALSE,367
"368","A6-Wild5B_39","A6-Wild5B_35",0.00701107628346502,"2L",20952528,20952528,"2L",18025740,18025740,20952528,18025740,TRUE,2926788,2926788,FALSE,368
"369","A6-Wild5B_47","A6-Wild5B_35",0.00701107628346502,"2L",7966456,7966456,"2L",18025740,18025740,7966456,18025740,TRUE,10059284,10059284,FALSE,369
"370","A6-Wild5B_113","A6-Wild5B_99",0.00701107628346502,"3R",17243575,17243575,"3R",27859546,27859546,17243575,27859546,TRUE,10615971,10615971,FALSE,370
"371","A6-Wild5B_113","A6-Wild5B_103",0.00701107628346502,"3R",17243575,17243575,"3R",29470824,29470824,17243575,29470824,TRUE,12227249,12227249,FALSE,371
"372","A6-Wild5B_64","A6-Wild5B_61",0.00701107628346502,"X",10644563,10644563,"X",6307214,6307214,10644563,6307214,TRUE,4337349,4337349,FALSE,372
"373","A6-Wild5B_43","A6-Wild5B_25",0.00701599528740369,"2L",3773642,3773642,"2L",10567015,10567015,3773642,10567015,TRUE,6793373,6793373,FALSE,373
"374","A6-Wild5B_43","A6-Wild5B_39",0.00701599528740369,"2L",3773642,3773642,"2L",20952528,20952528,3773642,20952528,TRUE,17178886,17178886,FALSE,374
"375","A6-Wild5B_47","A6-Wild5B_43",0.00701599528740369,"2L",7966456,7966456,"2L",3773642,3773642,7966456,3773642,TRUE,4192814,4192814,FALSE,375
"376","A6-Wild5B_4","A6-Wild5B_2",0.00701599528740369,"3L",12008163,12008163,"3L",5841802,5841802,12008163,5841802,TRUE,6166361,6166361,FALSE,376
"377","A6-Wild5B_9","A6-Wild5B_2",0.00701599528740369,"3L",4840417,4840417,"3L",5841802,5841802,4840417,5841802,TRUE,1001385,1001385,FALSE,377
"378","A6-Wild5B_16","A6-Wild5B_4",0.00701599528740369,"3L",17566666,17566666,"3L",12008163,12008163,17566666,12008163,TRUE,5558503,5558503,FALSE,378
"379","A6-Wild5B_16","A6-Wild5B_9",0.00701599528740369,"3L",17566666,17566666,"3L",4840417,4840417,17566666,4840417,TRUE,12726249,12726249,FALSE,379
"380","A6-Wild5B_82","A6-Wild5B_61",0.00701599528740369,"X",12348619,12348619,"X",6307214,6307214,12348619,6307214,TRUE,6041405,6041405,FALSE,380
"381","A6-Wild5B_66","A6-Wild5B_65",0.00701599528740369,"X",12634045,12634045,"X",11427328,11427328,12634045,11427328,TRUE,1206717,1206717,FALSE,381
"382","A6-Wild5B_56","A6-Wild5B_23",0.00702092119863165,"2L",18901797,18901797,"2L",2003771,2003771,18901797,2003771,TRUE,16898026,16898026,FALSE,382
"383","A6-Wild5B_56","A6-Wild5B_55",0.00702092119863165,"2L",18901797,18901797,"2L",18286654,18286654,18901797,18286654,TRUE,615143,615143,FALSE,383
"384","A6-Wild5B_141","A6-Wild5B_131",0.00702092119863165,"2R",9243894,9243894,"2R",17375432,17375432,9243894,17375432,TRUE,8131538,8131538,FALSE,384
"385","A6-Wild5B_8","A6-Wild5B_4",0.00702092119863165,"3L",4001152,4001152,"3L",12008163,12008163,4001152,12008163,TRUE,8007011,8007011,FALSE,385
"386","A6-Wild5B_9","A6-Wild5B_8",0.00702092119863165,"3L",4840417,4840417,"3L",4001152,4001152,4840417,4001152,TRUE,839265,839265,FALSE,386
"387","A6-Wild5B_56","A6-Wild5B_40",0.00702585403170829,"2L",18901797,18901797,"2L",21078116,21078116,18901797,21078116,TRUE,2176319,2176319,FALSE,387
"388","A6-Wild5B_56","A6-Wild5B_46",0.00702585403170829,"2L",18901797,18901797,"2L",7934109,7934109,18901797,7934109,TRUE,10967688,10967688,FALSE,388
"389","A6-Wild5B_4","A6-Wild5B_3",0.00702585403170829,"3L",12008163,12008163,"3L",9319648,9319648,12008163,9319648,TRUE,2688515,2688515,FALSE,389
"390","A6-Wild5B_9","A6-Wild5B_3",0.00702585403170829,"3L",4840417,4840417,"3L",9319648,9319648,4840417,9319648,TRUE,4479231,4479231,FALSE,390
"391","A6-Wild5B_25","A6-Wild5B_23",0.00702597854061399,"2L",10567015,10567015,"2L",2003771,2003771,10567015,2003771,TRUE,8563244,8563244,FALSE,391
"392","A6-Wild5B_39","A6-Wild5B_23",0.00702597854061399,"2L",20952528,20952528,"2L",2003771,2003771,20952528,2003771,TRUE,18948757,18948757,FALSE,392
"393","A6-Wild5B_47","A6-Wild5B_23",0.00702597854061399,"2L",7966456,7966456,"2L",2003771,2003771,7966456,2003771,TRUE,5962685,5962685,FALSE,393
"394","A6-Wild5B_55","A6-Wild5B_25",0.00702597854061399,"2L",18286654,18286654,"2L",10567015,10567015,18286654,10567015,TRUE,7719639,7719639,FALSE,394
"395","A6-Wild5B_55","A6-Wild5B_39",0.00702597854061399,"2L",18286654,18286654,"2L",20952528,20952528,18286654,20952528,TRUE,2665874,2665874,FALSE,395
"396","A6-Wild5B_55","A6-Wild5B_47",0.00702597854061399,"2L",18286654,18286654,"2L",7966456,7966456,18286654,7966456,TRUE,10320198,10320198,FALSE,396
"397","A6-Wild5B_141","A6-Wild5B_134",0.00702597854061399,"2R",9243894,9243894,"2R",19547861,19547861,9243894,19547861,TRUE,10303967,10303967,FALSE,397
"398","A6-Wild5B_141","A6-Wild5B_137",0.00702597854061399,"2R",9243894,9243894,"2R",5950277,5950277,9243894,5950277,TRUE,3293617,3293617,FALSE,398
"399","A6-Wild5B_142","A6-Wild5B_141",0.00702597854061399,"2R",11778230,11778230,"2R",9243894,9243894,11778230,9243894,TRUE,2534336,2534336,FALSE,399
"400","A6-Wild5B_11","A6-Wild5B_4",0.00702597854061399,"3L",8894574,8894574,"3L",12008163,12008163,8894574,12008163,TRUE,3113589,3113589,FALSE,400
"401","A6-Wild5B_19","A6-Wild5B_4",0.00702597854061399,"3L",20713459,20713459,"3L",12008163,12008163,20713459,12008163,TRUE,8705296,8705296,FALSE,401
"402","A6-Wild5B_20","A6-Wild5B_4",0.00702597854061399,"3L",22204693,22204693,"3L",12008163,12008163,22204693,12008163,TRUE,10196530,10196530,FALSE,402
"403","A6-Wild5B_11","A6-Wild5B_9",0.00702597854061399,"3L",8894574,8894574,"3L",4840417,4840417,8894574,4840417,TRUE,4054157,4054157,FALSE,403
"404","A6-Wild5B_19","A6-Wild5B_9",0.00702597854061399,"3L",20713459,20713459,"3L",4840417,4840417,20713459,4840417,TRUE,15873042,15873042,FALSE,404
"405","A6-Wild5B_20","A6-Wild5B_9",0.00702597854061399,"3L",22204693,22204693,"3L",4840417,4840417,22204693,4840417,TRUE,17364276,17364276,FALSE,405
"406","A6-Wild5B_99","A6-Wild5B_94",0.00702597854061399,"3R",27859546,27859546,"3R",20782843,20782843,27859546,20782843,TRUE,7076703,7076703,FALSE,406
"407","A6-Wild5B_103","A6-Wild5B_94",0.00702597854061399,"3R",29470824,29470824,"3R",20782843,20782843,29470824,20782843,TRUE,8687981,8687981,FALSE,407
"408","A6-Wild5B_118","A6-Wild5B_99",0.00702597854061399,"3R",20778651,20778651,"3R",27859546,27859546,20778651,27859546,TRUE,7080895,7080895,FALSE,408
"409","A6-Wild5B_120","A6-Wild5B_99",0.00702597854061399,"3R",22494566,22494566,"3R",27859546,27859546,22494566,27859546,TRUE,5364980,5364980,FALSE,409
"410","A6-Wild5B_118","A6-Wild5B_103",0.00702597854061399,"3R",20778651,20778651,"3R",29470824,29470824,20778651,29470824,TRUE,8692173,8692173,FALSE,410
"411","A6-Wild5B_120","A6-Wild5B_103",0.00702597854061399,"3R",22494566,22494566,"3R",29470824,29470824,22494566,29470824,TRUE,6976258,6976258,FALSE,411
"412","A6-Wild5B_61","A6-Wild5B_57",0.00702597854061399,"X",6307214,6307214,"X",996839,996839,6307214,996839,TRUE,5310375,5310375,FALSE,412
"413","A6-Wild5B_65","A6-Wild5B_61",0.00702597854061399,"X",11427328,11427328,"X",6307214,6307214,11427328,6307214,TRUE,5120114,5120114,FALSE,413
"414","A6-Wild5B_40","A6-Wild5B_25",0.0070309184860614,"2L",21078116,21078116,"2L",10567015,10567015,21078116,10567015,TRUE,10511101,10511101,FALSE,414
"415","A6-Wild5B_46","A6-Wild5B_25",0.0070309184860614,"2L",7934109,7934109,"2L",10567015,10567015,7934109,10567015,TRUE,2632906,2632906,FALSE,415
"416","A6-Wild5B_40","A6-Wild5B_39",0.0070309184860614,"2L",21078116,21078116,"2L",20952528,20952528,21078116,20952528,TRUE,125588,125588,FALSE,416
"417","A6-Wild5B_46","A6-Wild5B_39",0.0070309184860614,"2L",7934109,7934109,"2L",20952528,20952528,7934109,20952528,TRUE,13018419,13018419,FALSE,417
"418","A6-Wild5B_47","A6-Wild5B_40",0.0070309184860614,"2L",7966456,7966456,"2L",21078116,21078116,7966456,21078116,TRUE,13111660,13111660,FALSE,418
"419","A6-Wild5B_47","A6-Wild5B_46",0.0070309184860614,"2L",7966456,7966456,"2L",7934109,7934109,7966456,7934109,TRUE,32347,32347,FALSE,419
"420","A6-Wild5B_99","A6-Wild5B_90",0.0070309184860614,"3R",27859546,27859546,"3R",10496725,10496725,27859546,10496725,TRUE,17362821,17362821,FALSE,420
"421","A6-Wild5B_103","A6-Wild5B_90",0.0070309184860614,"3R",29470824,29470824,"3R",10496725,10496725,29470824,10496725,TRUE,18974099,18974099,FALSE,421
"422","A6-Wild5B_36","A6-Wild5B_25",0.00771579803508182,"2L",19629864,19629864,"2L",10567015,10567015,19629864,10567015,TRUE,9062849,9062849,FALSE,422
"423","A6-Wild5B_39","A6-Wild5B_36",0.00771579803508182,"2L",20952528,20952528,"2L",19629864,19629864,20952528,19629864,TRUE,1322664,1322664,FALSE,423
"424","A6-Wild5B_47","A6-Wild5B_36",0.00771579803508182,"2L",7966456,7966456,"2L",19629864,19629864,7966456,19629864,TRUE,11663408,11663408,FALSE,424
"425","A6-Wild5B_110","A6-Wild5B_99",0.00771579803508182,"3R",14096156,14096156,"3R",27859546,27859546,14096156,27859546,TRUE,13763390,13763390,FALSE,425
"426","A6-Wild5B_110","A6-Wild5B_103",0.00771579803508182,"3R",14096156,14096156,"3R",29470824,29470824,14096156,29470824,TRUE,15374668,15374668,FALSE,426
"427","A6-Wild5B_110","A6-Wild5B_94",0.00772862941480401,"3R",14096156,14096156,"3R",20782843,20782843,14096156,20782843,TRUE,6686687,6686687,FALSE,427
"428","A6-Wild5B_120","A6-Wild5B_110",0.00772862941480401,"3R",22494566,22494566,"3R",14096156,14096156,22494566,14096156,TRUE,8398410,8398410,FALSE,428
"429","A6-Wild5B_36","A6-Wild5B_23",0.00773406344937442,"2L",19629864,19629864,"2L",2003771,2003771,19629864,2003771,TRUE,17626093,17626093,FALSE,429
"430","A6-Wild5B_55","A6-Wild5B_36",0.00773406344937442,"2L",18286654,18286654,"2L",19629864,19629864,18286654,19629864,TRUE,1343210,1343210,FALSE,430
"431","A6-Wild5B_118","A6-Wild5B_110",0.00773406344937442,"3R",20778651,20778651,"3R",14096156,14096156,20778651,14096156,TRUE,6682495,6682495,FALSE,431
"432","A6-Wild5B_40","A6-Wild5B_36",0.00773950513079624,"2L",21078116,21078116,"2L",19629864,19629864,21078116,19629864,TRUE,1448252,1448252,FALSE,432
"433","A6-Wild5B_46","A6-Wild5B_36",0.00773950513079624,"2L",7934109,7934109,"2L",19629864,19629864,7934109,19629864,TRUE,11695755,11695755,FALSE,433
"434","A6-Wild5B_110","A6-Wild5B_90",0.00773950513079624,"3R",14096156,14096156,"3R",10496725,10496725,14096156,10496725,TRUE,3599431,3599431,FALSE,434
"435","A6-Wild5B_56","A6-Wild5B_35",0.00842114110311858,"2L",18901797,18901797,"2L",18025740,18025740,18901797,18025740,TRUE,876057,876057,FALSE,435
"436","A6-Wild5B_56","A6-Wild5B_43",0.00842114110311858,"2L",18901797,18901797,"2L",3773642,3773642,18901797,3773642,TRUE,15128155,15128155,FALSE,436
"437","A6-Wild5B_66","A6-Wild5B_64",0.00842114110311858,"X",12634045,12634045,"X",10644563,10644563,12634045,10644563,TRUE,1989482,1989482,FALSE,437
"438","A6-Wild5B_82","A6-Wild5B_66",0.00842114110311858,"X",12348619,12348619,"X",12634045,12634045,12348619,12634045,TRUE,285426,285426,FALSE,438
"439","A6-Wild5B_66","A6-Wild5B_57",0.00842742882875596,"X",12634045,12634045,"X",996839,996839,12634045,996839,TRUE,11637206,11637206,FALSE,439
"440","A6-Wild5B_138","A6-Wild5B_133",0.00843447403506384,"2R",7735187,7735187,"2R",19073594,19073594,7735187,19073594,TRUE,11338407,11338407,FALSE,440
"441","A6-Wild5B_134","A6-Wild5B_128",0.00844522190147241,"2R",19547861,19547861,"2R",2309839,2311271,19547861,2310555,TRUE,17237306,17236590,FALSE,441
"442","A6-Wild5B_137","A6-Wild5B_128",0.00844522190147241,"2R",5950277,5950277,"2R",2309839,2311271,5950277,2310555,TRUE,3639722,3639006,FALSE,442
"443","A6-Wild5B_142","A6-Wild5B_128",0.00844522190147241,"2R",11778230,11778230,"2R",2309839,2311271,11778230,2310555,TRUE,9467675,9466959,FALSE,443
"444","A6-Wild5B_138","A6-Wild5B_132",0.00844634759832339,"2R",7735187,7735187,"2R",19053462,19053462,7735187,19053462,TRUE,11318275,11318275,FALSE,444
"445","A6-Wild5B_138","A6-Wild5B_129",0.00845229692512399,"2R",7735187,7735187,"2R",7479086,7479086,7735187,7479086,TRUE,256101,256101,FALSE,445
"446","A6-Wild5B_36","A6-Wild5B_35",0.00910817101126418,"2L",19629864,19629864,"2L",18025740,18025740,19629864,18025740,TRUE,1604124,1604124,FALSE,446
"447","A6-Wild5B_113","A6-Wild5B_110",0.00910817101126418,"3R",17243575,17243575,"3R",14096156,14096156,17243575,14096156,TRUE,3147419,3147419,FALSE,447
"448","A6-Wild5B_43","A6-Wild5B_36",0.00911455700994025,"2L",3773642,3773642,"2L",19629864,19629864,3773642,19629864,TRUE,15856222,15856222,FALSE,448
"449","A6-Wild5B_108","A6-Wild5B_99",0.00914019080573992,"3R",12789257,12789257,"3R",27859546,27859546,12789257,27859546,TRUE,15070289,15070289,FALSE,449
"450","A6-Wild5B_108","A6-Wild5B_103",0.00914019080573992,"3R",12789257,12789257,"3R",29470824,29470824,12789257,29470824,TRUE,16681567,16681567,FALSE,450
"451","A6-Wild5B_45","A6-Wild5B_38",0.00985190942798743,"2L",6316693,6316694,"2L",20715244,20715244,6316693.5,20715244,TRUE,14398550.5,14398550,FALSE,451
"452","A6-Wild5B_45","A6-Wild5B_41",0.00985190942798743,"2L",6316693,6316694,"2L",21783487,21783487,6316693.5,21783487,TRUE,15466793.5,15466793,FALSE,452
"453","A6-Wild5B_131","A6-Wild5B_128",0.0098553391402282,"2R",17375432,17375432,"2R",2309839,2311271,17375432,2310555,TRUE,15064877,15064161,FALSE,453
"454","A6-Wild5B_42","A6-Wild5B_35",0.0106931012374337,"2L",259124,259126,"2L",18025740,18025740,259125,18025740,TRUE,17766615,17766614,FALSE,454
"455","A6-Wild5B_7","A6-Wild5B_2",0.0106931012374337,"3L",3081513,3081513,"3L",5841802,5841802,3081513,5841802,TRUE,2760289,2760289,FALSE,455
"456","A6-Wild5B_16","A6-Wild5B_7",0.0106931012374337,"3L",17566666,17566666,"3L",3081513,3081513,17566666,3081513,TRUE,14485153,14485153,FALSE,456
"457","A6-Wild5B_17","A6-Wild5B_7",0.0106995697480518,"3L",17612244,17612244,"3L",3081513,3081513,17612244,3081513,TRUE,14530731,14530731,FALSE,457
"458","A6-Wild5B_43","A6-Wild5B_42",0.0107007296469423,"2L",3773642,3773642,"2L",259124,259126,3773642,259125,TRUE,3514517,3514516,FALSE,458
"459","A6-Wild5B_18","A6-Wild5B_2",0.0107007296469423,"3L",18063281,18063281,"3L",5841802,5841802,18063281,5841802,TRUE,12221479,12221479,FALSE,459
"460","A6-Wild5B_8","A6-Wild5B_7",0.0107007296469423,"3L",4001152,4001152,"3L",3081513,3081513,4001152,3081513,TRUE,919639,919639,FALSE,460
"461","A6-Wild5B_18","A6-Wild5B_16",0.0107007296469423,"3L",18063281,18063281,"3L",17566666,17566666,18063281,17566666,TRUE,496615,496615,FALSE,461
"462","A6-Wild5B_42","A6-Wild5B_25",0.0107026614642797,"2L",259124,259126,"2L",10567015,10567015,259125,10567015,TRUE,10307890,10307889,FALSE,462
"463","A6-Wild5B_42","A6-Wild5B_39",0.0107026614642797,"2L",259124,259126,"2L",20952528,20952528,259125,20952528,TRUE,20693403,20693402,FALSE,463
"464","A6-Wild5B_47","A6-Wild5B_42",0.0107026614642797,"2L",7966456,7966456,"2L",259124,259126,7966456,259125,TRUE,7707331,7707330,FALSE,464
"465","A6-Wild5B_7","A6-Wild5B_4",0.0107026614642797,"3L",3081513,3081513,"3L",12008163,12008163,3081513,12008163,TRUE,8926650,8926650,FALSE,465
"466","A6-Wild5B_18","A6-Wild5B_4",0.0107026614642797,"3L",18063281,18063281,"3L",12008163,12008163,18063281,12008163,TRUE,6055118,6055118,FALSE,466
"467","A6-Wild5B_9","A6-Wild5B_7",0.0107026614642797,"3L",4840417,4840417,"3L",3081513,3081513,4840417,3081513,TRUE,1758904,1758904,FALSE,467
"468","A6-Wild5B_18","A6-Wild5B_9",0.0107026614642797,"3L",18063281,18063281,"3L",4840417,4840417,18063281,4840417,TRUE,13222864,13222864,FALSE,468
"469","A6-Wild5B_18","A6-Wild5B_17",0.0107072073822903,"3L",18063281,18063281,"3L",17612244,17612244,18063281,17612244,TRUE,451037,451037,FALSE,469
"470","A6-Wild5B_7","A6-Wild5B_3",0.0107083689485721,"3L",3081513,3081513,"3L",9319648,9319648,3081513,9319648,TRUE,6238135,6238135,FALSE,470
"471","A6-Wild5B_18","A6-Wild5B_8",0.0107083689485721,"3L",18063281,18063281,"3L",4001152,4001152,18063281,4001152,TRUE,14062129,14062129,FALSE,471
"472","A6-Wild5B_18","A6-Wild5B_3",0.0107160191656683,"3L",18063281,18063281,"3L",9319648,9319648,18063281,9319648,TRUE,8743633,8743633,FALSE,472
"473","A6-Wild5B_42","A6-Wild5B_23",0.0107179565411652,"2L",259124,259126,"2L",2003771,2003771,259125,2003771,TRUE,1744646,1744645,FALSE,473
"474","A6-Wild5B_55","A6-Wild5B_42",0.0107179565411652,"2L",18286654,18286654,"2L",259124,259126,18286654,259125,TRUE,18027529,18027528,FALSE,474
"475","A6-Wild5B_11","A6-Wild5B_7",0.0107179565411652,"3L",8894574,8894574,"3L",3081513,3081513,8894574,3081513,TRUE,5813061,5813061,FALSE,475
"476","A6-Wild5B_19","A6-Wild5B_7",0.0107179565411652,"3L",20713459,20713459,"3L",3081513,3081513,20713459,3081513,TRUE,17631946,17631946,FALSE,476
"477","A6-Wild5B_20","A6-Wild5B_7",0.0107179565411652,"3L",22204693,22204693,"3L",3081513,3081513,22204693,3081513,TRUE,19123180,19123180,FALSE,477
"478","A6-Wild5B_18","A6-Wild5B_11",0.0107179565411652,"3L",18063281,18063281,"3L",8894574,8894574,18063281,8894574,TRUE,9168707,9168707,FALSE,478
"479","A6-Wild5B_19","A6-Wild5B_18",0.0107179565411652,"3L",20713459,20713459,"3L",18063281,18063281,20713459,18063281,TRUE,2650178,2650178,FALSE,479
"480","A6-Wild5B_20","A6-Wild5B_18",0.0107179565411652,"3L",22204693,22204693,"3L",18063281,18063281,22204693,18063281,TRUE,4141412,4141412,FALSE,480
"481","A6-Wild5B_42","A6-Wild5B_40",0.0107256204852194,"2L",259124,259126,"2L",21078116,21078116,259125,21078116,TRUE,20818991,20818990,FALSE,481
"482","A6-Wild5B_46","A6-Wild5B_42",0.0107256204852194,"2L",7934109,7934109,"2L",259124,259126,7934109,259125,TRUE,7674984,7674983,FALSE,482
"483","A6-Wild5B_115","A6-Wild5B_99",0.0112503766656874,"3R",17494003,17494003,"3R",27859546,27859546,17494003,27859546,TRUE,10365543,10365543,FALSE,483
"484","A6-Wild5B_115","A6-Wild5B_103",0.0112503766656874,"3R",17494003,17494003,"3R",29470824,29470824,17494003,29470824,TRUE,11976821,11976821,FALSE,484
"485","A6-Wild5B_81","A6-Wild5B_61",0.0112503766656874,"X",12314203,12314203,"X",6307214,6307214,12314203,6307214,TRUE,6006989,6006989,FALSE,485
"486","A6-Wild5B_45","A6-Wild5B_34",0.0112575102896592,"2L",6316693,6316694,"2L",17945784,17945784,6316693.5,17945784,TRUE,11629090.5,11629090,FALSE,486
"487","A6-Wild5B_54","A6-Wild5B_45",0.0112575102896592,"2L",17088368,17088368,"2L",6316693,6316694,17088368,6316693.5,TRUE,10771674.5,10771674,FALSE,487
"488","A6-Wild5B_114","A6-Wild5B_99",0.0112582930769735,"3R",17271847,17271847,"3R",27859546,27859546,17271847,27859546,TRUE,10587699,10587699,FALSE,488
"489","A6-Wild5B_114","A6-Wild5B_103",0.0112582930769735,"3R",17271847,17271847,"3R",29470824,29470824,17271847,29470824,TRUE,12198977,12198977,FALSE,489
"490","A6-Wild5B_10","A6-Wild5B_2",0.0112599237180331,"3L",5716940,5716940,"3L",5841802,5841802,5716940,5841802,TRUE,124862,124862,FALSE,490
"491","A6-Wild5B_16","A6-Wild5B_10",0.0112599237180331,"3L",17566666,17566666,"3L",5716940,5716940,17566666,5716940,TRUE,11849726,11849726,FALSE,491
"492","A6-Wild5B_45","A6-Wild5B_31",0.0112654368063115,"2L",6316693,6316694,"2L",15077860,15077860,6316693.5,15077860,TRUE,8761166.5,8761166,FALSE,492
"493","A6-Wild5B_50","A6-Wild5B_45",0.0112654368063115,"2L",12245969,12245969,"2L",6316693,6316694,12245969,6316693.5,TRUE,5929275.5,5929275,FALSE,493
"494","A6-Wild5B_51","A6-Wild5B_45",0.0112654368063115,"2L",14671836,14671836,"2L",6316693,6316694,14671836,6316693.5,TRUE,8355142.5,8355142,FALSE,494
"495","A6-Wild5B_10","A6-Wild5B_8",0.0112678535908091,"3L",5716940,5716940,"3L",4001152,4001152,5716940,4001152,TRUE,1715788,1715788,FALSE,495
"496","A6-Wild5B_45","A6-Wild5B_22",0.0112733744934045,"2L",6316693,6316694,"2L",262632,262632,6316693.5,262632,TRUE,6054061.5,6054061,FALSE,496
"497","A6-Wild5B_56","A6-Wild5B_25",0.0112741593699734,"2L",18901797,18901797,"2L",10567015,10567015,18901797,10567015,TRUE,8334782,8334782,FALSE,497
"498","A6-Wild5B_56","A6-Wild5B_39",0.0112741593699734,"2L",18901797,18901797,"2L",20952528,20952528,18901797,20952528,TRUE,2050731,2050731,FALSE,498
"499","A6-Wild5B_56","A6-Wild5B_47",0.0112741593699734,"2L",18901797,18901797,"2L",7966456,7966456,18901797,7966456,TRUE,10935341,10935341,FALSE,499
"500","A6-Wild5B_134","A6-Wild5B_131",0.0112741593699734,"2R",19547861,19547861,"2R",17375432,17375432,19547861,17375432,TRUE,2172429,2172429,FALSE,500
"501","A6-Wild5B_137","A6-Wild5B_131",0.0112741593699734,"2R",5950277,5950277,"2R",17375432,17375432,5950277,17375432,TRUE,11425155,11425155,FALSE,501
"502","A6-Wild5B_142","A6-Wild5B_131",0.0112741593699734,"2R",11778230,11778230,"2R",17375432,17375432,11778230,17375432,TRUE,5597202,5597202,FALSE,502
"503","A6-Wild5B_66","A6-Wild5B_61",0.0112741593699734,"X",12634045,12634045,"X",6307214,6307214,12634045,6307214,TRUE,6326831,6326831,FALSE,503
"504","A6-Wild5B_10","A6-Wild5B_3",0.0112757946410301,"3L",5716940,5716940,"3L",9319648,9319648,5716940,9319648,TRUE,3602708,3602708,FALSE,504
"505","A6-Wild5B_42","A6-Wild5B_36",0.0114263447641288,"2L",259124,259126,"2L",19629864,19629864,259125,19629864,TRUE,19370739,19370738,FALSE,505
"506","A6-Wild5B_17","A6-Wild5B_2",0.0119523245487627,"3L",17612244,17612244,"3L",5841802,5841802,17612244,5841802,TRUE,11770442,11770442,FALSE,506
"507","A6-Wild5B_17","A6-Wild5B_16",0.0119523245487627,"3L",17612244,17612244,"3L",17566666,17566666,17612244,17566666,TRUE,45578,45578,FALSE,507
"508","A6-Wild5B_38","A6-Wild5B_35",0.0119600999928006,"2L",20715244,20715244,"2L",18025740,18025740,20715244,18025740,TRUE,2689504,2689504,FALSE,508
"509","A6-Wild5B_41","A6-Wild5B_35",0.0119600999928006,"2L",21783487,21783487,"2L",18025740,18025740,21783487,18025740,TRUE,3757747,3757747,FALSE,509
"510","A6-Wild5B_17","A6-Wild5B_8",0.0119607340869036,"3L",17612244,17612244,"3L",4001152,4001152,17612244,4001152,TRUE,13611092,13611092,FALSE,510
"511","A6-Wild5B_43","A6-Wild5B_38",0.0119685204691191,"2L",3773642,3773642,"2L",20715244,20715244,3773642,20715244,TRUE,16941602,16941602,FALSE,511
"512","A6-Wild5B_43","A6-Wild5B_41",0.0119685204691191,"2L",3773642,3773642,"2L",21783487,21783487,3773642,21783487,TRUE,18009845,18009845,FALSE,512
"513","A6-Wild5B_113","A6-Wild5B_105",0.0119685204691191,"3R",17243575,17243575,"3R",4821131,4821131,17243575,4821131,TRUE,12422444,12422444,FALSE,513
"514","A6-Wild5B_85","A6-Wild5B_64",0.0119685204691191,"X",19790921,19790921,"X",10644563,10644563,19790921,10644563,TRUE,9146358,9146358,FALSE,514
"515","A6-Wild5B_85","A6-Wild5B_82",0.0119685204691191,"X",19790921,19790921,"X",12348619,12348619,19790921,12348619,TRUE,7442302,7442302,FALSE,515
"516","A6-Wild5B_17","A6-Wild5B_3",0.0119691554674104,"3L",17612244,17612244,"3L",9319648,9319648,17612244,9319648,TRUE,8292596,8292596,FALSE,516
"517","A6-Wild5B_38","A6-Wild5B_25",0.0119706558917218,"2L",20715244,20715244,"2L",10567015,10567015,20715244,10567015,TRUE,10148229,10148229,FALSE,517
"518","A6-Wild5B_41","A6-Wild5B_25",0.0119706558917218,"2L",21783487,21783487,"2L",10567015,10567015,21783487,10567015,TRUE,11216472,11216472,FALSE,518
"519","A6-Wild5B_39","A6-Wild5B_38",0.0119706558917218,"2L",20952528,20952528,"2L",20715244,20715244,20952528,20715244,TRUE,237284,237284,FALSE,519
"520","A6-Wild5B_47","A6-Wild5B_38",0.0119706558917218,"2L",7966456,7966456,"2L",20715244,20715244,7966456,20715244,TRUE,12748788,12748788,FALSE,520
"521","A6-Wild5B_41","A6-Wild5B_39",0.0119706558917218,"2L",21783487,21783487,"2L",20952528,20952528,21783487,20952528,TRUE,830959,830959,FALSE,521
"522","A6-Wild5B_47","A6-Wild5B_41",0.0119706558917218,"2L",7966456,7966456,"2L",21783487,21783487,7966456,21783487,TRUE,13817031,13817031,FALSE,522
"523","A6-Wild5B_17","A6-Wild5B_10",0.0119750644394008,"3L",17612244,17612244,"3L",5716940,5716940,17612244,5716940,TRUE,11895304,11895304,FALSE,523
"524","A6-Wild5B_17","A6-Wild5B_4",0.0119759475392696,"3L",17612244,17612244,"3L",12008163,12008163,17612244,12008163,TRUE,5604081,5604081,FALSE,524
"525","A6-Wild5B_17","A6-Wild5B_9",0.0119759475392696,"3L",17612244,17612244,"3L",4840417,4840417,17612244,4840417,TRUE,12771827,12771827,FALSE,525
"526","A6-Wild5B_105","A6-Wild5B_94",0.0119790912640805,"3R",4821131,4821131,"3R",20782843,20782843,4821131,20782843,TRUE,15961712,15961712,FALSE,526
"527","A6-Wild5B_120","A6-Wild5B_105",0.0119790912640805,"3R",22494566,22494566,"3R",4821131,4821131,22494566,4821131,TRUE,17673435,17673435,FALSE,527
"528","A6-Wild5B_85","A6-Wild5B_65",0.0119790912640805,"X",19790921,19790921,"X",11427328,11427328,19790921,11427328,TRUE,8363593,8363593,FALSE,528
"529","A6-Wild5B_115","A6-Wild5B_105",0.0119819824517898,"3R",17494003,17494003,"3R",4821131,4821131,17494003,4821131,TRUE,12672872,12672872,FALSE,529
"530","A6-Wild5B_85","A6-Wild5B_81",0.0119819824517898,"X",19790921,19790921,"X",12314203,12314203,19790921,12314203,TRUE,7476718,7476718,FALSE,530
"531","A6-Wild5B_38","A6-Wild5B_23",0.011987538533457,"2L",20715244,20715244,"2L",2003771,2003771,20715244,2003771,TRUE,18711473,18711473,FALSE,531
"532","A6-Wild5B_41","A6-Wild5B_23",0.011987538533457,"2L",21783487,21783487,"2L",2003771,2003771,21783487,2003771,TRUE,19779716,19779716,FALSE,532
"533","A6-Wild5B_55","A6-Wild5B_38",0.011987538533457,"2L",18286654,18286654,"2L",20715244,20715244,18286654,20715244,TRUE,2428590,2428590,FALSE,533
"534","A6-Wild5B_55","A6-Wild5B_41",0.011987538533457,"2L",18286654,18286654,"2L",21783487,21783487,18286654,21783487,TRUE,3496833,3496833,FALSE,534
"535","A6-Wild5B_118","A6-Wild5B_105",0.011987538533457,"3R",20778651,20778651,"3R",4821131,4821131,20778651,4821131,TRUE,15957520,15957520,FALSE,535
"536","A6-Wild5B_114","A6-Wild5B_105",0.011990433825818,"3R",17271847,17271847,"3R",4821131,4821131,17271847,4821131,TRUE,12450716,12450716,FALSE,536
"537","A6-Wild5B_17","A6-Wild5B_11",0.0119928450627915,"3L",17612244,17612244,"3L",8894574,8894574,17612244,8894574,TRUE,8717670,8717670,FALSE,537
"538","A6-Wild5B_19","A6-Wild5B_17",0.0119928450627915,"3L",20713459,20713459,"3L",17612244,17612244,20713459,17612244,TRUE,3101215,3101215,FALSE,538
"539","A6-Wild5B_20","A6-Wild5B_17",0.0119928450627915,"3L",22204693,22204693,"3L",17612244,17612244,22204693,17612244,TRUE,4592449,4592449,FALSE,539
"540","A6-Wild5B_40","A6-Wild5B_38",0.0119959977250382,"2L",21078116,21078116,"2L",20715244,20715244,21078116,20715244,TRUE,362872,362872,FALSE,540
"541","A6-Wild5B_46","A6-Wild5B_38",0.0119959977250382,"2L",7934109,7934109,"2L",20715244,20715244,7934109,20715244,TRUE,12781135,12781135,FALSE,541
"542","A6-Wild5B_41","A6-Wild5B_40",0.0119959977250382,"2L",21783487,21783487,"2L",21078116,21078116,21783487,21078116,TRUE,705371,705371,FALSE,542
"543","A6-Wild5B_46","A6-Wild5B_41",0.0119959977250382,"2L",7934109,7934109,"2L",21783487,21783487,7934109,21783487,TRUE,13849378,13849378,FALSE,543
"544","A6-Wild5B_105","A6-Wild5B_90",0.0119959977250382,"3R",4821131,4821131,"3R",10496725,10496725,4821131,10496725,TRUE,5675594,5675594,FALSE,544
"545","A6-Wild5B_105","A6-Wild5B_99",0.0119959977250382,"3R",4821131,4821131,"3R",27859546,27859546,4821131,27859546,TRUE,23038415,23038415,FALSE,545
"546","A6-Wild5B_105","A6-Wild5B_103",0.0119959977250382,"3R",4821131,4821131,"3R",29470824,29470824,4821131,29470824,TRUE,24649693,24649693,FALSE,546
"547","A6-Wild5B_85","A6-Wild5B_61",0.0119959977250382,"X",19790921,19790921,"X",6307214,6307214,19790921,6307214,TRUE,13483707,13483707,FALSE,547
"548","A6-Wild5B_138","A6-Wild5B_134",0.0120009307022721,"2R",7735187,7735187,"2R",19547861,19547861,7735187,19547861,TRUE,11812674,11812674,FALSE,548
"549","A6-Wild5B_138","A6-Wild5B_137",0.0120009307022721,"2R",7735187,7735187,"2R",5950277,5950277,7735187,5950277,TRUE,1784910,1784910,FALSE,549
"550","A6-Wild5B_142","A6-Wild5B_138",0.0120009307022721,"2R",11778230,11778230,"2R",7735187,7735187,11778230,7735187,TRUE,4043043,4043043,FALSE,550
"551","A6-Wild5B_80","A6-Wild5B_64",0.0120172645330113,"X",11420634,11420634,"X",10644563,10644563,11420634,10644563,TRUE,776071,776071,FALSE,551
"552","A6-Wild5B_82","A6-Wild5B_80",0.0120257657041802,"X",12348619,12348619,"X",11420634,11420634,12348619,11420634,TRUE,927985,927985,FALSE,552
"553","A6-Wild5B_139","A6-Wild5B_134",0.0120264009165981,"2R",8174647,8174647,"2R",19547861,19547861,8174647,19547861,TRUE,11373214,11373214,FALSE,553
"554","A6-Wild5B_139","A6-Wild5B_137",0.0120264009165981,"2R",8174647,8174647,"2R",5950277,5950277,8174647,5950277,TRUE,2224370,2224370,FALSE,554
"555","A6-Wild5B_142","A6-Wild5B_139",0.0120264009165981,"2R",11778230,11778230,"2R",8174647,8174647,11778230,8174647,TRUE,3603583,3603583,FALSE,555
"556","A6-Wild5B_80","A6-Wild5B_61",0.0120264009165981,"X",11420634,11420634,"X",6307214,6307214,11420634,6307214,TRUE,5113420,5113420,FALSE,556
"557","A6-Wild5B_141","A6-Wild5B_139",0.0120434412090335,"2R",9243894,9243894,"2R",8174647,8174647,9243894,8174647,TRUE,1069247,1069247,FALSE,557
"558","A6-Wild5B_80","A6-Wild5B_65",0.0120434412090335,"X",11420634,11420634,"X",11427328,11427328,11420634,11427328,TRUE,6694,6694,FALSE,558
"559","A6-Wild5B_42","A6-Wild5B_38",0.0121394555523575,"2L",259124,259126,"2L",20715244,20715244,259125,20715244,TRUE,20456119,20456118,FALSE,559
"560","A6-Wild5B_42","A6-Wild5B_41",0.0121394555523575,"2L",259124,259126,"2L",21783487,21783487,259125,21783487,TRUE,21524362,21524361,FALSE,560
"561","A6-Wild5B_110","A6-Wild5B_108",0.0126589054070373,"3R",14096156,14096156,"3R",12789257,12789257,14096156,12789257,TRUE,1306899,1306899,FALSE,561
"562","A6-Wild5B_86","A6-Wild5B_81",0.0126734700645358,"X",19817401,19817401,"X",12314203,12314203,19817401,12314203,TRUE,7503198,7503198,FALSE,562
"563","A6-Wild5B_17","A6-Wild5B_6",0.0126767365984505,"3L",17612244,17612244,"3L",19413146,19413146,17612244,19413146,TRUE,1800902,1800902,FALSE,563
"564","A6-Wild5B_38","A6-Wild5B_36",0.0126797581423906,"2L",20715244,20715244,"2L",19629864,19629864,20715244,19629864,TRUE,1085380,1085380,FALSE,564
"565","A6-Wild5B_41","A6-Wild5B_36",0.0126797581423906,"2L",21783487,21783487,"2L",19629864,19629864,21783487,19629864,TRUE,2153623,2153623,FALSE,565
"566","A6-Wild5B_10","A6-Wild5B_4",0.0126797581423906,"3L",5716940,5716940,"3L",12008163,12008163,5716940,12008163,TRUE,6291223,6291223,FALSE,566
"567","A6-Wild5B_10","A6-Wild5B_9",0.0126797581423906,"3L",5716940,5716940,"3L",4840417,4840417,5716940,4840417,TRUE,876523,876523,FALSE,567
"568","A6-Wild5B_135","A6-Wild5B_130",0.0126823997841487,"2R",25105373,25105373,"2R",13543833,13543833,25105373,13543833,TRUE,11561540,11561540,FALSE,568
"569","A6-Wild5B_140","A6-Wild5B_130",0.0126823997841487,"2R",8301454,8301454,"2R",13543833,13543833,8301454,13543833,TRUE,5242379,5242379,FALSE,569
"570","A6-Wild5B_110","A6-Wild5B_105",0.0126886967033281,"3R",14096156,14096156,"3R",4821131,4821131,14096156,4821131,TRUE,9275025,9275025,FALSE,570
"571","A6-Wild5B_86","A6-Wild5B_61",0.0126886967033281,"X",19817401,19817401,"X",6307214,6307214,19817401,6307214,TRUE,13510187,13510187,FALSE,571
"572","A6-Wild5B_11","A6-Wild5B_10",0.0126976478759374,"3L",8894574,8894574,"3L",5716940,5716940,8894574,5716940,TRUE,3177634,3177634,FALSE,572
"573","A6-Wild5B_19","A6-Wild5B_10",0.0126976478759374,"3L",20713459,20713459,"3L",5716940,5716940,20713459,5716940,TRUE,14996519,14996519,FALSE,573
"574","A6-Wild5B_20","A6-Wild5B_10",0.0126976478759374,"3L",22204693,22204693,"3L",5716940,5716940,22204693,5716940,TRUE,16487753,16487753,FALSE,574
"575","A6-Wild5B_139","A6-Wild5B_138",0.0127301500347793,"2R",8174647,8174647,"2R",7735187,7735187,8174647,7735187,TRUE,439460,439460,FALSE,575
"576","A6-Wild5B_85","A6-Wild5B_80",0.0127677992125969,"X",19790921,19790921,"X",11420634,11420634,19790921,11420634,TRUE,8370287,8370287,FALSE,576
"577","A6-Wild5B_10","A6-Wild5B_7",0.012859013441375,"3L",5716940,5716940,"3L",3081513,3081513,5716940,3081513,TRUE,2635427,2635427,FALSE,577
"578","A6-Wild5B_18","A6-Wild5B_10",0.012859013441375,"3L",18063281,18063281,"3L",5716940,5716940,18063281,5716940,TRUE,12346341,12346341,FALSE,578
"579","A6-Wild5B_119","A6-Wild5B_115",0.0133637500373159,"3R",21338431,21338431,"3R",17494003,17494003,21338431,17494003,TRUE,3844428,3844428,FALSE,579
"580","A6-Wild5B_81","A6-Wild5B_79",0.0133637500373159,"X",12314203,12314203,"X",11176209,11176209,12314203,11176209,TRUE,1137994,1137994,FALSE,580
"581","A6-Wild5B_115","A6-Wild5B_107",0.0133731564223349,"3R",17494003,17494003,"3R",10918807,10918807,17494003,10918807,TRUE,6575196,6575196,FALSE,581
"582","A6-Wild5B_115","A6-Wild5B_112",0.0133731564223349,"3R",17494003,17494003,"3R",17216226,17216226,17494003,17216226,TRUE,277777,277777,FALSE,582
"583","A6-Wild5B_119","A6-Wild5B_114",0.0133731564223349,"3R",21338431,21338431,"3R",17271847,17271847,21338431,17271847,TRUE,4066584,4066584,FALSE,583
"584","A6-Wild5B_117","A6-Wild5B_115",0.0133731564223349,"3R",18699956,18699956,"3R",17494003,17494003,18699956,17494003,TRUE,1205953,1205953,FALSE,584
"585","A6-Wild5B_124","A6-Wild5B_115",0.0133731564223349,"3R",27485330,27485331,"3R",17494003,17494003,27485330.5,17494003,TRUE,9991327.5,9991327,FALSE,585
"586","A6-Wild5B_81","A6-Wild5B_70",0.0133731564223349,"X",12314203,12314203,"X",17275315,17275315,12314203,17275315,TRUE,4961112,4961112,FALSE,586
"587","A6-Wild5B_81","A6-Wild5B_71",0.0133731564223349,"X",12314203,12314203,"X",4490761,4490761,12314203,4490761,TRUE,7823442,7823442,FALSE,587
"588","A6-Wild5B_31","A6-Wild5B_25",0.0133801843160739,"2L",15077860,15077860,"2L",10567015,10567015,15077860,10567015,TRUE,4510845,4510845,FALSE,588
"589","A6-Wild5B_50","A6-Wild5B_25",0.0133801843160739,"2L",12245969,12245969,"2L",10567015,10567015,12245969,10567015,TRUE,1678954,1678954,FALSE,589
"590","A6-Wild5B_51","A6-Wild5B_25",0.0133801843160739,"2L",14671836,14671836,"2L",10567015,10567015,14671836,10567015,TRUE,4104821,4104821,FALSE,590
"591","A6-Wild5B_39","A6-Wild5B_31",0.0133801843160739,"2L",20952528,20952528,"2L",15077860,15077860,20952528,15077860,TRUE,5874668,5874668,FALSE,591
"592","A6-Wild5B_47","A6-Wild5B_31",0.0133801843160739,"2L",7966456,7966456,"2L",15077860,15077860,7966456,15077860,TRUE,7111404,7111404,FALSE,592
"593","A6-Wild5B_50","A6-Wild5B_39",0.0133801843160739,"2L",12245969,12245969,"2L",20952528,20952528,12245969,20952528,TRUE,8706559,8706559,FALSE,593
"594","A6-Wild5B_51","A6-Wild5B_39",0.0133801843160739,"2L",14671836,14671836,"2L",20952528,20952528,14671836,20952528,TRUE,6280692,6280692,FALSE,594
"595","A6-Wild5B_50","A6-Wild5B_47",0.0133801843160739,"2L",12245969,12245969,"2L",7966456,7966456,12245969,7966456,TRUE,4279513,4279513,FALSE,595
"596","A6-Wild5B_51","A6-Wild5B_47",0.0133801843160739,"2L",14671836,14671836,"2L",7966456,7966456,14671836,7966456,TRUE,6705380,6705380,FALSE,596
"597","A6-Wild5B_134","A6-Wild5B_132",0.0133801843160739,"2R",19547861,19547861,"2R",19053462,19053462,19547861,19053462,TRUE,494399,494399,FALSE,597
"598","A6-Wild5B_137","A6-Wild5B_132",0.0133801843160739,"2R",5950277,5950277,"2R",19053462,19053462,5950277,19053462,TRUE,13103185,13103185,FALSE,598
"599","A6-Wild5B_142","A6-Wild5B_132",0.0133801843160739,"2R",11778230,11778230,"2R",19053462,19053462,11778230,19053462,TRUE,7275232,7275232,FALSE,599
"600","A6-Wild5B_134","A6-Wild5B_133",0.0133801843160739,"2R",19547861,19547861,"2R",19073594,19073594,19547861,19073594,TRUE,474267,474267,FALSE,600
"601","A6-Wild5B_137","A6-Wild5B_133",0.0133801843160739,"2R",5950277,5950277,"2R",19073594,19073594,5950277,19073594,TRUE,13123317,13123317,FALSE,601
"602","A6-Wild5B_142","A6-Wild5B_133",0.0133801843160739,"2R",11778230,11778230,"2R",19073594,19073594,11778230,19073594,TRUE,7295364,7295364,FALSE,602
"603","A6-Wild5B_102","A6-Wild5B_99",0.0133801843160739,"3R",28957954,28957954,"3R",27859546,27859546,28957954,27859546,TRUE,1098408,1098408,FALSE,603
"604","A6-Wild5B_125","A6-Wild5B_99",0.0133801843160739,"3R",27856815,27858239,"3R",27859546,27859546,27857527,27859546,TRUE,2019,1307,FALSE,604
"605","A6-Wild5B_103","A6-Wild5B_102",0.0133801843160739,"3R",29470824,29470824,"3R",28957954,28957954,29470824,28957954,TRUE,512870,512870,FALSE,605
"606","A6-Wild5B_125","A6-Wild5B_103",0.0133801843160739,"3R",27856815,27858239,"3R",29470824,29470824,27857527,29470824,TRUE,1613297,1612585,FALSE,606
"607","A6-Wild5B_75","A6-Wild5B_61",0.0133801843160739,"X",6802665,6802665,"X",6307214,6307214,6802665,6307214,TRUE,495451,495451,FALSE,607
"608","A6-Wild5B_115","A6-Wild5B_101",0.0133825760589162,"3R",17494003,17494003,"3R",28754073,28754073,17494003,28754073,TRUE,11260070,11260070,FALSE,608
"609","A6-Wild5B_115","A6-Wild5B_102",0.0133825760589162,"3R",17494003,17494003,"3R",28957954,28957954,17494003,28957954,TRUE,11463951,11463951,FALSE,609
"610","A6-Wild5B_114","A6-Wild5B_107",0.0133825760589162,"3R",17271847,17271847,"3R",10918807,10918807,17271847,10918807,TRUE,6353040,6353040,FALSE,610
"611","A6-Wild5B_114","A6-Wild5B_112",0.0133825760589162,"3R",17271847,17271847,"3R",17216226,17216226,17271847,17216226,TRUE,55621,55621,FALSE,611
"612","A6-Wild5B_117","A6-Wild5B_114",0.0133825760589162,"3R",18699956,18699956,"3R",17271847,17271847,18699956,17271847,TRUE,1428109,1428109,FALSE,612
"613","A6-Wild5B_124","A6-Wild5B_114",0.0133825760589162,"3R",27485330,27485331,"3R",17271847,17271847,27485330.5,17271847,TRUE,10213483.5,10213483,FALSE,613
"614","A6-Wild5B_125","A6-Wild5B_115",0.0133825760589162,"3R",27856815,27858239,"3R",17494003,17494003,27857527,17494003,TRUE,10363524,10362812,FALSE,614
"615","A6-Wild5B_81","A6-Wild5B_75",0.0133825760589162,"X",12314203,12314203,"X",6802665,6802665,12314203,6802665,TRUE,5511538,5511538,FALSE,615
"616","A6-Wild5B_34","A6-Wild5B_25",0.0133896138342681,"2L",17945784,17945784,"2L",10567015,10567015,17945784,10567015,TRUE,7378769,7378769,FALSE,616
"617","A6-Wild5B_54","A6-Wild5B_25",0.0133896138342681,"2L",17088368,17088368,"2L",10567015,10567015,17088368,10567015,TRUE,6521353,6521353,FALSE,617
"618","A6-Wild5B_39","A6-Wild5B_34",0.0133896138342681,"2L",20952528,20952528,"2L",17945784,17945784,20952528,17945784,TRUE,3006744,3006744,FALSE,618
"619","A6-Wild5B_47","A6-Wild5B_34",0.0133896138342681,"2L",7966456,7966456,"2L",17945784,17945784,7966456,17945784,TRUE,9979328,9979328,FALSE,619
"620","A6-Wild5B_56","A6-Wild5B_36",0.0133896138342681,"2L",18901797,18901797,"2L",19629864,19629864,18901797,19629864,TRUE,728067,728067,FALSE,620
"621","A6-Wild5B_54","A6-Wild5B_39",0.0133896138342681,"2L",17088368,17088368,"2L",20952528,20952528,17088368,20952528,TRUE,3864160,3864160,FALSE,621
"622","A6-Wild5B_54","A6-Wild5B_47",0.0133896138342681,"2L",17088368,17088368,"2L",7966456,7966456,17088368,7966456,TRUE,9121912,9121912,FALSE,622
"623","A6-Wild5B_143","A6-Wild5B_130",0.0133896138342681,"2R",14518122,14518122,"2R",13543833,13543833,14518122,13543833,TRUE,974289,974289,FALSE,623
"624","A6-Wild5B_99","A6-Wild5B_89",0.0133896138342681,"3R",27859546,27859546,"3R",4759777,4761207,27859546,4760492,TRUE,23099054,23098339,FALSE,624
"625","A6-Wild5B_103","A6-Wild5B_89",0.0133896138342681,"3R",29470824,29470824,"3R",4759777,4761207,29470824,4760492,TRUE,24710332,24709617,FALSE,625
"626","A6-Wild5B_107","A6-Wild5B_99",0.0133896138342681,"3R",10918807,10918807,"3R",27859546,27859546,10918807,27859546,TRUE,16940739,16940739,FALSE,626
"627","A6-Wild5B_112","A6-Wild5B_99",0.0133896138342681,"3R",17216226,17216226,"3R",27859546,27859546,17216226,27859546,TRUE,10643320,10643320,FALSE,627
"628","A6-Wild5B_119","A6-Wild5B_99",0.0133896138342681,"3R",21338431,21338431,"3R",27859546,27859546,21338431,27859546,TRUE,6521115,6521115,FALSE,628
"629","A6-Wild5B_124","A6-Wild5B_99",0.0133896138342681,"3R",27485330,27485331,"3R",27859546,27859546,27485330.5,27859546,TRUE,374215.5,374215,FALSE,629
"630","A6-Wild5B_107","A6-Wild5B_103",0.0133896138342681,"3R",10918807,10918807,"3R",29470824,29470824,10918807,29470824,TRUE,18552017,18552017,FALSE,630
"631","A6-Wild5B_112","A6-Wild5B_103",0.0133896138342681,"3R",17216226,17216226,"3R",29470824,29470824,17216226,29470824,TRUE,12254598,12254598,FALSE,631
"632","A6-Wild5B_119","A6-Wild5B_103",0.0133896138342681,"3R",21338431,21338431,"3R",29470824,29470824,21338431,29470824,TRUE,8132393,8132393,FALSE,632
"633","A6-Wild5B_124","A6-Wild5B_103",0.0133896138342681,"3R",27485330,27485331,"3R",29470824,29470824,27485330.5,29470824,TRUE,1985493.5,1985493,FALSE,633
"634","A6-Wild5B_70","A6-Wild5B_61",0.0133896138342681,"X",17275315,17275315,"X",6307214,6307214,17275315,6307214,TRUE,10968101,10968101,FALSE,634
"635","A6-Wild5B_71","A6-Wild5B_61",0.0133896138342681,"X",4490761,4490761,"X",6307214,6307214,4490761,6307214,TRUE,1816453,1816453,FALSE,635
"636","A6-Wild5B_79","A6-Wild5B_61",0.0133896138342681,"X",11176209,11176209,"X",6307214,6307214,11176209,6307214,TRUE,4868995,4868995,FALSE,636
"637","A6-Wild5B_115","A6-Wild5B_89",0.0133920089750832,"3R",17494003,17494003,"3R",4759777,4761207,17494003,4760492,TRUE,12733511,12732796,FALSE,637
"638","A6-Wild5B_114","A6-Wild5B_101",0.0133920089750832,"3R",17271847,17271847,"3R",28754073,28754073,17271847,28754073,TRUE,11482226,11482226,FALSE,638
"639","A6-Wild5B_114","A6-Wild5B_102",0.0133920089750832,"3R",17271847,17271847,"3R",28957954,28957954,17271847,28957954,TRUE,11686107,11686107,FALSE,639
"640","A6-Wild5B_125","A6-Wild5B_114",0.0133920089750832,"3R",27856815,27858239,"3R",17271847,17271847,27857527,17271847,TRUE,10585680,10584968,FALSE,640
"641","A6-Wild5B_145","A6-Wild5B_130",0.0133990566529042,"2R",19518677,19518677,"2R",13543833,13543833,19518677,13543833,TRUE,5974844,5974844,FALSE,641
"642","A6-Wild5B_6","A6-Wild5B_4",0.0133990566529042,"3L",19413146,19413146,"3L",12008163,12008163,19413146,12008163,TRUE,7404983,7404983,FALSE,642
"643","A6-Wild5B_9","A6-Wild5B_6",0.0133990566529042,"3L",4840417,4840417,"3L",19413146,19413146,4840417,19413146,TRUE,14572729,14572729,FALSE,643
"644","A6-Wild5B_101","A6-Wild5B_99",0.0133990566529042,"3R",28754073,28754073,"3R",27859546,27859546,28754073,27859546,TRUE,894527,894527,FALSE,644
"645","A6-Wild5B_117","A6-Wild5B_99",0.0133990566529042,"3R",18699956,18699956,"3R",27859546,27859546,18699956,27859546,TRUE,9159590,9159590,FALSE,645
"646","A6-Wild5B_103","A6-Wild5B_101",0.0133990566529042,"3R",29470824,29470824,"3R",28754073,28754073,29470824,28754073,TRUE,716751,716751,FALSE,646
"647","A6-Wild5B_117","A6-Wild5B_103",0.0133990566529042,"3R",18699956,18699956,"3R",29470824,29470824,18699956,29470824,TRUE,10770868,10770868,FALSE,647
"648","A6-Wild5B_85","A6-Wild5B_57",0.0133990566529042,"X",19790921,19790921,"X",996839,996839,19790921,996839,TRUE,18794082,18794082,FALSE,648
"649","A6-Wild5B_114","A6-Wild5B_89",0.0134014551989387,"3R",17271847,17271847,"3R",4759777,4761207,17271847,4760492,TRUE,12511355,12510640,FALSE,649
"650","A6-Wild5B_25","A6-Wild5B_22",0.0134085128001435,"2L",10567015,10567015,"2L",262632,262632,10567015,262632,TRUE,10304383,10304383,FALSE,650
"651","A6-Wild5B_39","A6-Wild5B_22",0.0134085128001435,"2L",20952528,20952528,"2L",262632,262632,20952528,262632,TRUE,20689896,20689896,FALSE,651
"652","A6-Wild5B_47","A6-Wild5B_22",0.0134085128001435,"2L",7966456,7966456,"2L",262632,262632,7966456,262632,TRUE,7703824,7703824,FALSE,652
"653","A6-Wild5B_134","A6-Wild5B_129",0.0134085128001435,"2R",19547861,19547861,"2R",7479086,7479086,19547861,7479086,TRUE,12068775,12068775,FALSE,653
"654","A6-Wild5B_137","A6-Wild5B_129",0.0134085128001435,"2R",5950277,5950277,"2R",7479086,7479086,5950277,7479086,TRUE,1528809,1528809,FALSE,654
"655","A6-Wild5B_142","A6-Wild5B_129",0.0134085128001435,"2R",11778230,11778230,"2R",7479086,7479086,11778230,7479086,TRUE,4299144,4299144,FALSE,655
"656","A6-Wild5B_141","A6-Wild5B_138",0.013443926030372,"2R",9243894,9243894,"2R",7735187,7735187,9243894,7735187,TRUE,1508707,1508707,FALSE,656
"657","A6-Wild5B_80","A6-Wild5B_57",0.013472525272538,"X",11420634,11420634,"X",996839,996839,11420634,996839,TRUE,10423795,10423795,FALSE,657
"658","A6-Wild5B_139","A6-Wild5B_128",0.0134734203219786,"2R",8174647,8174647,"2R",2309839,2311271,8174647,2310555,TRUE,5864092,5863376,FALSE,658
"659","A6-Wild5B_56","A6-Wild5B_42",0.013606200623418,"2L",18901797,18901797,"2L",259124,259126,18901797,259125,TRUE,18642672,18642671,FALSE,659
"660","A6-Wild5B_115","A6-Wild5B_113",0.0140591893338364,"3R",17494003,17494003,"3R",17243575,17243575,17494003,17243575,TRUE,250428,250428,FALSE,660
"661","A6-Wild5B_81","A6-Wild5B_64",0.0140591893338364,"X",12314203,12314203,"X",10644563,10644563,12314203,10644563,TRUE,1669640,1669640,FALSE,661
"662","A6-Wild5B_114","A6-Wild5B_113",0.0140690796248931,"3R",17271847,17271847,"3R",17243575,17243575,17271847,17243575,TRUE,28272,28272,FALSE,662
"663","A6-Wild5B_82","A6-Wild5B_81",0.0140690796248931,"X",12348619,12348619,"X",12314203,12314203,12348619,12314203,TRUE,34416,34416,FALSE,663
"664","A6-Wild5B_54","A6-Wild5B_36",0.0140704642888541,"2L",17088368,17088368,"2L",19629864,19629864,17088368,19629864,TRUE,2541496,2541496,FALSE,664
"665","A6-Wild5B_119","A6-Wild5B_110",0.0140704642888541,"3R",21338431,21338431,"3R",14096156,14096156,21338431,14096156,TRUE,7242275,7242275,FALSE,665
"666","A6-Wild5B_86","A6-Wild5B_64",0.0140789838413157,"X",19817401,19817401,"X",10644563,10644563,19817401,10644563,TRUE,9172838,9172838,FALSE,666
"667","A6-Wild5B_36","A6-Wild5B_34",0.0140803704724544,"2L",19629864,19629864,"2L",17945784,17945784,19629864,17945784,TRUE,1684080,1684080,FALSE,667
"668","A6-Wild5B_110","A6-Wild5B_107",0.0140803704724544,"3R",14096156,14096156,"3R",10918807,10918807,14096156,10918807,TRUE,3177349,3177349,FALSE,668
"669","A6-Wild5B_112","A6-Wild5B_110",0.0140803704724544,"3R",17216226,17216226,"3R",14096156,14096156,17216226,14096156,TRUE,3120070,3120070,FALSE,669
"670","A6-Wild5B_117","A6-Wild5B_110",0.0140803704724544,"3R",18699956,18699956,"3R",14096156,14096156,18699956,14096156,TRUE,4603800,4603800,FALSE,670
"671","A6-Wild5B_124","A6-Wild5B_110",0.0140803704724544,"3R",27485330,27485331,"3R",14096156,14096156,27485330.5,14096156,TRUE,13389174.5,13389174,FALSE,671
"672","A6-Wild5B_86","A6-Wild5B_82",0.0140889020125357,"X",19817401,19817401,"X",12348619,12348619,19817401,12348619,TRUE,7468782,7468782,FALSE,672
"673","A6-Wild5B_36","A6-Wild5B_31",0.0140902906150472,"2L",19629864,19629864,"2L",15077860,15077860,19629864,15077860,TRUE,4552004,4552004,FALSE,673
"674","A6-Wild5B_50","A6-Wild5B_36",0.0140902906150472,"2L",12245969,12245969,"2L",19629864,19629864,12245969,19629864,TRUE,7383895,7383895,FALSE,674
"675","A6-Wild5B_51","A6-Wild5B_36",0.0140902906150472,"2L",14671836,14671836,"2L",19629864,19629864,14671836,19629864,TRUE,4958028,4958028,FALSE,675
"676","A6-Wild5B_110","A6-Wild5B_101",0.0140902906150472,"3R",14096156,14096156,"3R",28754073,28754073,14096156,28754073,TRUE,14657917,14657917,FALSE,676
"677","A6-Wild5B_110","A6-Wild5B_102",0.0140902906150472,"3R",14096156,14096156,"3R",28957954,28957954,14096156,28957954,TRUE,14861798,14861798,FALSE,677
"678","A6-Wild5B_125","A6-Wild5B_110",0.0140902906150472,"3R",27856815,27858239,"3R",14096156,14096156,27857527,14096156,TRUE,13761371,13760659,FALSE,678
"679","A6-Wild5B_45","A6-Wild5B_36",0.0140953345545267,"2L",6316693,6316694,"2L",19629864,19629864,6316693.5,19629864,TRUE,13313170.5,13313170,FALSE,679
"680","A6-Wild5B_77","A6-Wild5B_61",0.014098834168068,"X",7620286,7620286,"X",6307214,6307214,7620286,6307214,TRUE,1313072,1313072,FALSE,680
"681","A6-Wild5B_36","A6-Wild5B_22",0.0141002247461592,"2L",19629864,19629864,"2L",262632,262632,19629864,262632,TRUE,19367232,19367232,FALSE,681
"682","A6-Wild5B_110","A6-Wild5B_89",0.0141002247461592,"3R",14096156,14096156,"3R",4759777,4761207,14096156,4760492,TRUE,9335664,9334949,FALSE,682
"683","A6-Wild5B_115","A6-Wild5B_94",0.0141101728954004,"3R",17494003,17494003,"3R",20782843,20782843,17494003,20782843,TRUE,3288840,3288840,FALSE,683
"684","A6-Wild5B_120","A6-Wild5B_115",0.0141101728954004,"3R",22494566,22494566,"3R",17494003,17494003,22494566,17494003,TRUE,5000563,5000563,FALSE,684
"685","A6-Wild5B_81","A6-Wild5B_57",0.0141101728954004,"X",12314203,12314203,"X",996839,996839,12314203,996839,TRUE,11317364,11317364,FALSE,685
"686","A6-Wild5B_86","A6-Wild5B_57",0.0141101728954004,"X",19817401,19817401,"X",996839,996839,19817401,996839,TRUE,18820562,18820562,FALSE,686
"687","A6-Wild5B_81","A6-Wild5B_65",0.0141101728954004,"X",12314203,12314203,"X",11427328,11427328,12314203,11427328,TRUE,886875,886875,FALSE,687
"688","A6-Wild5B_86","A6-Wild5B_65",0.0141101728954004,"X",19817401,19817401,"X",11427328,11427328,19817401,11427328,TRUE,8390073,8390073,FALSE,688
"689","A6-Wild5B_108","A6-Wild5B_105",0.0141123235356312,"3R",12789257,12789257,"3R",4821131,4821131,12789257,4821131,TRUE,7968126,7968126,FALSE,689
"690","A6-Wild5B_114","A6-Wild5B_94",0.0141201350924643,"3R",17271847,17271847,"3R",20782843,20782843,17271847,20782843,TRUE,3510996,3510996,FALSE,690
"691","A6-Wild5B_120","A6-Wild5B_114",0.0141201350924643,"3R",22494566,22494566,"3R",17271847,17271847,22494566,17271847,TRUE,5222719,5222719,FALSE,691
"692","A6-Wild5B_118","A6-Wild5B_115",0.0141201350924643,"3R",20778651,20778651,"3R",17494003,17494003,20778651,17494003,TRUE,3284648,3284648,FALSE,692
"693","A6-Wild5B_115","A6-Wild5B_90",0.0141301113671283,"3R",17494003,17494003,"3R",10496725,10496725,17494003,10496725,TRUE,6997278,6997278,FALSE,693
"694","A6-Wild5B_118","A6-Wild5B_114",0.0141301113671283,"3R",20778651,20778651,"3R",17271847,17271847,20778651,17271847,TRUE,3506804,3506804,FALSE,694
"695","A6-Wild5B_114","A6-Wild5B_90",0.0141401017492541,"3R",17271847,17271847,"3R",10496725,10496725,17271847,10496725,TRUE,6775122,6775122,FALSE,695
"696","A6-Wild5B_45","A6-Wild5B_42",0.0143173313690338,"2L",6316693,6316694,"2L",259124,259126,6316693.5,259125,TRUE,6057568.5,6057567,FALSE,696
"697","A6-Wild5B_54","A6-Wild5B_35",0.0147687878058791,"2L",17088368,17088368,"2L",18025740,18025740,17088368,18025740,TRUE,937372,937372,FALSE,697
"698","A6-Wild5B_54","A6-Wild5B_43",0.0147687878058791,"2L",17088368,17088368,"2L",3773642,3773642,17088368,3773642,TRUE,13314726,13314726,FALSE,698
"699","A6-Wild5B_119","A6-Wild5B_113",0.0147687878058791,"3R",21338431,21338431,"3R",17243575,17243575,21338431,17243575,TRUE,4094856,4094856,FALSE,699
"700","A6-Wild5B_79","A6-Wild5B_64",0.0147687878058791,"X",11176209,11176209,"X",10644563,10644563,11176209,10644563,TRUE,531646,531646,FALSE,700
"701","A6-Wild5B_82","A6-Wild5B_79",0.0147687878058791,"X",12348619,12348619,"X",11176209,11176209,12348619,11176209,TRUE,1172410,1172410,FALSE,701
"702","A6-Wild5B_35","A6-Wild5B_34",0.0147791819853159,"2L",18025740,18025740,"2L",17945784,17945784,18025740,17945784,TRUE,79956,79956,FALSE,702
"703","A6-Wild5B_113","A6-Wild5B_107",0.0147791819853159,"3R",17243575,17243575,"3R",10918807,10918807,17243575,10918807,TRUE,6324768,6324768,FALSE,703
"704","A6-Wild5B_113","A6-Wild5B_112",0.0147791819853159,"3R",17243575,17243575,"3R",17216226,17216226,17243575,17216226,TRUE,27349,27349,FALSE,704
"705","A6-Wild5B_117","A6-Wild5B_113",0.0147791819853159,"3R",18699956,18699956,"3R",17243575,17243575,18699956,17243575,TRUE,1456381,1456381,FALSE,705
"706","A6-Wild5B_124","A6-Wild5B_113",0.0147791819853159,"3R",27485330,27485331,"3R",17243575,17243575,27485330.5,17243575,TRUE,10241755.5,10241755,FALSE,706
"707","A6-Wild5B_70","A6-Wild5B_64",0.0147791819853159,"X",17275315,17275315,"X",10644563,10644563,17275315,10644563,TRUE,6630752,6630752,FALSE,707
"708","A6-Wild5B_71","A6-Wild5B_64",0.0147791819853159,"X",4490761,4490761,"X",10644563,10644563,4490761,10644563,TRUE,6153802,6153802,FALSE,708
"709","A6-Wild5B_35","A6-Wild5B_31",0.0147895908062543,"2L",18025740,18025740,"2L",15077860,15077860,18025740,15077860,TRUE,2947880,2947880,FALSE,709
"710","A6-Wild5B_43","A6-Wild5B_34",0.0147895908062543,"2L",3773642,3773642,"2L",17945784,17945784,3773642,17945784,TRUE,14172142,14172142,FALSE,710
"711","A6-Wild5B_50","A6-Wild5B_35",0.0147895908062543,"2L",12245969,12245969,"2L",18025740,18025740,12245969,18025740,TRUE,5779771,5779771,FALSE,711
"712","A6-Wild5B_51","A6-Wild5B_35",0.0147895908062543,"2L",14671836,14671836,"2L",18025740,18025740,14671836,18025740,TRUE,3353904,3353904,FALSE,712
"713","A6-Wild5B_113","A6-Wild5B_101",0.0147895908062543,"3R",17243575,17243575,"3R",28754073,28754073,17243575,28754073,TRUE,11510498,11510498,FALSE,713
"714","A6-Wild5B_113","A6-Wild5B_102",0.0147895908062543,"3R",17243575,17243575,"3R",28957954,28957954,17243575,28957954,TRUE,11714379,11714379,FALSE,714
"715","A6-Wild5B_125","A6-Wild5B_113",0.0147895908062543,"3R",27856815,27858239,"3R",17243575,17243575,27857527,17243575,TRUE,10613952,10613240,FALSE,715
"716","A6-Wild5B_75","A6-Wild5B_64",0.0147895908062543,"X",6802665,6802665,"X",10644563,10644563,6802665,10644563,TRUE,3841898,3841898,FALSE,716
"717","A6-Wild5B_82","A6-Wild5B_70",0.0147895908062543,"X",12348619,12348619,"X",17275315,17275315,12348619,17275315,TRUE,4926696,4926696,FALSE,717
"718","A6-Wild5B_82","A6-Wild5B_71",0.0147895908062543,"X",12348619,12348619,"X",4490761,4490761,12348619,4490761,TRUE,7857858,7857858,FALSE,718
"719","A6-Wild5B_35","A6-Wild5B_22",0.0148000142996534,"2L",18025740,18025740,"2L",262632,262632,18025740,262632,TRUE,17763108,17763108,FALSE,719
"720","A6-Wild5B_43","A6-Wild5B_22",0.0148000142996534,"2L",3773642,3773642,"2L",262632,262632,3773642,262632,TRUE,3511010,3511010,FALSE,720
"721","A6-Wild5B_43","A6-Wild5B_31",0.0148000142996534,"2L",3773642,3773642,"2L",15077860,15077860,3773642,15077860,TRUE,11304218,11304218,FALSE,721
"722","A6-Wild5B_50","A6-Wild5B_43",0.0148000142996534,"2L",12245969,12245969,"2L",3773642,3773642,12245969,3773642,TRUE,8472327,8472327,FALSE,722
"723","A6-Wild5B_51","A6-Wild5B_43",0.0148000142996534,"2L",14671836,14671836,"2L",3773642,3773642,14671836,3773642,TRUE,10898194,10898194,FALSE,723
"724","A6-Wild5B_6","A6-Wild5B_2",0.0148000142996534,"3L",19413146,19413146,"3L",5841802,5841802,19413146,5841802,TRUE,13571344,13571344,FALSE,724
"725","A6-Wild5B_16","A6-Wild5B_6",0.0148000142996534,"3L",17566666,17566666,"3L",19413146,19413146,17566666,19413146,TRUE,1846480,1846480,FALSE,725
"726","A6-Wild5B_113","A6-Wild5B_89",0.0148000142996534,"3R",17243575,17243575,"3R",4759777,4761207,17243575,4760492,TRUE,12483083,12482368,FALSE,726
"727","A6-Wild5B_82","A6-Wild5B_75",0.0148000142996534,"X",12348619,12348619,"X",6802665,6802665,12348619,6802665,TRUE,5545954,5545954,FALSE,727
"728","A6-Wild5B_49","A6-Wild5B_24",0.014802831294981,"2L",10442061,10442061,"2L",6587078,6587081,10442061,6587079.5,TRUE,3854981.5,3854980,FALSE,728
"729","A6-Wild5B_49","A6-Wild5B_26",0.014802831294981,"2L",10442061,10442061,"2L",10933389,10933389,10442061,10933389,TRUE,491328,491328,FALSE,729
"730","A6-Wild5B_49","A6-Wild5B_29",0.014802831294981,"2L",10442061,10442061,"2L",12325056,12325056,10442061,12325056,TRUE,1882995,1882995,FALSE,730
"731","A6-Wild5B_49","A6-Wild5B_32",0.014802831294981,"2L",10442061,10442061,"2L",15142559,15142559,10442061,15142559,TRUE,4700498,4700498,FALSE,731
"732","A6-Wild5B_49","A6-Wild5B_37",0.014802831294981,"2L",10442061,10442061,"2L",19890229,19890229,10442061,19890229,TRUE,9448168,9448168,FALSE,732
"733","A6-Wild5B_49","A6-Wild5B_48",0.014802831294981,"2L",10442061,10442061,"2L",9564503,9564503,10442061,9564503,TRUE,877558,877558,FALSE,733
"734","A6-Wild5B_52","A6-Wild5B_49",0.014802831294981,"2L",14887432,14887432,"2L",10442061,10442061,14887432,10442061,TRUE,4445371,4445371,FALSE,734
"735","A6-Wild5B_53","A6-Wild5B_49",0.014802831294981,"2L",15931742,15931742,"2L",10442061,10442061,15931742,10442061,TRUE,5489681,5489681,FALSE,735
"736","A6-Wild5B_95","A6-Wild5B_88",0.014802831294981,"3R",22164432,22164442,"3R",2387287,2387287,22164437,2387287,TRUE,19777150,19777145,FALSE,736
"737","A6-Wild5B_111","A6-Wild5B_88",0.014802831294981,"3R",14873309,14873309,"3R",2387287,2387287,14873309,2387287,TRUE,12486022,12486022,FALSE,737
"738","A6-Wild5B_95","A6-Wild5B_91",0.014802831294981,"3R",22164432,22164442,"3R",10914458,10914458,22164437,10914458,TRUE,11249979,11249974,FALSE,738
"739","A6-Wild5B_111","A6-Wild5B_91",0.014802831294981,"3R",14873309,14873309,"3R",10914458,10914458,14873309,10914458,TRUE,3958851,3958851,FALSE,739
"740","A6-Wild5B_97","A6-Wild5B_95",0.014802831294981,"3R",25086787,25086787,"3R",22164432,22164442,25086787,22164437,TRUE,2922350,2922345,FALSE,740
"741","A6-Wild5B_100","A6-Wild5B_95",0.014802831294981,"3R",28106715,28106715,"3R",22164432,22164442,28106715,22164437,TRUE,5942278,5942273,FALSE,741
"742","A6-Wild5B_106","A6-Wild5B_95",0.014802831294981,"3R",6228695,6228695,"3R",22164432,22164442,6228695,22164437,TRUE,15935742,15935737,FALSE,742
"743","A6-Wild5B_116","A6-Wild5B_95",0.014802831294981,"3R",17900927,17900927,"3R",22164432,22164442,17900927,22164437,TRUE,4263510,4263505,FALSE,743
"744","A6-Wild5B_121","A6-Wild5B_95",0.014802831294981,"3R",23293133,23293133,"3R",22164432,22164442,23293133,22164437,TRUE,1128696,1128691,FALSE,744
"745","A6-Wild5B_126","A6-Wild5B_95",0.014802831294981,"3R",30183667,30183667,"3R",22164432,22164442,30183667,22164437,TRUE,8019230,8019225,FALSE,745
"746","A6-Wild5B_111","A6-Wild5B_97",0.014802831294981,"3R",14873309,14873309,"3R",25086787,25086787,14873309,25086787,TRUE,10213478,10213478,FALSE,746
"747","A6-Wild5B_111","A6-Wild5B_100",0.014802831294981,"3R",14873309,14873309,"3R",28106715,28106715,14873309,28106715,TRUE,13233406,13233406,FALSE,747
"748","A6-Wild5B_111","A6-Wild5B_106",0.014802831294981,"3R",14873309,14873309,"3R",6228695,6228695,14873309,6228695,TRUE,8644614,8644614,FALSE,748
"749","A6-Wild5B_116","A6-Wild5B_111",0.014802831294981,"3R",17900927,17900927,"3R",14873309,14873309,17900927,14873309,TRUE,3027618,3027618,FALSE,749
"750","A6-Wild5B_121","A6-Wild5B_111",0.014802831294981,"3R",23293133,23293133,"3R",14873309,14873309,23293133,14873309,TRUE,8419824,8419824,FALSE,750
"751","A6-Wild5B_126","A6-Wild5B_111",0.014802831294981,"3R",30183667,30183667,"3R",14873309,14873309,30183667,14873309,TRUE,15310358,15310358,FALSE,751
"752","A6-Wild5B_56","A6-Wild5B_22",0.0148091105501194,"2L",18901797,18901797,"2L",262632,262632,18901797,262632,TRUE,18639165,18639165,FALSE,752
"753","A6-Wild5B_56","A6-Wild5B_34",0.0148091105501194,"2L",18901797,18901797,"2L",17945784,17945784,18901797,17945784,TRUE,956013,956013,FALSE,753
"754","A6-Wild5B_56","A6-Wild5B_54",0.0148091105501194,"2L",18901797,18901797,"2L",17088368,17088368,18901797,17088368,TRUE,1813429,1813429,FALSE,754
"755","A6-Wild5B_131","A6-Wild5B_129",0.0148091105501194,"2R",17375432,17375432,"2R",7479086,7479086,17375432,7479086,TRUE,9896346,9896346,FALSE,755
"756","A6-Wild5B_133","A6-Wild5B_131",0.0148091105501194,"2R",19073594,19073594,"2R",17375432,17375432,19073594,17375432,TRUE,1698162,1698162,FALSE,756
"757","A6-Wild5B_70","A6-Wild5B_66",0.0148091105501194,"X",17275315,17275315,"X",12634045,12634045,17275315,12634045,TRUE,4641270,4641270,FALSE,757
"758","A6-Wild5B_71","A6-Wild5B_66",0.0148091105501194,"X",4490761,4490761,"X",12634045,12634045,4490761,12634045,TRUE,8143284,8143284,FALSE,758
"759","A6-Wild5B_79","A6-Wild5B_66",0.0148091105501194,"X",11176209,11176209,"X",12634045,12634045,11176209,12634045,TRUE,1457836,1457836,FALSE,759
"760","A6-Wild5B_8","A6-Wild5B_6",0.0148104524965602,"3L",4001152,4001152,"3L",19413146,19413146,4001152,19413146,TRUE,15411994,15411994,FALSE,760
"761","A6-Wild5B_107","A6-Wild5B_94",0.0148115926636785,"3R",10918807,10918807,"3R",20782843,20782843,10918807,20782843,TRUE,9864036,9864036,FALSE,761
"762","A6-Wild5B_112","A6-Wild5B_94",0.0148115926636785,"3R",17216226,17216226,"3R",20782843,20782843,17216226,20782843,TRUE,3566617,3566617,FALSE,762
"763","A6-Wild5B_119","A6-Wild5B_94",0.0148115926636785,"3R",21338431,21338431,"3R",20782843,20782843,21338431,20782843,TRUE,555588,555588,FALSE,763
"764","A6-Wild5B_124","A6-Wild5B_94",0.0148115926636785,"3R",27485330,27485331,"3R",20782843,20782843,27485330.5,20782843,TRUE,6702487.5,6702487,FALSE,764
"765","A6-Wild5B_120","A6-Wild5B_107",0.0148115926636785,"3R",22494566,22494566,"3R",10918807,10918807,22494566,10918807,TRUE,11575759,11575759,FALSE,765
"766","A6-Wild5B_120","A6-Wild5B_112",0.0148115926636785,"3R",22494566,22494566,"3R",17216226,17216226,22494566,17216226,TRUE,5278340,5278340,FALSE,766
"767","A6-Wild5B_120","A6-Wild5B_119",0.0148115926636785,"3R",22494566,22494566,"3R",21338431,21338431,22494566,21338431,TRUE,1156135,1156135,FALSE,767
"768","A6-Wild5B_124","A6-Wild5B_120",0.0148115926636785,"3R",27485330,27485331,"3R",22494566,22494566,27485330.5,22494566,TRUE,4990764.5,4990764,FALSE,768
"769","A6-Wild5B_70","A6-Wild5B_57",0.0148115926636785,"X",17275315,17275315,"X",996839,996839,17275315,996839,TRUE,16278476,16278476,FALSE,769
"770","A6-Wild5B_71","A6-Wild5B_57",0.0148115926636785,"X",4490761,4490761,"X",996839,996839,4490761,996839,TRUE,3493922,3493922,FALSE,770
"771","A6-Wild5B_79","A6-Wild5B_57",0.0148115926636785,"X",11176209,11176209,"X",996839,996839,11176209,996839,TRUE,10179370,10179370,FALSE,771
"772","A6-Wild5B_70","A6-Wild5B_65",0.0148115926636785,"X",17275315,17275315,"X",11427328,11427328,17275315,11427328,TRUE,5847987,5847987,FALSE,772
"773","A6-Wild5B_71","A6-Wild5B_65",0.0148115926636785,"X",4490761,4490761,"X",11427328,11427328,4490761,11427328,TRUE,6936567,6936567,FALSE,773
"774","A6-Wild5B_79","A6-Wild5B_65",0.0148115926636785,"X",11176209,11176209,"X",11427328,11427328,11176209,11427328,TRUE,251119,251119,FALSE,774
"775","A6-Wild5B_49","A6-Wild5B_44",0.0148132736157182,"2L",10442061,10442061,"2L",6115657,6115657,10442061,6115657,TRUE,4326404,4326404,FALSE,775
"776","A6-Wild5B_95","A6-Wild5B_93",0.0148132736157182,"3R",22164432,22164442,"3R",20526431,20526431,22164437,20526431,TRUE,1638006,1638001,FALSE,776
"777","A6-Wild5B_111","A6-Wild5B_93",0.0148132736157182,"3R",14873309,14873309,"3R",20526431,20526431,14873309,20526431,TRUE,5653122,5653122,FALSE,777
"778","A6-Wild5B_123","A6-Wild5B_95",0.0148132736157182,"3R",25937673,25937673,"3R",22164432,22164442,25937673,22164437,TRUE,3773236,3773231,FALSE,778
"779","A6-Wild5B_123","A6-Wild5B_111",0.0148132736157182,"3R",25937673,25937673,"3R",14873309,14873309,25937673,14873309,TRUE,11064364,11064364,FALSE,779
"780","A6-Wild5B_69","A6-Wild5B_67",0.0148132736157182,"X",14960688,14960688,"X",13431448,13431448,14960688,13431448,TRUE,1529240,1529240,FALSE,780
"781","A6-Wild5B_76","A6-Wild5B_69",0.0148132736157182,"X",6944927,6944927,"X",14960688,14960688,6944927,14960688,TRUE,8015761,8015761,FALSE,781
"782","A6-Wild5B_78","A6-Wild5B_69",0.0148132736157182,"X",7978988,7978988,"X",14960688,14960688,7978988,14960688,TRUE,6981700,6981700,FALSE,782
"783","A6-Wild5B_86","A6-Wild5B_66",0.014819561693573,"X",19817401,19817401,"X",12634045,12634045,19817401,12634045,TRUE,7183356,7183356,FALSE,783
"784","A6-Wild5B_6","A6-Wild5B_3",0.0148209054281089,"3L",19413146,19413146,"3L",9319648,9319648,19413146,9319648,TRUE,10093498,10093498,FALSE,784
"785","A6-Wild5B_23","A6-Wild5B_22",0.0148220472202374,"2L",2003771,2003771,"2L",262632,262632,2003771,262632,TRUE,1741139,1741139,FALSE,785
"786","A6-Wild5B_55","A6-Wild5B_22",0.0148220472202374,"2L",18286654,18286654,"2L",262632,262632,18286654,262632,TRUE,18024022,18024022,FALSE,786
"787","A6-Wild5B_31","A6-Wild5B_23",0.0148220472202374,"2L",15077860,15077860,"2L",2003771,2003771,15077860,2003771,TRUE,13074089,13074089,FALSE,787
"788","A6-Wild5B_34","A6-Wild5B_23",0.0148220472202374,"2L",17945784,17945784,"2L",2003771,2003771,17945784,2003771,TRUE,15942013,15942013,FALSE,788
"789","A6-Wild5B_50","A6-Wild5B_23",0.0148220472202374,"2L",12245969,12245969,"2L",2003771,2003771,12245969,2003771,TRUE,10242198,10242198,FALSE,789
"790","A6-Wild5B_51","A6-Wild5B_23",0.0148220472202374,"2L",14671836,14671836,"2L",2003771,2003771,14671836,2003771,TRUE,12668065,12668065,FALSE,790
"791","A6-Wild5B_54","A6-Wild5B_23",0.0148220472202374,"2L",17088368,17088368,"2L",2003771,2003771,17088368,2003771,TRUE,15084597,15084597,FALSE,791
"792","A6-Wild5B_55","A6-Wild5B_31",0.0148220472202374,"2L",18286654,18286654,"2L",15077860,15077860,18286654,15077860,TRUE,3208794,3208794,FALSE,792
"793","A6-Wild5B_55","A6-Wild5B_34",0.0148220472202374,"2L",18286654,18286654,"2L",17945784,17945784,18286654,17945784,TRUE,340870,340870,FALSE,793
"794","A6-Wild5B_55","A6-Wild5B_50",0.0148220472202374,"2L",18286654,18286654,"2L",12245969,12245969,18286654,12245969,TRUE,6040685,6040685,FALSE,794
"795","A6-Wild5B_55","A6-Wild5B_51",0.0148220472202374,"2L",18286654,18286654,"2L",14671836,14671836,18286654,14671836,TRUE,3614818,3614818,FALSE,795
"796","A6-Wild5B_55","A6-Wild5B_54",0.0148220472202374,"2L",18286654,18286654,"2L",17088368,17088368,18286654,17088368,TRUE,1198286,1198286,FALSE,796
"797","A6-Wild5B_141","A6-Wild5B_129",0.0148220472202374,"2R",9243894,9243894,"2R",7479086,7479086,9243894,7479086,TRUE,1764808,1764808,FALSE,797
"798","A6-Wild5B_141","A6-Wild5B_132",0.0148220472202374,"2R",9243894,9243894,"2R",19053462,19053462,9243894,19053462,TRUE,9809568,9809568,FALSE,798
"799","A6-Wild5B_141","A6-Wild5B_133",0.0148220472202374,"2R",9243894,9243894,"2R",19073594,19073594,9243894,19073594,TRUE,9829700,9829700,FALSE,799
"800","A6-Wild5B_101","A6-Wild5B_94",0.0148220472202374,"3R",28754073,28754073,"3R",20782843,20782843,28754073,20782843,TRUE,7971230,7971230,FALSE,800
"801","A6-Wild5B_102","A6-Wild5B_94",0.0148220472202374,"3R",28957954,28957954,"3R",20782843,20782843,28957954,20782843,TRUE,8175111,8175111,FALSE,801
"802","A6-Wild5B_117","A6-Wild5B_94",0.0148220472202374,"3R",18699956,18699956,"3R",20782843,20782843,18699956,20782843,TRUE,2082887,2082887,FALSE,802
"803","A6-Wild5B_125","A6-Wild5B_94",0.0148220472202374,"3R",27856815,27858239,"3R",20782843,20782843,27857527,20782843,TRUE,7074684,7073972,FALSE,803
"804","A6-Wild5B_120","A6-Wild5B_101",0.0148220472202374,"3R",22494566,22494566,"3R",28754073,28754073,22494566,28754073,TRUE,6259507,6259507,FALSE,804
"805","A6-Wild5B_118","A6-Wild5B_102",0.0148220472202374,"3R",20778651,20778651,"3R",28957954,28957954,20778651,28957954,TRUE,8179303,8179303,FALSE,805
"806","A6-Wild5B_120","A6-Wild5B_102",0.0148220472202374,"3R",22494566,22494566,"3R",28957954,28957954,22494566,28957954,TRUE,6463388,6463388,FALSE,806
"807","A6-Wild5B_118","A6-Wild5B_107",0.0148220472202374,"3R",20778651,20778651,"3R",10918807,10918807,20778651,10918807,TRUE,9859844,9859844,FALSE,807
"808","A6-Wild5B_118","A6-Wild5B_112",0.0148220472202374,"3R",20778651,20778651,"3R",17216226,17216226,20778651,17216226,TRUE,3562425,3562425,FALSE,808
"809","A6-Wild5B_120","A6-Wild5B_117",0.0148220472202374,"3R",22494566,22494566,"3R",18699956,18699956,22494566,18699956,TRUE,3794610,3794610,FALSE,809
"810","A6-Wild5B_119","A6-Wild5B_118",0.0148220472202374,"3R",21338431,21338431,"3R",20778651,20778651,21338431,20778651,TRUE,559780,559780,FALSE,810
"811","A6-Wild5B_124","A6-Wild5B_118",0.0148220472202374,"3R",27485330,27485331,"3R",20778651,20778651,27485330.5,20778651,TRUE,6706679.5,6706679,FALSE,811
"812","A6-Wild5B_125","A6-Wild5B_118",0.0148220472202374,"3R",27856815,27858239,"3R",20778651,20778651,27857527,20778651,TRUE,7078876,7078164,FALSE,812
"813","A6-Wild5B_125","A6-Wild5B_120",0.0148220472202374,"3R",27856815,27858239,"3R",22494566,22494566,27857527,22494566,TRUE,5362961,5362249,FALSE,813
"814","A6-Wild5B_75","A6-Wild5B_57",0.0148220472202374,"X",6802665,6802665,"X",996839,996839,6802665,996839,TRUE,5805826,5805826,FALSE,814
"815","A6-Wild5B_75","A6-Wild5B_65",0.0148220472202374,"X",6802665,6802665,"X",11427328,11427328,6802665,11427328,TRUE,4624663,4624663,FALSE,815
"816","A6-Wild5B_49","A6-Wild5B_27",0.0148237306801492,"2L",10442061,10442061,"2L",11155310,11155311,10442061,11155310.5,TRUE,713249.5,713249,FALSE,816
"817","A6-Wild5B_45","A6-Wild5B_25",0.0148266093713941,"2L",6316693,6316694,"2L",10567015,10567015,6316693.5,10567015,TRUE,4250321.5,4250321,FALSE,817
"818","A6-Wild5B_45","A6-Wild5B_39",0.0148266093713941,"2L",6316693,6316694,"2L",20952528,20952528,6316693.5,20952528,TRUE,14635834.5,14635834,FALSE,818
"819","A6-Wild5B_47","A6-Wild5B_45",0.0148266093713941,"2L",7966456,7966456,"2L",6316693,6316694,7966456,6316693.5,TRUE,1649762.5,1649762,FALSE,819
"820","A6-Wild5B_56","A6-Wild5B_31",0.0148300275993285,"2L",18901797,18901797,"2L",15077860,15077860,18901797,15077860,TRUE,3823937,3823937,FALSE,820
"821","A6-Wild5B_56","A6-Wild5B_50",0.0148300275993285,"2L",18901797,18901797,"2L",12245969,12245969,18901797,12245969,TRUE,6655828,6655828,FALSE,821
"822","A6-Wild5B_56","A6-Wild5B_51",0.0148300275993285,"2L",18901797,18901797,"2L",14671836,14671836,18901797,14671836,TRUE,4229961,4229961,FALSE,822
"823","A6-Wild5B_132","A6-Wild5B_131",0.0148300275993285,"2R",19053462,19053462,"2R",17375432,17375432,19053462,17375432,TRUE,1678030,1678030,FALSE,823
"824","A6-Wild5B_75","A6-Wild5B_66",0.0148300275993285,"X",6802665,6802665,"X",12634045,12634045,6802665,12634045,TRUE,5831380,5831380,FALSE,824
"825","A6-Wild5B_40","A6-Wild5B_22",0.0148325165461372,"2L",21078116,21078116,"2L",262632,262632,21078116,262632,TRUE,20815484,20815484,FALSE,825
"826","A6-Wild5B_46","A6-Wild5B_22",0.0148325165461372,"2L",7934109,7934109,"2L",262632,262632,7934109,262632,TRUE,7671477,7671477,FALSE,826
"827","A6-Wild5B_40","A6-Wild5B_31",0.0148325165461372,"2L",21078116,21078116,"2L",15077860,15077860,21078116,15077860,TRUE,6000256,6000256,FALSE,827
"828","A6-Wild5B_46","A6-Wild5B_31",0.0148325165461372,"2L",7934109,7934109,"2L",15077860,15077860,7934109,15077860,TRUE,7143751,7143751,FALSE,828
"829","A6-Wild5B_40","A6-Wild5B_34",0.0148325165461372,"2L",21078116,21078116,"2L",17945784,17945784,21078116,17945784,TRUE,3132332,3132332,FALSE,829
"830","A6-Wild5B_46","A6-Wild5B_34",0.0148325165461372,"2L",7934109,7934109,"2L",17945784,17945784,7934109,17945784,TRUE,10011675,10011675,FALSE,830
"831","A6-Wild5B_50","A6-Wild5B_40",0.0148325165461372,"2L",12245969,12245969,"2L",21078116,21078116,12245969,21078116,TRUE,8832147,8832147,FALSE,831
"832","A6-Wild5B_51","A6-Wild5B_40",0.0148325165461372,"2L",14671836,14671836,"2L",21078116,21078116,14671836,21078116,TRUE,6406280,6406280,FALSE,832
"833","A6-Wild5B_54","A6-Wild5B_40",0.0148325165461372,"2L",17088368,17088368,"2L",21078116,21078116,17088368,21078116,TRUE,3989748,3989748,FALSE,833
"834","A6-Wild5B_50","A6-Wild5B_46",0.0148325165461372,"2L",12245969,12245969,"2L",7934109,7934109,12245969,7934109,TRUE,4311860,4311860,FALSE,834
"835","A6-Wild5B_51","A6-Wild5B_46",0.0148325165461372,"2L",14671836,14671836,"2L",7934109,7934109,14671836,7934109,TRUE,6737727,6737727,FALSE,835
"836","A6-Wild5B_54","A6-Wild5B_46",0.0148325165461372,"2L",17088368,17088368,"2L",7934109,7934109,17088368,7934109,TRUE,9154259,9154259,FALSE,836
"837","A6-Wild5B_11","A6-Wild5B_6",0.0148325165461372,"3L",8894574,8894574,"3L",19413146,19413146,8894574,19413146,TRUE,10518572,10518572,FALSE,837
"838","A6-Wild5B_19","A6-Wild5B_6",0.0148325165461372,"3L",20713459,20713459,"3L",19413146,19413146,20713459,19413146,TRUE,1300313,1300313,FALSE,838
"839","A6-Wild5B_20","A6-Wild5B_6",0.0148325165461372,"3L",22204693,22204693,"3L",19413146,19413146,22204693,19413146,TRUE,2791547,2791547,FALSE,839
"840","A6-Wild5B_94","A6-Wild5B_89",0.0148325165461372,"3R",20782843,20782843,"3R",4759777,4761207,20782843,4760492,TRUE,16022351,16021636,FALSE,840
"841","A6-Wild5B_118","A6-Wild5B_89",0.0148325165461372,"3R",20778651,20778651,"3R",4759777,4761207,20778651,4760492,TRUE,16018159,16017444,FALSE,841
"842","A6-Wild5B_120","A6-Wild5B_89",0.0148325165461372,"3R",22494566,22494566,"3R",4759777,4761207,22494566,4760492,TRUE,17734074,17733359,FALSE,842
"843","A6-Wild5B_102","A6-Wild5B_90",0.0148325165461372,"3R",28957954,28957954,"3R",10496725,10496725,28957954,10496725,TRUE,18461229,18461229,FALSE,843
"844","A6-Wild5B_107","A6-Wild5B_90",0.0148325165461372,"3R",10918807,10918807,"3R",10496725,10496725,10918807,10496725,TRUE,422082,422082,FALSE,844
"845","A6-Wild5B_112","A6-Wild5B_90",0.0148325165461372,"3R",17216226,17216226,"3R",10496725,10496725,17216226,10496725,TRUE,6719501,6719501,FALSE,845
"846","A6-Wild5B_119","A6-Wild5B_90",0.0148325165461372,"3R",21338431,21338431,"3R",10496725,10496725,21338431,10496725,TRUE,10841706,10841706,FALSE,846
"847","A6-Wild5B_124","A6-Wild5B_90",0.0148325165461372,"3R",27485330,27485331,"3R",10496725,10496725,27485330.5,10496725,TRUE,16988605.5,16988605,FALSE,847
"848","A6-Wild5B_125","A6-Wild5B_90",0.0148325165461372,"3R",27856815,27858239,"3R",10496725,10496725,27857527,10496725,TRUE,17360802,17360090,FALSE,848
"849","A6-Wild5B_118","A6-Wild5B_101",0.0148325165461372,"3R",20778651,20778651,"3R",28754073,28754073,20778651,28754073,TRUE,7975422,7975422,FALSE,849
"850","A6-Wild5B_118","A6-Wild5B_117",0.0148325165461372,"3R",20778651,20778651,"3R",18699956,18699956,20778651,18699956,TRUE,2078695,2078695,FALSE,850
"851","A6-Wild5B_90","A6-Wild5B_89",0.0148430006726984,"3R",10496725,10496725,"3R",4759777,4761207,10496725,4760492,TRUE,5736233,5735518,FALSE,851
"852","A6-Wild5B_101","A6-Wild5B_90",0.0148430006726984,"3R",28754073,28754073,"3R",10496725,10496725,28754073,10496725,TRUE,18257348,18257348,FALSE,852
"853","A6-Wild5B_117","A6-Wild5B_90",0.0148430006726984,"3R",18699956,18699956,"3R",10496725,10496725,18699956,10496725,TRUE,8203231,8203231,FALSE,853
"854","A6-Wild5B_138","A6-Wild5B_131",0.0148554094535138,"2R",7735187,7735187,"2R",17375432,17375432,7735187,17375432,TRUE,9640245,9640245,FALSE,854
"855","A6-Wild5B_138","A6-Wild5B_128",0.014883934199534,"2R",7735187,7735187,"2R",2309839,2311271,7735187,2310555,TRUE,5424632,5423916,FALSE,855
"856","A6-Wild5B_81","A6-Wild5B_80",0.0148870038412133,"X",12314203,12314203,"X",11420634,11420634,12314203,11420634,TRUE,893569,893569,FALSE,856
"857","A6-Wild5B_42","A6-Wild5B_31",0.0150147368687273,"2L",259124,259126,"2L",15077860,15077860,259125,15077860,TRUE,14818735,14818734,FALSE,857
"858","A6-Wild5B_50","A6-Wild5B_42",0.0150147368687273,"2L",12245969,12245969,"2L",259124,259126,12245969,259125,TRUE,11986844,11986843,FALSE,858
"859","A6-Wild5B_51","A6-Wild5B_42",0.0150147368687273,"2L",14671836,14671836,"2L",259124,259126,14671836,259125,TRUE,14412711,14412710,FALSE,859
"860","A6-Wild5B_42","A6-Wild5B_34",0.0150254803040601,"2L",259124,259126,"2L",17945784,17945784,259125,17945784,TRUE,17686659,17686658,FALSE,860
"861","A6-Wild5B_54","A6-Wild5B_42",0.0150254803040601,"2L",17088368,17088368,"2L",259124,259126,17088368,259125,TRUE,16829243,16829242,FALSE,861
"862","A6-Wild5B_7","A6-Wild5B_6",0.0150254803040601,"3L",3081513,3081513,"3L",19413146,19413146,3081513,19413146,TRUE,16331633,16331633,FALSE,862
"863","A6-Wild5B_18","A6-Wild5B_6",0.0150362391253995,"3L",18063281,18063281,"3L",19413146,19413146,18063281,19413146,TRUE,1349865,1349865,FALSE,863
"864","A6-Wild5B_42","A6-Wild5B_22",0.0150470133658221,"2L",259124,259126,"2L",262632,262632,259125,262632,TRUE,3507,3506,FALSE,864
"865","A6-Wild5B_119","A6-Wild5B_108",0.0154925681308571,"3R",21338431,21338431,"3R",12789257,12789257,21338431,12789257,TRUE,8549174,8549174,FALSE,865
"866","A6-Wild5B_104","A6-Wild5B_95",0.015502028420946,"3R",29691953,29691953,"3R",22164432,22164442,29691953,22164437,TRUE,7527516,7527511,FALSE,866
"867","A6-Wild5B_111","A6-Wild5B_104",0.015502028420946,"3R",14873309,14873309,"3R",29691953,29691953,14873309,29691953,TRUE,14818644,14818644,FALSE,867
"868","A6-Wild5B_117","A6-Wild5B_108",0.0155034862293531,"3R",18699956,18699956,"3R",12789257,12789257,18699956,12789257,TRUE,5910699,5910699,FALSE,868
"869","A6-Wild5B_77","A6-Wild5B_64",0.0155117585526355,"X",7620286,7620286,"X",10644563,10644563,7620286,10644563,TRUE,3024277,3024277,FALSE,869
"870","A6-Wild5B_108","A6-Wild5B_107",0.0155144197279553,"3R",12789257,12789257,"3R",10918807,10918807,12789257,10918807,TRUE,1870450,1870450,FALSE,870
"871","A6-Wild5B_112","A6-Wild5B_108",0.0155144197279553,"3R",17216226,17216226,"3R",12789257,12789257,17216226,12789257,TRUE,4426969,4426969,FALSE,871
"872","A6-Wild5B_124","A6-Wild5B_108",0.0155144197279553,"3R",27485330,27485331,"3R",12789257,12789257,27485330.5,12789257,TRUE,14696073.5,14696073,FALSE,872
"873","A6-Wild5B_82","A6-Wild5B_77",0.0155227036905788,"X",12348619,12348619,"X",7620286,7620286,12348619,7620286,TRUE,4728333,4728333,FALSE,873
"874","A6-Wild5B_108","A6-Wild5B_101",0.0155253686592713,"3R",12789257,12789257,"3R",28754073,28754073,12789257,28754073,TRUE,15964816,15964816,FALSE,874
"875","A6-Wild5B_108","A6-Wild5B_102",0.0155253686592713,"3R",12789257,12789257,"3R",28957954,28957954,12789257,28957954,TRUE,16168697,16168697,FALSE,875
"876","A6-Wild5B_125","A6-Wild5B_108",0.0155253686592713,"3R",27856815,27858239,"3R",12789257,12789257,27857527,12789257,TRUE,15068270,15067558,FALSE,876
"877","A6-Wild5B_144","A6-Wild5B_130",0.0155277774646491,"2R",15722342,15722427,"2R",13543833,13543833,15722384.5,13543833,TRUE,2178551.5,2178509,FALSE,877
"878","A6-Wild5B_108","A6-Wild5B_89",0.0155363330560003,"3R",12789257,12789257,"3R",4759777,4761207,12789257,4760492,TRUE,8028765,8028050,FALSE,878
"879","A6-Wild5B_77","A6-Wild5B_57",0.0155447677401559,"X",7620286,7620286,"X",996839,996839,7620286,996839,TRUE,6623447,6623447,FALSE,879
"880","A6-Wild5B_77","A6-Wild5B_65",0.0155447677401559,"X",7620286,7620286,"X",11427328,11427328,7620286,11427328,TRUE,3807042,3807042,FALSE,880
"881","A6-Wild5B_21","A6-Wild5B_7",0.0158955601119681,"3L",23179215,23180642,"3L",3081513,3081513,23179928.5,3081513,TRUE,20098415.5,20097702,FALSE,881
"882","A6-Wild5B_21","A6-Wild5B_18",0.0158955601119681,"3L",23179215,23180642,"3L",18063281,18063281,23179928.5,18063281,TRUE,5116647.5,5115934,FALSE,882
"883","A6-Wild5B_45","A6-Wild5B_35",0.0162151085216739,"2L",6316693,6316694,"2L",18025740,18025740,6316693.5,18025740,TRUE,11709046.5,11709046,FALSE,883
"884","A6-Wild5B_115","A6-Wild5B_108",0.0162151085216739,"3R",17494003,17494003,"3R",12789257,12789257,17494003,12789257,TRUE,4704746,4704746,FALSE,884
"885","A6-Wild5B_45","A6-Wild5B_43",0.0162265487908567,"2L",6316693,6316694,"2L",3773642,3773642,6316693.5,3773642,TRUE,2543051.5,2543051,FALSE,885
"886","A6-Wild5B_114","A6-Wild5B_108",0.0162265487908567,"3R",17271847,17271847,"3R",12789257,12789257,17271847,12789257,TRUE,4482590,4482590,FALSE,886
"887","A6-Wild5B_49","A6-Wild5B_30",0.0162282676777771,"2L",10442061,10442061,"2L",13575158,13575158,10442061,13575158,TRUE,3133097,3133097,FALSE,887
"888","A6-Wild5B_69","A6-Wild5B_59",0.0162397266906355,"X",14960688,14960688,"X",5113101,5113105,14960688,5113103,TRUE,9847585,9847583,FALSE,888
"889","A6-Wild5B_85","A6-Wild5B_66",0.0162430851689088,"X",19790921,19790921,"X",12634045,12634045,19790921,12634045,TRUE,7156876,7156876,FALSE,889
"890","A6-Wild5B_69","A6-Wild5B_63",0.0162512018985806,"X",14960688,14960688,"X",9440961,9440963,14960688,9440962,TRUE,5519726,5519725,FALSE,890
"891","A6-Wild5B_129","A6-Wild5B_128",0.0162609666655446,"2R",7479086,7479086,"2R",2309839,2311271,7479086,2310555,TRUE,5168531,5167815,FALSE,891
"892","A6-Wild5B_132","A6-Wild5B_128",0.0162609666655446,"2R",19053462,19053462,"2R",2309839,2311271,19053462,2310555,TRUE,16742907,16742191,FALSE,892
"893","A6-Wild5B_133","A6-Wild5B_128",0.0162609666655446,"2R",19073594,19073594,"2R",2309839,2311271,19073594,2310555,TRUE,16763039,16762323,FALSE,893
"894","A6-Wild5B_56","A6-Wild5B_38",0.0162660611332348,"2L",18901797,18901797,"2L",20715244,20715244,18901797,20715244,TRUE,1813447,1813447,FALSE,894
"895","A6-Wild5B_56","A6-Wild5B_41",0.0162660611332348,"2L",18901797,18901797,"2L",21783487,21783487,18901797,21783487,TRUE,2881690,2881690,FALSE,895
"896","A6-Wild5B_85","A6-Wild5B_77",0.0162710672346679,"X",19790921,19790921,"X",7620286,7620286,19790921,7620286,TRUE,12170635,12170635,FALSE,896
"897","A6-Wild5B_45","A6-Wild5B_23",0.016274640877706,"2L",6316693,6316694,"2L",2003771,2003771,6316693.5,2003771,TRUE,4312922.5,4312922,FALSE,897
"898","A6-Wild5B_55","A6-Wild5B_45",0.016274640877706,"2L",18286654,18286654,"2L",6316693,6316694,18286654,6316693.5,TRUE,11969960.5,11969960,FALSE,898
"899","A6-Wild5B_45","A6-Wild5B_40",0.0162861653679735,"2L",6316693,6316694,"2L",21078116,21078116,6316693.5,21078116,TRUE,14761422.5,14761422,FALSE,899
"900","A6-Wild5B_46","A6-Wild5B_45",0.0162861653679735,"2L",7934109,7934109,"2L",6316693,6316694,7934109,6316693.5,TRUE,1617415.5,1617415,FALSE,900
"901","A6-Wild5B_80","A6-Wild5B_77",0.0163056743720074,"X",11420634,11420634,"X",7620286,7620286,11420634,7620286,TRUE,3800348,3800348,FALSE,901
"902","A6-Wild5B_86","A6-Wild5B_80",0.0163302423187805,"X",19817401,19817401,"X",11420634,11420634,19817401,11420634,TRUE,8396767,8396767,FALSE,902
"903","A6-Wild5B_21","A6-Wild5B_4",0.0163884245501563,"3L",23179215,23180642,"3L",12008163,12008163,23179928.5,12008163,TRUE,11171765.5,11171052,FALSE,903
"904","A6-Wild5B_21","A6-Wild5B_9",0.0163884245501563,"3L",23179215,23180642,"3L",4840417,4840417,23179928.5,4840417,TRUE,18339511.5,18338798,FALSE,904
"905","A6-Wild5B_21","A6-Wild5B_6",0.0164023144001298,"3L",23179215,23180642,"3L",19413146,19413146,23179928.5,19413146,TRUE,3766782.5,3766069,FALSE,905
"906","A6-Wild5B_95","A6-Wild5B_87",0.0165746053036657,"3R",22164432,22164442,"3R",1331799,1331799,22164437,1331799,TRUE,20832638,20832633,FALSE,906
"907","A6-Wild5B_111","A6-Wild5B_87",0.0165746053036657,"3R",14873309,14873309,"3R",1331799,1331799,14873309,1331799,TRUE,13541510,13541510,FALSE,907
"908","A6-Wild5B_122","A6-Wild5B_95",0.016944600178525,"3R",25184558,25184558,"3R",22164432,22164442,25184558,22164437,TRUE,3020121,3020116,FALSE,908
"909","A6-Wild5B_122","A6-Wild5B_111",0.016944600178525,"3R",25184558,25184558,"3R",14873309,14873309,25184558,14873309,TRUE,10311249,10311249,FALSE,909
"910","A6-Wild5B_94","A6-Wild5B_92",0.0169533129193097,"3R",20782843,20782843,"3R",12165744,12165744,20782843,12165744,TRUE,8617099,8617099,FALSE,910
"911","A6-Wild5B_120","A6-Wild5B_92",0.0169533129193097,"3R",22494566,22494566,"3R",12165744,12165744,22494566,12165744,TRUE,10328822,10328822,FALSE,911
"912","A6-Wild5B_72","A6-Wild5B_65",0.0169533129193097,"X",6040556,6040556,"X",11427328,11427328,6040556,11427328,TRUE,5386772,5386772,FALSE,912
"913","A6-Wild5B_73","A6-Wild5B_65",0.0169533129193097,"X",6040556,6040556,"X",11427328,11427328,6040556,11427328,TRUE,5386772,5386772,FALSE,913
"914","A6-Wild5B_49","A6-Wild5B_33",0.0169565726915598,"2L",10442061,10442061,"2L",17080016,17080016,10442061,17080016,TRUE,6637955,6637955,FALSE,914
"915","A6-Wild5B_69","A6-Wild5B_62",0.0169565726915598,"X",14960688,14960688,"X",8035110,8035112,14960688,8035111,TRUE,6925577,6925576,FALSE,915
"916","A6-Wild5B_83","A6-Wild5B_69",0.0169565726915598,"X",14990159,14990159,"X",14960688,14960688,14990159,14960688,TRUE,29471,29471,FALSE,916
"917","A6-Wild5B_72","A6-Wild5B_57",0.0169594176696567,"X",6040556,6040556,"X",996839,996839,6040556,996839,TRUE,5043717,5043717,FALSE,917
"918","A6-Wild5B_73","A6-Wild5B_57",0.0169594176696567,"X",6040556,6040556,"X",996839,996839,6040556,996839,TRUE,5043717,5043717,FALSE,918
"919","A6-Wild5B_118","A6-Wild5B_92",0.0169652975642177,"3R",20778651,20778651,"3R",12165744,12165744,20778651,12165744,TRUE,8612907,8612907,FALSE,919
"920","A6-Wild5B_84","A6-Wild5B_65",0.0169652975642177,"X",16102969,16102969,"X",11427328,11427328,16102969,11427328,TRUE,4675641,4675641,FALSE,920
"921","A6-Wild5B_84","A6-Wild5B_57",0.0169714110324335,"X",16102969,16102969,"X",996839,996839,16102969,996839,TRUE,15106130,15106130,FALSE,921
"922","A6-Wild5B_92","A6-Wild5B_90",0.0169772991662925,"3R",12165744,12165744,"3R",10496725,10496725,12165744,10496725,TRUE,1669019,1669019,FALSE,922
"923","A6-Wild5B_139","A6-Wild5B_132",0.0170235495850596,"2R",8174647,8174647,"2R",19053462,19053462,8174647,19053462,TRUE,10878815,10878815,FALSE,923
"924","A6-Wild5B_139","A6-Wild5B_133",0.0170235495850596,"2R",8174647,8174647,"2R",19073594,19073594,8174647,19073594,TRUE,10898947,10898947,FALSE,924
"925","A6-Wild5B_80","A6-Wild5B_75",0.0170235495850596,"X",11420634,11420634,"X",6802665,6802665,11420634,6802665,TRUE,4617969,4617969,FALSE,925
"926","A6-Wild5B_80","A6-Wild5B_70",0.0170356337511013,"X",11420634,11420634,"X",17275315,17275315,11420634,17275315,TRUE,5854681,5854681,FALSE,926
"927","A6-Wild5B_80","A6-Wild5B_71",0.0170356337511013,"X",11420634,11420634,"X",4490761,4490761,11420634,4490761,TRUE,6929873,6929873,FALSE,927
"928","A6-Wild5B_80","A6-Wild5B_79",0.0170356337511013,"X",11420634,11420634,"X",11176209,11176209,11420634,11176209,TRUE,244425,244425,FALSE,928
"929","A6-Wild5B_139","A6-Wild5B_129",0.0170598536263509,"2R",8174647,8174647,"2R",7479086,7479086,8174647,7479086,TRUE,695561,695561,FALSE,929
"930","A6-Wild5B_21","A6-Wild5B_17",0.0171191455066681,"3L",23179215,23180642,"3L",17612244,17612244,23179928.5,17612244,TRUE,5567684.5,5566971,FALSE,930
"931","A6-Wild5B_21","A6-Wild5B_11",0.017131756600495,"3L",23179215,23180642,"3L",8894574,8894574,23179928.5,8894574,TRUE,14285354.5,14284641,FALSE,931
"932","A6-Wild5B_21","A6-Wild5B_19",0.017131756600495,"3L",23179215,23180642,"3L",20713459,20713459,23179928.5,20713459,TRUE,2466469.5,2465756,FALSE,932
"933","A6-Wild5B_21","A6-Wild5B_20",0.017131756600495,"3L",23179215,23180642,"3L",22204693,22204693,23179928.5,22204693,TRUE,975235.5,974522,FALSE,933
"934","A6-Wild5B_56","A6-Wild5B_45",0.0176892862454856,"2L",18901797,18901797,"2L",6316693,6316694,18901797,6316693.5,TRUE,12585103.5,12585103,FALSE,934
"935","A6-Wild5B_139","A6-Wild5B_131",0.017778634589063,"2R",8174647,8174647,"2R",17375432,17375432,8174647,17375432,TRUE,9200785,9200785,FALSE,935
"936","A6-Wild5B_80","A6-Wild5B_66",0.017778634589063,"X",11420634,11420634,"X",12634045,12634045,11420634,12634045,TRUE,1213411,1213411,FALSE,936
"937","A6-Wild5B_21","A6-Wild5B_2",0.0178284434806047,"3L",23179215,23180642,"3L",5841802,5841802,23179928.5,5841802,TRUE,17338126.5,17337413,FALSE,937
"938","A6-Wild5B_21","A6-Wild5B_16",0.0178284434806047,"3L",23179215,23180642,"3L",17566666,17566666,23179928.5,17566666,TRUE,5613262.5,5612549,FALSE,938
"939","A6-Wild5B_21","A6-Wild5B_10",0.0178293540926386,"3L",23179215,23180642,"3L",5716940,5716940,23179928.5,5716940,TRUE,17462988.5,17462275,FALSE,939
"940","A6-Wild5B_21","A6-Wild5B_8",0.017841167292785,"3L",23179215,23180642,"3L",4001152,4001152,23179928.5,4001152,TRUE,19178776.5,19178063,FALSE,940
"941","A6-Wild5B_21","A6-Wild5B_3",0.0178539092802715,"3L",23179215,23180642,"3L",9319648,9319648,23179928.5,9319648,TRUE,13860280.5,13859567,FALSE,941
"942","A6-Wild5B_113","A6-Wild5B_92",0.0183322166297523,"3R",17243575,17243575,"3R",12165744,12165744,17243575,12165744,TRUE,5077831,5077831,FALSE,942
"943","A6-Wild5B_72","A6-Wild5B_64",0.0183451522382129,"X",6040556,6040556,"X",10644563,10644563,6040556,10644563,TRUE,4604007,4604007,FALSE,943
"944","A6-Wild5B_82","A6-Wild5B_72",0.0183451522382129,"X",12348619,12348619,"X",6040556,6040556,12348619,6040556,TRUE,6308063,6308063,FALSE,944
"945","A6-Wild5B_73","A6-Wild5B_64",0.0183581061158628,"X",6040556,6040556,"X",10644563,10644563,6040556,10644563,TRUE,4604007,4604007,FALSE,945
"946","A6-Wild5B_84","A6-Wild5B_64",0.0183581061158628,"X",16102969,16102969,"X",10644563,10644563,16102969,10644563,TRUE,5458406,5458406,FALSE,946
"947","A6-Wild5B_82","A6-Wild5B_73",0.0183581061158628,"X",12348619,12348619,"X",6040556,6040556,12348619,6040556,TRUE,6308063,6308063,FALSE,947
"948","A6-Wild5B_84","A6-Wild5B_82",0.0183581061158628,"X",16102969,16102969,"X",12348619,12348619,16102969,12348619,TRUE,3754350,3754350,FALSE,948
"949","A6-Wild5B_14","A6-Wild5B_5",0.0183610345624443,"3L",13614883,13614883,"3L",13686794,13686795,13614883,13686794.5,TRUE,71911.5,71911,FALSE,949
"950","A6-Wild5B_104","A6-Wild5B_98",0.0183610345624443,"3R",29691953,29691953,"3R",25371229,25371229,29691953,25371229,TRUE,4320724,4320724,FALSE,950
"951","A6-Wild5B_28","A6-Wild5B_24",0.018374010932297,"2L",11770331,11770331,"2L",6587078,6587081,11770331,6587079.5,TRUE,5183251.5,5183250,FALSE,951
"952","A6-Wild5B_32","A6-Wild5B_28",0.018374010932297,"2L",15142559,15142559,"2L",11770331,11770331,15142559,11770331,TRUE,3372228,3372228,FALSE,952
"953","A6-Wild5B_37","A6-Wild5B_28",0.018374010932297,"2L",19890229,19890229,"2L",11770331,11770331,19890229,11770331,TRUE,8119898,8119898,FALSE,953
"954","A6-Wild5B_48","A6-Wild5B_28",0.018374010932297,"2L",9564503,9564503,"2L",11770331,11770331,9564503,11770331,TRUE,2205828,2205828,FALSE,954
"955","A6-Wild5B_52","A6-Wild5B_28",0.018374010932297,"2L",14887432,14887432,"2L",11770331,11770331,14887432,11770331,TRUE,3117101,3117101,FALSE,955
"956","A6-Wild5B_53","A6-Wild5B_28",0.018374010932297,"2L",15931742,15931742,"2L",11770331,11770331,15931742,11770331,TRUE,4161411,4161411,FALSE,956
"957","A6-Wild5B_14","A6-Wild5B_13",0.018374010932297,"3L",13614883,13614883,"3L",10006312,10006312,13614883,10006312,TRUE,3608571,3608571,FALSE,957
"958","A6-Wild5B_98","A6-Wild5B_97",0.018374010932297,"3R",25371229,25371229,"3R",25086787,25086787,25371229,25086787,TRUE,284442,284442,FALSE,958
"959","A6-Wild5B_106","A6-Wild5B_98",0.018374010932297,"3R",6228695,6228695,"3R",25371229,25371229,6228695,25371229,TRUE,19142534,19142534,FALSE,959
"960","A6-Wild5B_126","A6-Wild5B_98",0.018374010932297,"3R",30183667,30183667,"3R",25371229,25371229,30183667,25371229,TRUE,4812438,4812438,FALSE,960
"961","A6-Wild5B_109","A6-Wild5B_104",0.018374010932297,"3R",13498897,13498897,"3R",29691953,29691953,13498897,29691953,TRUE,16193056,16193056,FALSE,961
"962","A6-Wild5B_78","A6-Wild5B_58",0.018374010932297,"X",7978988,7978988,"X",3311241,3311241,7978988,3311241,TRUE,4667747,4667747,FALSE,962
"963","A6-Wild5B_78","A6-Wild5B_60",0.018374010932297,"X",7978988,7978988,"X",5232063,5232063,7978988,5232063,TRUE,2746925,2746925,FALSE,963
"964","A6-Wild5B_78","A6-Wild5B_68",0.018374010932297,"X",7978988,7978988,"X",13703301,13703301,7978988,13703301,TRUE,5724313,5724313,FALSE,964
"965","A6-Wild5B_81","A6-Wild5B_66",0.0183840688337695,"X",12314203,12314203,"X",12634045,12634045,12314203,12634045,TRUE,319842,319842,FALSE,965
"966","A6-Wild5B_28","A6-Wild5B_26",0.0183870056578878,"2L",11770331,11770331,"2L",10933389,10933389,11770331,10933389,TRUE,836942,836942,FALSE,966
"967","A6-Wild5B_29","A6-Wild5B_28",0.0183870056578878,"2L",12325056,12325056,"2L",11770331,11770331,12325056,11770331,TRUE,554725,554725,FALSE,967
"968","A6-Wild5B_44","A6-Wild5B_28",0.0183870056578878,"2L",6115657,6115657,"2L",11770331,11770331,6115657,11770331,TRUE,5654674,5654674,FALSE,968
"969","A6-Wild5B_14","A6-Wild5B_1",0.0183870056578878,"3L",13614883,13614883,"3L",5280021,5280021,13614883,5280021,TRUE,8334862,8334862,FALSE,969
"970","A6-Wild5B_14","A6-Wild5B_12",0.0183870056578878,"3L",13614883,13614883,"3L",9169049,9169049,13614883,9169049,TRUE,4445834,4445834,FALSE,970
"971","A6-Wild5B_15","A6-Wild5B_14",0.0183870056578878,"3L",13686395,13686395,"3L",13614883,13614883,13686395,13614883,TRUE,71512,71512,FALSE,971
"972","A6-Wild5B_98","A6-Wild5B_88",0.0183870056578878,"3R",25371229,25371229,"3R",2387287,2387287,25371229,2387287,TRUE,22983942,22983942,FALSE,972
"973","A6-Wild5B_98","A6-Wild5B_91",0.0183870056578878,"3R",25371229,25371229,"3R",10914458,10914458,25371229,10914458,TRUE,14456771,14456771,FALSE,973
"974","A6-Wild5B_98","A6-Wild5B_93",0.0183870056578878,"3R",25371229,25371229,"3R",20526431,20526431,25371229,20526431,TRUE,4844798,4844798,FALSE,974
"975","A6-Wild5B_109","A6-Wild5B_97",0.0183870056578878,"3R",13498897,13498897,"3R",25086787,25086787,13498897,25086787,TRUE,11587890,11587890,FALSE,975
"976","A6-Wild5B_100","A6-Wild5B_98",0.0183870056578878,"3R",28106715,28106715,"3R",25371229,25371229,28106715,25371229,TRUE,2735486,2735486,FALSE,976
"977","A6-Wild5B_116","A6-Wild5B_98",0.0183870056578878,"3R",17900927,17900927,"3R",25371229,25371229,17900927,25371229,TRUE,7470302,7470302,FALSE,977
"978","A6-Wild5B_121","A6-Wild5B_98",0.0183870056578878,"3R",23293133,23293133,"3R",25371229,25371229,23293133,25371229,TRUE,2078096,2078096,FALSE,978
"979","A6-Wild5B_123","A6-Wild5B_98",0.0183870056578878,"3R",25937673,25937673,"3R",25371229,25371229,25937673,25371229,TRUE,566444,566444,FALSE,979
"980","A6-Wild5B_109","A6-Wild5B_106",0.0183870056578878,"3R",13498897,13498897,"3R",6228695,6228695,13498897,6228695,TRUE,7270202,7270202,FALSE,980
"981","A6-Wild5B_126","A6-Wild5B_109",0.0183870056578878,"3R",30183667,30183667,"3R",13498897,13498897,30183667,13498897,TRUE,16684770,16684770,FALSE,981
"982","A6-Wild5B_67","A6-Wild5B_58",0.0183870056578878,"X",13431448,13431448,"X",3311241,3311241,13431448,3311241,TRUE,10120207,10120207,FALSE,982
"983","A6-Wild5B_76","A6-Wild5B_58",0.0183870056578878,"X",6944927,6944927,"X",3311241,3311241,6944927,3311241,TRUE,3633686,3633686,FALSE,983
"984","A6-Wild5B_67","A6-Wild5B_60",0.0183870056578878,"X",13431448,13431448,"X",5232063,5232063,13431448,5232063,TRUE,8199385,8199385,FALSE,984
"985","A6-Wild5B_76","A6-Wild5B_60",0.0183870056578878,"X",6944927,6944927,"X",5232063,5232063,6944927,5232063,TRUE,1712864,1712864,FALSE,985
"986","A6-Wild5B_68","A6-Wild5B_67",0.0183870056578878,"X",13703301,13703301,"X",13431448,13431448,13703301,13431448,TRUE,271853,271853,FALSE,986
"987","A6-Wild5B_76","A6-Wild5B_68",0.0183870056578878,"X",6944927,6944927,"X",13703301,13703301,6944927,13703301,TRUE,6758374,6758374,FALSE,987
"988","A6-Wild5B_86","A6-Wild5B_77",0.0183949024228518,"X",19817401,19817401,"X",7620286,7620286,19817401,7620286,TRUE,12197115,12197115,FALSE,988
"989","A6-Wild5B_28","A6-Wild5B_27",0.0184000187781941,"2L",11770331,11770331,"2L",11155310,11155311,11770331,11155310.5,TRUE,615020.5,615020,FALSE,989
"990","A6-Wild5B_109","A6-Wild5B_88",0.0184000187781941,"3R",13498897,13498897,"3R",2387287,2387287,13498897,2387287,TRUE,11111610,11111610,FALSE,990
"991","A6-Wild5B_109","A6-Wild5B_91",0.0184000187781941,"3R",13498897,13498897,"3R",10914458,10914458,13498897,10914458,TRUE,2584439,2584439,FALSE,991
"992","A6-Wild5B_109","A6-Wild5B_93",0.0184000187781941,"3R",13498897,13498897,"3R",20526431,20526431,13498897,20526431,TRUE,7027534,7027534,FALSE,992
"993","A6-Wild5B_109","A6-Wild5B_100",0.0184000187781941,"3R",13498897,13498897,"3R",28106715,28106715,13498897,28106715,TRUE,14607818,14607818,FALSE,993
"994","A6-Wild5B_116","A6-Wild5B_109",0.0184000187781941,"3R",17900927,17900927,"3R",13498897,13498897,17900927,13498897,TRUE,4402030,4402030,FALSE,994
"995","A6-Wild5B_121","A6-Wild5B_109",0.0184000187781941,"3R",23293133,23293133,"3R",13498897,13498897,23293133,13498897,TRUE,9794236,9794236,FALSE,995
"996","A6-Wild5B_123","A6-Wild5B_109",0.0184000187781941,"3R",25937673,25937673,"3R",13498897,13498897,25937673,13498897,TRUE,12438776,12438776,FALSE,996
"997","A6-Wild5B_77","A6-Wild5B_66",0.0184079266497244,"X",7620286,7620286,"X",12634045,12634045,7620286,12634045,TRUE,5013759,5013759,FALSE,997
"998","A6-Wild5B_74","A6-Wild5B_67",0.0184130503323041,"X",6466846,6466846,"X",13431448,13431448,6466846,13431448,TRUE,6964602,6964602,FALSE,998
"999","A6-Wild5B_76","A6-Wild5B_74",0.0184130503323041,"X",6944927,6944927,"X",6466846,6466846,6944927,6466846,TRUE,478081,478081,FALSE,999
"1000","A6-Wild5B_78","A6-Wild5B_74",0.0184130503323041,"X",7978988,7978988,"X",6466846,6466846,7978988,6466846,TRUE,1512142,1512142,FALSE,1000
"1001","A6-Wild5B_108","A6-Wild5B_92",0.0190783948002745,"3R",12789257,12789257,"3R",12165744,12165744,12789257,12165744,TRUE,623513,623513,FALSE,1001
"1002","A6-Wild5B_77","A6-Wild5B_75",0.0190838371591442,"X",7620286,7620286,"X",6802665,6802665,7620286,6802665,TRUE,817621,817621,FALSE,1002
"1003","A6-Wild5B_77","A6-Wild5B_70",0.0190973360793711,"X",7620286,7620286,"X",17275315,17275315,7620286,17275315,TRUE,9655029,9655029,FALSE,1003
"1004","A6-Wild5B_77","A6-Wild5B_71",0.0190973360793711,"X",7620286,7620286,"X",4490761,4490761,7620286,4490761,TRUE,3129525,3129525,FALSE,1004
"1005","A6-Wild5B_79","A6-Wild5B_77",0.0190973360793711,"X",11176209,11176209,"X",7620286,7620286,11176209,7620286,TRUE,3555923,3555923,FALSE,1005
"1006","A6-Wild5B_81","A6-Wild5B_77",0.0190992568519065,"X",12314203,12314203,"X",7620286,7620286,12314203,7620286,TRUE,4693917,4693917,FALSE,1006
"1007","A6-Wild5B_98","A6-Wild5B_87",0.0195161891455991,"3R",25371229,25371229,"3R",1331799,1331799,25371229,1331799,TRUE,24039430,24039430,FALSE,1007
"1008","A6-Wild5B_109","A6-Wild5B_87",0.0195303069850294,"3R",13498897,13498897,"3R",1331799,1331799,13498897,1331799,TRUE,12167098,12167098,FALSE,1008
"1009","A6-Wild5B_30","A6-Wild5B_28",0.0198068294674459,"2L",13575158,13575158,"2L",11770331,11770331,13575158,11770331,TRUE,1804827,1804827,FALSE,1009
"1010","A6-Wild5B_59","A6-Wild5B_58",0.0198068294674459,"X",5113101,5113105,"X",3311241,3311241,5113103,3311241,TRUE,1801862,1801860,FALSE,1010
"1011","A6-Wild5B_60","A6-Wild5B_59",0.0198068294674459,"X",5232063,5232063,"X",5113101,5113105,5232063,5113103,TRUE,118960,118958,FALSE,1011
"1012","A6-Wild5B_68","A6-Wild5B_59",0.0198068294674459,"X",13703301,13703301,"X",5113101,5113105,13703301,5113103,TRUE,8590198,8590196,FALSE,1012
"1013","A6-Wild5B_99","A6-Wild5B_92",0.0198107935301628,"3R",27859546,27859546,"3R",12165744,12165744,27859546,12165744,TRUE,15693802,15693802,FALSE,1013
"1014","A6-Wild5B_103","A6-Wild5B_92",0.0198107935301628,"3R",29470824,29470824,"3R",12165744,12165744,29470824,12165744,TRUE,17305080,17305080,FALSE,1014
"1015","A6-Wild5B_63","A6-Wild5B_58",0.0198208514316353,"X",9440961,9440963,"X",3311241,3311241,9440962,3311241,TRUE,6129721,6129720,FALSE,1015
"1016","A6-Wild5B_63","A6-Wild5B_60",0.0198208514316353,"X",9440961,9440963,"X",5232063,5232063,9440962,5232063,TRUE,4208899,4208898,FALSE,1016
"1017","A6-Wild5B_68","A6-Wild5B_63",0.0198208514316353,"X",13703301,13703301,"X",9440961,9440963,13703301,9440962,TRUE,4262339,4262338,FALSE,1017
"1018","A6-Wild5B_72","A6-Wild5B_61",0.0198248211706187,"X",6040556,6040556,"X",6307214,6307214,6040556,6307214,TRUE,266658,266658,FALSE,1018
"1019","A6-Wild5B_73","A6-Wild5B_61",0.0198388686920018,"X",6040556,6040556,"X",6307214,6307214,6040556,6307214,TRUE,266658,266658,FALSE,1019
"1020","A6-Wild5B_84","A6-Wild5B_61",0.0198388686920018,"X",16102969,16102969,"X",6307214,6307214,16102969,6307214,TRUE,9795755,9795755,FALSE,1020
"1021","A6-Wild5B_74","A6-Wild5B_59",0.019848955008456,"X",6466846,6466846,"X",5113101,5113105,6466846,5113103,TRUE,1353743,1353741,FALSE,1021
"1022","A6-Wild5B_74","A6-Wild5B_63",0.019863036705733,"X",6466846,6466846,"X",9440961,9440963,6466846,9440962,TRUE,2974116,2974115,FALSE,1022
"1023","A6-Wild5B_122","A6-Wild5B_98",0.0205407939606292,"3R",25184558,25184558,"3R",25371229,25371229,25184558,25371229,TRUE,186671,186671,TRUE,1023
"1024","A6-Wild5B_62","A6-Wild5B_58",0.0205407939606292,"X",8035110,8035112,"X",3311241,3311241,8035111,3311241,TRUE,4723870,4723869,TRUE,1024
"1025","A6-Wild5B_83","A6-Wild5B_58",0.0205407939606292,"X",14990159,14990159,"X",3311241,3311241,14990159,3311241,TRUE,11678918,11678918,TRUE,1025
"1026","A6-Wild5B_62","A6-Wild5B_60",0.0205407939606292,"X",8035110,8035112,"X",5232063,5232063,8035111,5232063,TRUE,2803048,2803047,TRUE,1026
"1027","A6-Wild5B_83","A6-Wild5B_60",0.0205407939606292,"X",14990159,14990159,"X",5232063,5232063,14990159,5232063,TRUE,9758096,9758096,TRUE,1027
"1028","A6-Wild5B_68","A6-Wild5B_62",0.0205407939606292,"X",13703301,13703301,"X",8035110,8035112,13703301,8035111,TRUE,5668190,5668189,TRUE,1028
"1029","A6-Wild5B_83","A6-Wild5B_68",0.0205407939606292,"X",14990159,14990159,"X",13703301,13703301,14990159,13703301,TRUE,1286858,1286858,TRUE,1029
"1030","A6-Wild5B_33","A6-Wild5B_28",0.0205553544843072,"2L",17080016,17080016,"2L",11770331,11770331,17080016,11770331,TRUE,5309685,5309685,TRUE,1030
"1031","A6-Wild5B_122","A6-Wild5B_109",0.0205553544843072,"3R",25184558,25184558,"3R",13498897,13498897,25184558,13498897,TRUE,11685661,11685661,TRUE,1031
"1032","A6-Wild5B_74","A6-Wild5B_62",0.0205699356669066,"X",6466846,6466846,"X",8035110,8035112,6466846,8035111,TRUE,1568265,1568264,TRUE,1032
"1033","A6-Wild5B_83","A6-Wild5B_74",0.0205699356669066,"X",14990159,14990159,"X",6466846,6466846,14990159,6466846,TRUE,8523313,8523313,TRUE,1033
"1034","A6-Wild5B_72","A6-Wild5B_66",0.0212390129097053,"X",6040556,6040556,"X",12634045,12634045,6040556,12634045,TRUE,6593489,6593489,TRUE,1034
"1035","A6-Wild5B_73","A6-Wild5B_66",0.0212390129097053,"X",6040556,6040556,"X",12634045,12634045,6040556,12634045,TRUE,6593489,6593489,TRUE,1035
"1036","A6-Wild5B_84","A6-Wild5B_66",0.0212540612062308,"X",16102969,16102969,"X",12634045,12634045,16102969,12634045,TRUE,3468924,3468924,TRUE,1036
"1037","A6-Wild5B_106","A6-Wild5B_92",0.023366119686115,"3R",6228695,6228695,"3R",12165744,12165744,6228695,12165744,TRUE,5937049,5937049,TRUE,1037
"1038","A6-Wild5B_110","A6-Wild5B_92",0.0233703668089565,"3R",14096156,14096156,"3R",12165744,12165744,14096156,12165744,TRUE,1930412,1930412,TRUE,1038
"1039","A6-Wild5B_123","A6-Wild5B_92",0.0233826776581173,"3R",25937673,25937673,"3R",12165744,12165744,25937673,12165744,TRUE,13771929,13771929,TRUE,1039
"1040","A6-Wild5B_105","A6-Wild5B_92",0.0241394532373582,"3R",4821131,4821131,"3R",12165744,12165744,4821131,12165744,TRUE,7344613,7344613,TRUE,1040
"1041","A6-Wild5B_85","A6-Wild5B_72",0.0241394532373582,"X",19790921,19790921,"X",6040556,6040556,19790921,6040556,TRUE,13750365,13750365,TRUE,1041
"1042","A6-Wild5B_85","A6-Wild5B_73",0.0241394532373582,"X",19790921,19790921,"X",6040556,6040556,19790921,6040556,TRUE,13750365,13750365,TRUE,1042
"1043","A6-Wild5B_85","A6-Wild5B_84",0.0241566057774725,"X",19790921,19790921,"X",16102969,16102969,19790921,16102969,TRUE,3687952,3687952,TRUE,1043
"1044","A6-Wild5B_104","A6-Wild5B_92",0.0247853721969688,"3R",29691953,29691953,"3R",12165744,12165744,29691953,12165744,TRUE,17526209,17526209,TRUE,1044
"1045","A6-Wild5B_97","A6-Wild5B_92",0.0248029382422432,"3R",25086787,25086787,"3R",12165744,12165744,25086787,12165744,TRUE,12921043,12921043,TRUE,1045
"1046","A6-Wild5B_126","A6-Wild5B_92",0.0248029382422432,"3R",30183667,30183667,"3R",12165744,12165744,30183667,12165744,TRUE,18017923,18017923,TRUE,1046
"1047","A6-Wild5B_92","A6-Wild5B_88",0.0248205292067157,"3R",12165744,12165744,"3R",2387287,2387287,12165744,2387287,TRUE,9778457,9778457,TRUE,1047
"1048","A6-Wild5B_92","A6-Wild5B_91",0.0248205292067157,"3R",12165744,12165744,"3R",10914458,10914458,12165744,10914458,TRUE,1251286,1251286,TRUE,1048
"1049","A6-Wild5B_93","A6-Wild5B_92",0.0248205292067157,"3R",20526431,20526431,"3R",12165744,12165744,20526431,12165744,TRUE,8360687,8360687,TRUE,1049
"1050","A6-Wild5B_100","A6-Wild5B_92",0.0248205292067157,"3R",28106715,28106715,"3R",12165744,12165744,28106715,12165744,TRUE,15940971,15940971,TRUE,1050
"1051","A6-Wild5B_116","A6-Wild5B_92",0.0248205292067157,"3R",17900927,17900927,"3R",12165744,12165744,17900927,12165744,TRUE,5735183,5735183,TRUE,1051
"1052","A6-Wild5B_121","A6-Wild5B_92",0.0248205292067157,"3R",23293133,23293133,"3R",12165744,12165744,23293133,12165744,TRUE,11127389,11127389,TRUE,1052
"1053","A6-Wild5B_78","A6-Wild5B_72",0.0248205292067157,"X",7978988,7978988,"X",6040556,6040556,7978988,6040556,TRUE,1938432,1938432,TRUE,1053
"1054","A6-Wild5B_72","A6-Wild5B_67",0.0248381451434548,"X",6040556,6040556,"X",13431448,13431448,6040556,13431448,TRUE,7390892,7390892,TRUE,1054
"1055","A6-Wild5B_76","A6-Wild5B_72",0.0248381451434548,"X",6944927,6944927,"X",6040556,6040556,6944927,6040556,TRUE,904371,904371,TRUE,1055
"1056","A6-Wild5B_78","A6-Wild5B_73",0.0248381451434548,"X",7978988,7978988,"X",6040556,6040556,7978988,6040556,TRUE,1938432,1938432,TRUE,1056
"1057","A6-Wild5B_84","A6-Wild5B_78",0.0248381451434548,"X",16102969,16102969,"X",7978988,7978988,16102969,7978988,TRUE,8123981,8123981,TRUE,1057
"1058","A6-Wild5B_86","A6-Wild5B_72",0.0248419043522424,"X",19817401,19817401,"X",6040556,6040556,19817401,6040556,TRUE,13776845,13776845,TRUE,1058
"1059","A6-Wild5B_73","A6-Wild5B_67",0.0248557861056798,"X",6040556,6040556,"X",13431448,13431448,6040556,13431448,TRUE,7390892,7390892,TRUE,1059
"1060","A6-Wild5B_84","A6-Wild5B_67",0.0248557861056798,"X",16102969,16102969,"X",13431448,13431448,16102969,13431448,TRUE,2671521,2671521,TRUE,1060
"1061","A6-Wild5B_76","A6-Wild5B_73",0.0248557861056798,"X",6944927,6944927,"X",6040556,6040556,6944927,6040556,TRUE,904371,904371,TRUE,1061
"1062","A6-Wild5B_84","A6-Wild5B_76",0.0248557861056798,"X",16102969,16102969,"X",6944927,6944927,16102969,6944927,TRUE,9158042,9158042,TRUE,1062
"1063","A6-Wild5B_86","A6-Wild5B_73",0.0248595507342386,"X",19817401,19817401,"X",6040556,6040556,19817401,6040556,TRUE,13776845,13776845,TRUE,1063
"1064","A6-Wild5B_86","A6-Wild5B_84",0.0248595507342386,"X",19817401,19817401,"X",16102969,16102969,19817401,16102969,TRUE,3714432,3714432,TRUE,1064
"1065","A6-Wild5B_107","A6-Wild5B_92",0.0255260041672431,"3R",10918807,10918807,"3R",12165744,12165744,10918807,12165744,TRUE,1246937,1246937,TRUE,1065
"1066","A6-Wild5B_112","A6-Wild5B_92",0.0255260041672431,"3R",17216226,17216226,"3R",12165744,12165744,17216226,12165744,TRUE,5050482,5050482,TRUE,1066
"1067","A6-Wild5B_119","A6-Wild5B_92",0.0255260041672431,"3R",21338431,21338431,"3R",12165744,12165744,21338431,12165744,TRUE,9172687,9172687,TRUE,1067
"1068","A6-Wild5B_124","A6-Wild5B_92",0.0255260041672431,"3R",27485330,27485331,"3R",12165744,12165744,27485330.5,12165744,TRUE,15319586.5,15319586,TRUE,1068
"1069","A6-Wild5B_79","A6-Wild5B_72",0.0255260041672431,"X",11176209,11176209,"X",6040556,6040556,11176209,6040556,TRUE,5135653,5135653,TRUE,1069
"1070","A6-Wild5B_115","A6-Wild5B_92",0.0255302757742748,"3R",17494003,17494003,"3R",12165744,12165744,17494003,12165744,TRUE,5328259,5328259,TRUE,1070
"1071","A6-Wild5B_101","A6-Wild5B_92",0.0255441183344487,"3R",28754073,28754073,"3R",12165744,12165744,28754073,12165744,TRUE,16588329,16588329,TRUE,1071
"1072","A6-Wild5B_102","A6-Wild5B_92",0.0255441183344487,"3R",28957954,28957954,"3R",12165744,12165744,28957954,12165744,TRUE,16792210,16792210,TRUE,1072
"1073","A6-Wild5B_117","A6-Wild5B_92",0.0255441183344487,"3R",18699956,18699956,"3R",12165744,12165744,18699956,12165744,TRUE,6534212,6534212,TRUE,1073
"1074","A6-Wild5B_125","A6-Wild5B_92",0.0255441183344487,"3R",27856815,27858239,"3R",12165744,12165744,27857527,12165744,TRUE,15691783,15691071,TRUE,1074
"1075","A6-Wild5B_72","A6-Wild5B_70",0.0255441183344487,"X",6040556,6040556,"X",17275315,17275315,6040556,17275315,TRUE,11234759,11234759,TRUE,1075
"1076","A6-Wild5B_72","A6-Wild5B_71",0.0255441183344487,"X",6040556,6040556,"X",4490761,4490761,6040556,4490761,TRUE,1549795,1549795,TRUE,1076
"1077","A6-Wild5B_79","A6-Wild5B_73",0.0255441183344487,"X",11176209,11176209,"X",6040556,6040556,11176209,6040556,TRUE,5135653,5135653,TRUE,1077
"1078","A6-Wild5B_84","A6-Wild5B_79",0.0255441183344487,"X",16102969,16102969,"X",11176209,11176209,16102969,11176209,TRUE,4926760,4926760,TRUE,1078
"1079","A6-Wild5B_114","A6-Wild5B_92",0.0255483960956101,"3R",17271847,17271847,"3R",12165744,12165744,17271847,12165744,TRUE,5106103,5106103,TRUE,1079
"1080","A6-Wild5B_81","A6-Wild5B_72",0.0255483960956101,"X",12314203,12314203,"X",6040556,6040556,12314203,6040556,TRUE,6273647,6273647,TRUE,1080
"1081","A6-Wild5B_92","A6-Wild5B_89",0.0255622582316372,"3R",12165744,12165744,"3R",4759777,4761207,12165744,4760492,TRUE,7405252,7404537,TRUE,1081
"1082","A6-Wild5B_73","A6-Wild5B_70",0.0255622582316372,"X",6040556,6040556,"X",17275315,17275315,6040556,17275315,TRUE,11234759,11234759,TRUE,1082
"1083","A6-Wild5B_84","A6-Wild5B_70",0.0255622582316372,"X",16102969,16102969,"X",17275315,17275315,16102969,17275315,TRUE,1172346,1172346,TRUE,1083
"1084","A6-Wild5B_73","A6-Wild5B_71",0.0255622582316372,"X",6040556,6040556,"X",4490761,4490761,6040556,4490761,TRUE,1549795,1549795,TRUE,1084
"1085","A6-Wild5B_84","A6-Wild5B_71",0.0255622582316372,"X",16102969,16102969,"X",4490761,4490761,16102969,4490761,TRUE,11612208,11612208,TRUE,1085
"1086","A6-Wild5B_75","A6-Wild5B_72",0.0255622582316372,"X",6802665,6802665,"X",6040556,6040556,6802665,6040556,TRUE,762109,762109,TRUE,1086
"1087","A6-Wild5B_81","A6-Wild5B_73",0.0255665421602375,"X",12314203,12314203,"X",6040556,6040556,12314203,6040556,TRUE,6273647,6273647,TRUE,1087
"1088","A6-Wild5B_84","A6-Wild5B_81",0.0255665421602375,"X",16102969,16102969,"X",12314203,12314203,16102969,12314203,TRUE,3788766,3788766,TRUE,1088
"1089","A6-Wild5B_75","A6-Wild5B_73",0.025580423913675,"X",6802665,6802665,"X",6040556,6040556,6802665,6040556,TRUE,762109,762109,TRUE,1089
"1090","A6-Wild5B_84","A6-Wild5B_75",0.025580423913675,"X",16102969,16102969,"X",6802665,6802665,16102969,6802665,TRUE,9300304,9300304,TRUE,1090
"1091","A6-Wild5B_72","A6-Wild5B_59",0.0262647289639318,"X",6040556,6040556,"X",5113101,5113105,6040556,5113103,TRUE,927453,927451,TRUE,1091
"1092","A6-Wild5B_73","A6-Wild5B_59",0.0262833885295266,"X",6040556,6040556,"X",5113101,5113105,6040556,5113103,TRUE,927453,927451,TRUE,1092
"1093","A6-Wild5B_84","A6-Wild5B_59",0.0262833885295266,"X",16102969,16102969,"X",5113101,5113105,16102969,5113103,TRUE,10989866,10989864,TRUE,1093
"1094","A6-Wild5B_72","A6-Wild5B_63",0.0262833885295266,"X",6040556,6040556,"X",9440961,9440963,6040556,9440962,TRUE,3400406,3400405,TRUE,1094
"1095","A6-Wild5B_73","A6-Wild5B_63",0.02630207463005,"X",6040556,6040556,"X",9440961,9440963,6040556,9440962,TRUE,3400406,3400405,TRUE,1095
"1096","A6-Wild5B_84","A6-Wild5B_63",0.02630207463005,"X",16102969,16102969,"X",9440961,9440963,16102969,9440962,TRUE,6662007,6662006,TRUE,1096
"1097","A6-Wild5B_80","A6-Wild5B_72",0.02643770503727,"X",11420634,11420634,"X",6040556,6040556,11420634,6040556,TRUE,5380078,5380078,TRUE,1097
"1098","A6-Wild5B_80","A6-Wild5B_73",0.0264566113972542,"X",11420634,11420634,"X",6040556,6040556,11420634,6040556,TRUE,5380078,5380078,TRUE,1098
"1099","A6-Wild5B_84","A6-Wild5B_80",0.0264566113972542,"X",16102969,16102969,"X",11420634,11420634,16102969,11420634,TRUE,4682335,4682335,TRUE,1099
"1100","A6-Wild5B_92","A6-Wild5B_87",0.0268328977818534,"3R",12165744,12165744,"3R",1331799,1331799,12165744,1331799,TRUE,10833945,10833945,TRUE,1100
"1101","A6-Wild5B_122","A6-Wild5B_92",0.026989892252755,"3R",25184558,25184558,"3R",12165744,12165744,25184558,12165744,TRUE,13018814,13018814,TRUE,1101
"1102","A6-Wild5B_72","A6-Wild5B_62",0.02700907806185,"X",6040556,6040556,"X",8035110,8035112,6040556,8035111,TRUE,1994555,1994554,TRUE,1102
"1103","A6-Wild5B_83","A6-Wild5B_72",0.02700907806185,"X",14990159,14990159,"X",6040556,6040556,14990159,6040556,TRUE,8949603,8949603,TRUE,1103
"1104","A6-Wild5B_73","A6-Wild5B_62",0.0270282911702075,"X",6040556,6040556,"X",8035110,8035112,6040556,8035111,TRUE,1994555,1994554,TRUE,1104
"1105","A6-Wild5B_84","A6-Wild5B_62",0.0270282911702075,"X",16102969,16102969,"X",8035110,8035112,16102969,8035111,TRUE,8067858,8067857,TRUE,1105
"1106","A6-Wild5B_83","A6-Wild5B_73",0.0270282911702075,"X",14990159,14990159,"X",6040556,6040556,14990159,6040556,TRUE,8949603,8949603,TRUE,1106
"1107","A6-Wild5B_84","A6-Wild5B_83",0.0270282911702075,"X",16102969,16102969,"X",14990159,14990159,16102969,14990159,TRUE,1112810,1112810,TRUE,1107
"1108","A6-Wild5B_95","A6-Wild5B_92",0.0276876740586451,"3R",22164432,22164442,"3R",12165744,12165744,22164437,12165744,TRUE,9998693,9998688,TRUE,1108
"1109","A6-Wild5B_111","A6-Wild5B_92",0.0276876740586451,"3R",14873309,14873309,"3R",12165744,12165744,14873309,12165744,TRUE,2707565,2707565,TRUE,1109
"1110","A6-Wild5B_72","A6-Wild5B_69",0.027727048780088,"X",6040556,6040556,"X",14960688,14960688,6040556,14960688,TRUE,8920132,8920132,TRUE,1110
"1111","A6-Wild5B_84","A6-Wild5B_69",0.027727048780088,"X",16102969,16102969,"X",14960688,14960688,16102969,14960688,TRUE,1142281,1142281,TRUE,1111
"1112","A6-Wild5B_73","A6-Wild5B_69",0.0277467781729029,"X",6040556,6040556,"X",14960688,14960688,6040556,14960688,TRUE,8920132,8920132,TRUE,1112
"1113","A6-Wild5B_77","A6-Wild5B_72",0.0284790512252733,"X",7620286,7620286,"X",6040556,6040556,7620286,6040556,TRUE,1579730,1579730,TRUE,1113
"1114","A6-Wild5B_133","A6-Wild5B_130",0.0284838962739367,"2R",19073594,19073594,"2R",13543833,13543833,19073594,13543833,TRUE,5529761,5529761,TRUE,1114
"1115","A6-Wild5B_77","A6-Wild5B_73",0.0284993448358369,"X",7620286,7620286,"X",6040556,6040556,7620286,6040556,TRUE,1579730,1579730,TRUE,1115
"1116","A6-Wild5B_84","A6-Wild5B_77",0.0284993448358369,"X",16102969,16102969,"X",7620286,7620286,16102969,7620286,TRUE,8482683,8482683,TRUE,1116
"1117","A6-Wild5B_132","A6-Wild5B_130",0.0285041969053202,"2R",19053462,19053462,"2R",13543833,13543833,19053462,13543833,TRUE,5509629,5509629,TRUE,1117
"1118","A6-Wild5B_130","A6-Wild5B_129",0.0285448851145901,"2R",13543833,13543833,"2R",7479086,7479086,13543833,7479086,TRUE,6064747,6064747,TRUE,1118
"1119","A6-Wild5B_136","A6-Wild5B_134",0.0299283759218239,"2R",5309166,5310613,"2R",19547861,19547861,5309889.5,19547861,TRUE,14237971.5,14237248,TRUE,1119
"1120","A6-Wild5B_137","A6-Wild5B_136",0.0299283759218239,"2R",5950277,5950277,"2R",5309166,5310613,5950277,5309889.5,TRUE,640387.5,639664,TRUE,1120
"1121","A6-Wild5B_142","A6-Wild5B_136",0.0299283759218239,"2R",11778230,11778230,"2R",5309166,5310613,11778230,5309889.5,TRUE,6468340.5,6467617,TRUE,1121
"1122","A6-Wild5B_141","A6-Wild5B_136",0.0299710957518365,"2R",9243894,9243894,"2R",5309166,5310613,9243894,5309889.5,TRUE,3934004.5,3933281,TRUE,1122
"1123","A6-Wild5B_98","A6-Wild5B_92",0.0305977083832732,"3R",25371229,25371229,"3R",12165744,12165744,25371229,12165744,TRUE,13205485,13205485,TRUE,1123
"1124","A6-Wild5B_109","A6-Wild5B_92",0.0306194999274046,"3R",13498897,13498897,"3R",12165744,12165744,13498897,12165744,TRUE,1333153,1333153,TRUE,1124
"1125","A6-Wild5B_72","A6-Wild5B_58",0.0306194999274046,"X",6040556,6040556,"X",3311241,3311241,6040556,3311241,TRUE,2729315,2729315,TRUE,1125
"1126","A6-Wild5B_72","A6-Wild5B_60",0.0306194999274046,"X",6040556,6040556,"X",5232063,5232063,6040556,5232063,TRUE,808493,808493,TRUE,1126
"1127","A6-Wild5B_72","A6-Wild5B_68",0.0306194999274046,"X",6040556,6040556,"X",13703301,13703301,6040556,13703301,TRUE,7662745,7662745,TRUE,1127
"1128","A6-Wild5B_108","A6-Wild5B_97",0.0306315689483091,"3R",12789257,12789257,"3R",25086787,25086787,12789257,25086787,TRUE,12297530,12297530,TRUE,1128
"1129","A6-Wild5B_108","A6-Wild5B_106",0.0306315689483091,"3R",12789257,12789257,"3R",6228695,6228695,12789257,6228695,TRUE,6560562,6560562,TRUE,1129
"1130","A6-Wild5B_73","A6-Wild5B_58",0.0306413225383185,"X",6040556,6040556,"X",3311241,3311241,6040556,3311241,TRUE,2729315,2729315,TRUE,1130
"1131","A6-Wild5B_84","A6-Wild5B_58",0.0306413225383185,"X",16102969,16102969,"X",3311241,3311241,16102969,3311241,TRUE,12791728,12791728,TRUE,1131
"1132","A6-Wild5B_73","A6-Wild5B_60",0.0306413225383185,"X",6040556,6040556,"X",5232063,5232063,6040556,5232063,TRUE,808493,808493,TRUE,1132
"1133","A6-Wild5B_84","A6-Wild5B_60",0.0306413225383185,"X",16102969,16102969,"X",5232063,5232063,16102969,5232063,TRUE,10870906,10870906,TRUE,1133
"1134","A6-Wild5B_73","A6-Wild5B_68",0.0306413225383185,"X",6040556,6040556,"X",13703301,13703301,6040556,13703301,TRUE,7662745,7662745,TRUE,1134
"1135","A6-Wild5B_84","A6-Wild5B_68",0.0306413225383185,"X",16102969,16102969,"X",13703301,13703301,16102969,13703301,TRUE,2399668,2399668,TRUE,1135
"1136","A6-Wild5B_108","A6-Wild5B_91",0.0306534090642027,"3R",12789257,12789257,"3R",10914458,10914458,12789257,10914458,TRUE,1874799,1874799,TRUE,1136
"1137","A6-Wild5B_108","A6-Wild5B_100",0.0306534090642027,"3R",12789257,12789257,"3R",28106715,28106715,12789257,28106715,TRUE,15317458,15317458,TRUE,1137
"1138","A6-Wild5B_121","A6-Wild5B_108",0.0306534090642027,"3R",23293133,23293133,"3R",12789257,12789257,23293133,12789257,TRUE,10503876,10503876,TRUE,1138
"1139","A6-Wild5B_122","A6-Wild5B_108",0.0306534090642027,"3R",25184558,25184558,"3R",12789257,12789257,25184558,12789257,TRUE,12395301,12395301,TRUE,1139
"1140","A6-Wild5B_123","A6-Wild5B_108",0.0306534090642027,"3R",25937673,25937673,"3R",12789257,12789257,25937673,12789257,TRUE,13148416,13148416,TRUE,1140
"1141","A6-Wild5B_74","A6-Wild5B_72",0.0306850612266555,"X",6466846,6466846,"X",6040556,6040556,6466846,6040556,TRUE,426290,426290,TRUE,1141
"1142","A6-Wild5B_84","A6-Wild5B_74",0.0306850612266555,"X",16102969,16102969,"X",6466846,6466846,16102969,6466846,TRUE,9636123,9636123,TRUE,1142
"1143","A6-Wild5B_138","A6-Wild5B_136",0.0307020900340863,"2R",7735187,7735187,"2R",5309166,5310613,7735187,5309889.5,TRUE,2425297.5,2424574,TRUE,1143
"1144","A6-Wild5B_74","A6-Wild5B_73",0.0307069774376349,"X",6466846,6466846,"X",6040556,6040556,6466846,6040556,TRUE,426290,426290,TRUE,1144
"1145","A6-Wild5B_136","A6-Wild5B_131",0.0313947053083881,"2R",5309166,5310613,"2R",17375432,17375432,5309889.5,17375432,TRUE,12065542.5,12064819,TRUE,1145
"1146","A6-Wild5B_136","A6-Wild5B_128",0.0314295212931933,"2R",5309166,5310613,"2R",2309839,2311271,5309889.5,2310555,TRUE,2999334.5,2997895,TRUE,1146
"1147","A6-Wild5B_141","A6-Wild5B_127",0.0317747155196537,"2R",9243894,9243894,"2R",589337,590755,9243894,590046,TRUE,8653848,8653139,TRUE,1147
"1148","A6-Wild5B_131","A6-Wild5B_127",0.0317937668276536,"2R",17375432,17375432,"2R",589337,590755,17375432,590046,TRUE,16785386,16784677,TRUE,1148
"1149","A6-Wild5B_136","A6-Wild5B_133",0.0320204274875078,"2R",5309166,5310613,"2R",19073594,19073594,5309889.5,19073594,TRUE,13763704.5,13762981,TRUE,1149
"1150","A6-Wild5B_108","A6-Wild5B_104",0.0320586298024556,"3R",12789257,12789257,"3R",29691953,29691953,12789257,29691953,TRUE,16902696,16902696,TRUE,1150
"1151","A6-Wild5B_108","A6-Wild5B_87",0.0320646323656837,"3R",12789257,12789257,"3R",1331799,1331799,12789257,1331799,TRUE,11457458,11457458,TRUE,1151
"1152","A6-Wild5B_126","A6-Wild5B_108",0.0320814892731222,"3R",30183667,30183667,"3R",12789257,12789257,30183667,12789257,TRUE,17394410,17394410,TRUE,1152
"1153","A6-Wild5B_136","A6-Wild5B_132",0.0320889388636915,"2R",5309166,5310613,"2R",19053462,19053462,5309889.5,19053462,TRUE,13743572.5,13742849,TRUE,1153
"1154","A6-Wild5B_108","A6-Wild5B_88",0.0321043813730129,"3R",12789257,12789257,"3R",2387287,2387287,12789257,2387287,TRUE,10401970,10401970,TRUE,1154
"1155","A6-Wild5B_108","A6-Wild5B_93",0.0321043813730129,"3R",12789257,12789257,"3R",20526431,20526431,12789257,20526431,TRUE,7737174,7737174,TRUE,1155
"1156","A6-Wild5B_116","A6-Wild5B_108",0.0321043813730129,"3R",17900927,17900927,"3R",12789257,12789257,17900927,12789257,TRUE,5111670,5111670,TRUE,1156
"1157","A6-Wild5B_136","A6-Wild5B_129",0.0321118411965646,"2R",5309166,5310613,"2R",7479086,7479086,5309889.5,7479086,TRUE,2169196.5,2168473,TRUE,1157
"1158","A6-Wild5B_128","A6-Wild5B_127",0.0332285354084987,"2R",2309839,2311271,"2R",589337,590755,2310555,590046,TRUE,1720509,1719084,TRUE,1158
"1159","A6-Wild5B_134","A6-Wild5B_127",0.0332824642787949,"2R",19547861,19547861,"2R",589337,590755,19547861,590046,TRUE,18957815,18957106,TRUE,1159
"1160","A6-Wild5B_137","A6-Wild5B_127",0.0332824642787949,"2R",5950277,5950277,"2R",589337,590755,5950277,590046,TRUE,5360231,5359522,TRUE,1160
"1161","A6-Wild5B_142","A6-Wild5B_127",0.0332824642787949,"2R",11778230,11778230,"2R",589337,590755,11778230,590046,TRUE,11188184,11187475,TRUE,1161
"1162","A6-Wild5B_138","A6-Wild5B_130",0.0337162635345371,"2R",7735187,7735187,"2R",13543833,13543833,7735187,13543833,TRUE,5808646,5808646,TRUE,1162
"1163","A6-Wild5B_129","A6-Wild5B_127",0.0339899255509019,"2R",7479086,7479086,"2R",589337,590755,7479086,590046,TRUE,6889040,6888331,TRUE,1163
"1164","A6-Wild5B_132","A6-Wild5B_127",0.0339899255509019,"2R",19053462,19053462,"2R",589337,590755,19053462,590046,TRUE,18463416,18462707,TRUE,1164
"1165","A6-Wild5B_133","A6-Wild5B_127",0.0339899255509019,"2R",19073594,19073594,"2R",589337,590755,19073594,590046,TRUE,18483548,18482839,TRUE,1165
"1166","A6-Wild5B_138","A6-Wild5B_127",0.0347281036159006,"2R",7735187,7735187,"2R",589337,590755,7735187,590046,TRUE,7145141,7144432,TRUE,1166
"1167","A6-Wild5B_139","A6-Wild5B_136",0.0352229387004406,"2R",8174647,8174647,"2R",5309166,5310613,8174647,5309889.5,TRUE,2864757.5,2864034,TRUE,1167
"1168","A6-Wild5B_136","A6-Wild5B_127",0.0354665093438669,"2R",5309166,5310613,"2R",589337,590755,5309889.5,590046,TRUE,4719843.5,4718411,TRUE,1168
"1169","A6-Wild5B_5","A6-Wild5B_2",0.0357317747496987,"3L",13686794,13686795,"3L",5841802,5841802,13686794.5,5841802,TRUE,7844992.5,7844992,TRUE,1169
"1170","A6-Wild5B_16","A6-Wild5B_5",0.0357317747496987,"3L",17566666,17566666,"3L",13686794,13686795,17566666,13686794.5,TRUE,3879871.5,3879871,TRUE,1170
"1171","A6-Wild5B_113","A6-Wild5B_106",0.0357317747496987,"3R",17243575,17243575,"3R",6228695,6228695,17243575,6228695,TRUE,11014880,11014880,TRUE,1171
"1172","A6-Wild5B_8","A6-Wild5B_5",0.0357573338956186,"3L",4001152,4001152,"3L",13686794,13686795,4001152,13686794.5,TRUE,9685642.5,9685642,TRUE,1172
"1173","A6-Wild5B_123","A6-Wild5B_113",0.0357573338956186,"3R",25937673,25937673,"3R",17243575,17243575,25937673,17243575,TRUE,8694098,8694098,TRUE,1173
"1174","A6-Wild5B_15","A6-Wild5B_2",0.0357829296411049,"3L",13686395,13686395,"3L",5841802,5841802,13686395,5841802,TRUE,7844593,7844593,TRUE,1174
"1175","A6-Wild5B_5","A6-Wild5B_3",0.0357829296411049,"3L",13686794,13686795,"3L",9319648,9319648,13686794.5,9319648,TRUE,4367146.5,4367146,TRUE,1175
"1176","A6-Wild5B_16","A6-Wild5B_15",0.0357829296411049,"3L",17566666,17566666,"3L",13686395,13686395,17566666,13686395,TRUE,3880271,3880271,TRUE,1176
"1177","A6-Wild5B_15","A6-Wild5B_8",0.0358085620648447,"3L",13686395,13686395,"3L",4001152,4001152,13686395,4001152,TRUE,9685243,9685243,TRUE,1177
"1178","A6-Wild5B_15","A6-Wild5B_3",0.0358342312457515,"3L",13686395,13686395,"3L",9319648,9319648,13686395,9319648,TRUE,4366747,4366747,TRUE,1178
"1179","A6-Wild5B_141","A6-Wild5B_135",0.0358413146224508,"2R",9243894,9243894,"2R",25105373,25105373,9243894,25105373,TRUE,15861479,15861479,TRUE,1179
"1180","A6-Wild5B_141","A6-Wild5B_140",0.0358413146224508,"2R",9243894,9243894,"2R",8301454,8301454,9243894,8301454,TRUE,942440,942440,TRUE,1180
"1181","A6-Wild5B_11","A6-Wild5B_5",0.0358413146224508,"3L",8894574,8894574,"3L",13686794,13686795,8894574,13686794.5,TRUE,4792220.5,4792220,TRUE,1181
"1182","A6-Wild5B_19","A6-Wild5B_5",0.0358413146224508,"3L",20713459,20713459,"3L",13686794,13686795,20713459,13686794.5,TRUE,7026664.5,7026664,TRUE,1182
"1183","A6-Wild5B_20","A6-Wild5B_5",0.0358413146224508,"3L",22204693,22204693,"3L",13686794,13686795,22204693,13686794.5,TRUE,8517898.5,8517898,TRUE,1183
"1184","A6-Wild5B_106","A6-Wild5B_94",0.0358413146224508,"3R",6228695,6228695,"3R",20782843,20782843,6228695,20782843,TRUE,14554148,14554148,TRUE,1184
"1185","A6-Wild5B_118","A6-Wild5B_106",0.0358413146224508,"3R",20778651,20778651,"3R",6228695,6228695,20778651,6228695,TRUE,14549956,14549956,TRUE,1185
"1186","A6-Wild5B_120","A6-Wild5B_106",0.0358413146224508,"3R",22494566,22494566,"3R",6228695,6228695,22494566,6228695,TRUE,16265871,16265871,TRUE,1186
"1187","A6-Wild5B_15","A6-Wild5B_11",0.0358670310096836,"3L",13686395,13686395,"3L",8894574,8894574,13686395,8894574,TRUE,4791821,4791821,TRUE,1187
"1188","A6-Wild5B_19","A6-Wild5B_15",0.0358670310096836,"3L",20713459,20713459,"3L",13686395,13686395,20713459,13686395,TRUE,7027064,7027064,TRUE,1188
"1189","A6-Wild5B_20","A6-Wild5B_15",0.0358670310096836,"3L",22204693,22204693,"3L",13686395,13686395,22204693,13686395,TRUE,8518298,8518298,TRUE,1189
"1190","A6-Wild5B_106","A6-Wild5B_90",0.0358670310096836,"3R",6228695,6228695,"3R",10496725,10496725,6228695,10496725,TRUE,4268030,4268030,TRUE,1190
"1191","A6-Wild5B_123","A6-Wild5B_94",0.0358670310096836,"3R",25937673,25937673,"3R",20782843,20782843,25937673,20782843,TRUE,5154830,5154830,TRUE,1191
"1192","A6-Wild5B_123","A6-Wild5B_118",0.0358670310096836,"3R",25937673,25937673,"3R",20778651,20778651,25937673,20778651,TRUE,5159022,5159022,TRUE,1192
"1193","A6-Wild5B_123","A6-Wild5B_120",0.0358670310096836,"3R",25937673,25937673,"3R",22494566,22494566,25937673,22494566,TRUE,3443107,3443107,TRUE,1193
"1194","A6-Wild5B_123","A6-Wild5B_90",0.03589278433538,"3R",25937673,25937673,"3R",10496725,10496725,25937673,10496725,TRUE,15440948,15440948,TRUE,1194
"1195","A6-Wild5B_139","A6-Wild5B_127",0.0362435666925456,"2R",8174647,8174647,"2R",589337,590755,8174647,590046,TRUE,7584601,7583892,TRUE,1195
"1196","A6-Wild5B_35","A6-Wild5B_30",0.0364553642562898,"2L",18025740,18025740,"2L",13575158,13575158,18025740,13575158,TRUE,4450582,4450582,TRUE,1196
"1197","A6-Wild5B_64","A6-Wild5B_59",0.0364553642562898,"X",10644563,10644563,"X",5113101,5113105,10644563,5113103,TRUE,5531460,5531458,TRUE,1197
"1198","A6-Wild5B_43","A6-Wild5B_30",0.0364814473634827,"2L",3773642,3773642,"2L",13575158,13575158,3773642,13575158,TRUE,9801516,9801516,TRUE,1198
"1199","A6-Wild5B_82","A6-Wild5B_59",0.0364814473634827,"X",12348619,12348619,"X",5113101,5113105,12348619,5113103,TRUE,7235516,7235514,TRUE,1199
"1200","A6-Wild5B_64","A6-Wild5B_63",0.0364814473634827,"X",10644563,10644563,"X",9440961,9440963,10644563,9440962,TRUE,1203601,1203600,TRUE,1200
"1201","A6-Wild5B_82","A6-Wild5B_63",0.0365075678296077,"X",12348619,12348619,"X",9440961,9440963,12348619,9440962,TRUE,2907657,2907656,TRUE,1201
"1202","A6-Wild5B_30","A6-Wild5B_23",0.0365659528109536,"2L",13575158,13575158,"2L",2003771,2003771,13575158,2003771,TRUE,11571387,11571387,TRUE,1202
"1203","A6-Wild5B_55","A6-Wild5B_30",0.0365659528109536,"2L",18286654,18286654,"2L",13575158,13575158,18286654,13575158,TRUE,4711496,4711496,TRUE,1203
"1204","A6-Wild5B_65","A6-Wild5B_59",0.0365659528109536,"X",11427328,11427328,"X",5113101,5113105,11427328,5113103,TRUE,6314225,6314223,TRUE,1204
"1205","A6-Wild5B_40","A6-Wild5B_30",0.0365921946798428,"2L",21078116,21078116,"2L",13575158,13575158,21078116,13575158,TRUE,7502958,7502958,TRUE,1205
"1206","A6-Wild5B_46","A6-Wild5B_30",0.0365921946798428,"2L",7934109,7934109,"2L",13575158,13575158,7934109,13575158,TRUE,5641049,5641049,TRUE,1206
"1207","A6-Wild5B_65","A6-Wild5B_63",0.0365921946798428,"X",11427328,11427328,"X",9440961,9440963,11427328,9440962,TRUE,1986366,1986365,TRUE,1207
"1208","A6-Wild5B_135","A6-Wild5B_128",0.0365990356976205,"2R",25105373,25105373,"2R",2309839,2311271,25105373,2310555,TRUE,22794818,22794102,TRUE,1208
"1209","A6-Wild5B_140","A6-Wild5B_128",0.0365990356976205,"2R",8301454,8301454,"2R",2309839,2311271,8301454,2310555,TRUE,5990899,5990183,TRUE,1209
"1210","A6-Wild5B_113","A6-Wild5B_104",0.0371651537336474,"3R",17243575,17243575,"3R",29691953,29691953,17243575,29691953,TRUE,12448378,12448378,TRUE,1210
"1211","A6-Wild5B_35","A6-Wild5B_24",0.0371917414144272,"2L",18025740,18025740,"2L",6587078,6587081,18025740,6587079.5,TRUE,11438660.5,11438659,TRUE,1211
"1212","A6-Wild5B_35","A6-Wild5B_32",0.0371917414144272,"2L",18025740,18025740,"2L",15142559,15142559,18025740,15142559,TRUE,2883181,2883181,TRUE,1212
"1213","A6-Wild5B_37","A6-Wild5B_35",0.0371917414144272,"2L",19890229,19890229,"2L",18025740,18025740,19890229,18025740,TRUE,1864489,1864489,TRUE,1213
"1214","A6-Wild5B_48","A6-Wild5B_35",0.0371917414144272,"2L",9564503,9564503,"2L",18025740,18025740,9564503,18025740,TRUE,8461237,8461237,TRUE,1214
"1215","A6-Wild5B_52","A6-Wild5B_35",0.0371917414144272,"2L",14887432,14887432,"2L",18025740,18025740,14887432,18025740,TRUE,3138308,3138308,TRUE,1215
"1216","A6-Wild5B_53","A6-Wild5B_35",0.0371917414144272,"2L",15931742,15931742,"2L",18025740,18025740,15931742,18025740,TRUE,2093998,2093998,TRUE,1216
"1217","A6-Wild5B_113","A6-Wild5B_97",0.0371917414144272,"3R",17243575,17243575,"3R",25086787,25086787,17243575,25086787,TRUE,7843212,7843212,TRUE,1217
"1218","A6-Wild5B_126","A6-Wild5B_113",0.0371917414144272,"3R",30183667,30183667,"3R",17243575,17243575,30183667,17243575,TRUE,12940092,12940092,TRUE,1218
"1219","A6-Wild5B_78","A6-Wild5B_64",0.0371917414144272,"X",7978988,7978988,"X",10644563,10644563,7978988,10644563,TRUE,2665575,2665575,TRUE,1219
"1220","A6-Wild5B_43","A6-Wild5B_24",0.0372183671726329,"2L",3773642,3773642,"2L",6587078,6587081,3773642,6587079.5,TRUE,2813437.5,2813436,TRUE,1220
"1221","A6-Wild5B_35","A6-Wild5B_26",0.0372183671726329,"2L",18025740,18025740,"2L",10933389,10933389,18025740,10933389,TRUE,7092351,7092351,TRUE,1221
"1222","A6-Wild5B_35","A6-Wild5B_29",0.0372183671726329,"2L",18025740,18025740,"2L",12325056,12325056,18025740,12325056,TRUE,5700684,5700684,TRUE,1222
"1223","A6-Wild5B_43","A6-Wild5B_32",0.0372183671726329,"2L",3773642,3773642,"2L",15142559,15142559,3773642,15142559,TRUE,11368917,11368917,TRUE,1223
"1224","A6-Wild5B_44","A6-Wild5B_35",0.0372183671726329,"2L",6115657,6115657,"2L",18025740,18025740,6115657,18025740,TRUE,11910083,11910083,TRUE,1224
"1225","A6-Wild5B_43","A6-Wild5B_37",0.0372183671726329,"2L",3773642,3773642,"2L",19890229,19890229,3773642,19890229,TRUE,16116587,16116587,TRUE,1225
"1226","A6-Wild5B_48","A6-Wild5B_43",0.0372183671726329,"2L",9564503,9564503,"2L",3773642,3773642,9564503,3773642,TRUE,5790861,5790861,TRUE,1226
"1227","A6-Wild5B_52","A6-Wild5B_43",0.0372183671726329,"2L",14887432,14887432,"2L",3773642,3773642,14887432,3773642,TRUE,11113790,11113790,TRUE,1227
"1228","A6-Wild5B_53","A6-Wild5B_43",0.0372183671726329,"2L",15931742,15931742,"2L",3773642,3773642,15931742,3773642,TRUE,12158100,12158100,TRUE,1228
"1229","A6-Wild5B_13","A6-Wild5B_2",0.0372183671726329,"3L",10006312,10006312,"3L",5841802,5841802,10006312,5841802,TRUE,4164510,4164510,TRUE,1229
"1230","A6-Wild5B_16","A6-Wild5B_13",0.0372183671726329,"3L",17566666,17566666,"3L",10006312,10006312,17566666,10006312,TRUE,7560354,7560354,TRUE,1230
"1231","A6-Wild5B_113","A6-Wild5B_88",0.0372183671726329,"3R",17243575,17243575,"3R",2387287,2387287,17243575,2387287,TRUE,14856288,14856288,TRUE,1231
"1232","A6-Wild5B_113","A6-Wild5B_91",0.0372183671726329,"3R",17243575,17243575,"3R",10914458,10914458,17243575,10914458,TRUE,6329117,6329117,TRUE,1232
"1233","A6-Wild5B_113","A6-Wild5B_93",0.0372183671726329,"3R",17243575,17243575,"3R",20526431,20526431,17243575,20526431,TRUE,3282856,3282856,TRUE,1233
"1234","A6-Wild5B_113","A6-Wild5B_100",0.0372183671726329,"3R",17243575,17243575,"3R",28106715,28106715,17243575,28106715,TRUE,10863140,10863140,TRUE,1234
"1235","A6-Wild5B_116","A6-Wild5B_113",0.0372183671726329,"3R",17900927,17900927,"3R",17243575,17243575,17900927,17243575,TRUE,657352,657352,TRUE,1235
"1236","A6-Wild5B_121","A6-Wild5B_113",0.0372183671726329,"3R",23293133,23293133,"3R",17243575,17243575,23293133,17243575,TRUE,6049558,6049558,TRUE,1236
"1237","A6-Wild5B_122","A6-Wild5B_113",0.0372183671726329,"3R",25184558,25184558,"3R",17243575,17243575,25184558,17243575,TRUE,7940983,7940983,TRUE,1237
"1238","A6-Wild5B_64","A6-Wild5B_62",0.0372183671726329,"X",10644563,10644563,"X",8035110,8035112,10644563,8035111,TRUE,2609452,2609451,TRUE,1238
"1239","A6-Wild5B_67","A6-Wild5B_64",0.0372183671726329,"X",13431448,13431448,"X",10644563,10644563,13431448,10644563,TRUE,2786885,2786885,TRUE,1239
"1240","A6-Wild5B_76","A6-Wild5B_64",0.0372183671726329,"X",6944927,6944927,"X",10644563,10644563,6944927,10644563,TRUE,3699636,3699636,TRUE,1240
"1241","A6-Wild5B_83","A6-Wild5B_64",0.0372183671726329,"X",14990159,14990159,"X",10644563,10644563,14990159,10644563,TRUE,4345596,4345596,TRUE,1241
"1242","A6-Wild5B_82","A6-Wild5B_78",0.0372183671726329,"X",12348619,12348619,"X",7978988,7978988,12348619,7978988,TRUE,4369631,4369631,TRUE,1242
"1243","A6-Wild5B_43","A6-Wild5B_26",0.0372450310901416,"2L",3773642,3773642,"2L",10933389,10933389,3773642,10933389,TRUE,7159747,7159747,TRUE,1243
"1244","A6-Wild5B_35","A6-Wild5B_27",0.0372450310901416,"2L",18025740,18025740,"2L",11155310,11155311,18025740,11155310.5,TRUE,6870429.5,6870429,TRUE,1244
"1245","A6-Wild5B_43","A6-Wild5B_29",0.0372450310901416,"2L",3773642,3773642,"2L",12325056,12325056,3773642,12325056,TRUE,8551414,8551414,TRUE,1245
"1246","A6-Wild5B_35","A6-Wild5B_33",0.0372450310901416,"2L",18025740,18025740,"2L",17080016,17080016,18025740,17080016,TRUE,945724,945724,TRUE,1246
"1247","A6-Wild5B_44","A6-Wild5B_43",0.0372450310901416,"2L",6115657,6115657,"2L",3773642,3773642,6115657,3773642,TRUE,2342015,2342015,TRUE,1247
"1248","A6-Wild5B_2","A6-Wild5B_1",0.0372450310901416,"3L",5841802,5841802,"3L",5280021,5280021,5841802,5280021,TRUE,561781,561781,TRUE,1248
"1249","A6-Wild5B_16","A6-Wild5B_1",0.0372450310901416,"3L",17566666,17566666,"3L",5280021,5280021,17566666,5280021,TRUE,12286645,12286645,TRUE,1249
"1250","A6-Wild5B_12","A6-Wild5B_2",0.0372450310901416,"3L",9169049,9169049,"3L",5841802,5841802,9169049,5841802,TRUE,3327247,3327247,TRUE,1250
"1251","A6-Wild5B_13","A6-Wild5B_8",0.0372450310901416,"3L",10006312,10006312,"3L",4001152,4001152,10006312,4001152,TRUE,6005160,6005160,TRUE,1251
"1252","A6-Wild5B_16","A6-Wild5B_12",0.0372450310901416,"3L",17566666,17566666,"3L",9169049,9169049,17566666,9169049,TRUE,8397617,8397617,TRUE,1252
"1253","A6-Wild5B_82","A6-Wild5B_62",0.0372450310901416,"X",12348619,12348619,"X",8035110,8035112,12348619,8035111,TRUE,4313508,4313507,TRUE,1253
"1254","A6-Wild5B_82","A6-Wild5B_67",0.0372450310901416,"X",12348619,12348619,"X",13431448,13431448,12348619,13431448,TRUE,1082829,1082829,TRUE,1254
"1255","A6-Wild5B_82","A6-Wild5B_76",0.0372450310901416,"X",12348619,12348619,"X",6944927,6944927,12348619,6944927,TRUE,5403692,5403692,TRUE,1255
"1256","A6-Wild5B_83","A6-Wild5B_82",0.0372450310901416,"X",14990159,14990159,"X",12348619,12348619,14990159,12348619,TRUE,2641540,2641540,TRUE,1256
"1257","A6-Wild5B_135","A6-Wild5B_134",0.0372670982945848,"2R",25105373,25105373,"2R",19547861,19547861,25105373,19547861,TRUE,5557512,5557512,TRUE,1257
"1258","A6-Wild5B_140","A6-Wild5B_134",0.0372670982945848,"2R",8301454,8301454,"2R",19547861,19547861,8301454,19547861,TRUE,11246407,11246407,TRUE,1258
"1259","A6-Wild5B_137","A6-Wild5B_135",0.0372670982945848,"2R",5950277,5950277,"2R",25105373,25105373,5950277,25105373,TRUE,19155096,19155096,TRUE,1259
"1260","A6-Wild5B_142","A6-Wild5B_135",0.0372670982945848,"2R",11778230,11778230,"2R",25105373,25105373,11778230,25105373,TRUE,13327143,13327143,TRUE,1260
"1261","A6-Wild5B_140","A6-Wild5B_137",0.0372670982945848,"2R",8301454,8301454,"2R",5950277,5950277,8301454,5950277,TRUE,2351177,2351177,TRUE,1261
"1262","A6-Wild5B_142","A6-Wild5B_140",0.0372670982945848,"2R",11778230,11778230,"2R",8301454,8301454,11778230,8301454,TRUE,3476776,3476776,TRUE,1262
"1263","A6-Wild5B_5","A6-Wild5B_4",0.0372670982945848,"3L",13686794,13686795,"3L",12008163,12008163,13686794.5,12008163,TRUE,1678631.5,1678631,TRUE,1263
"1264","A6-Wild5B_9","A6-Wild5B_5",0.0372670982945848,"3L",4840417,4840417,"3L",13686794,13686795,4840417,13686794.5,TRUE,8846377.5,8846377,TRUE,1264
"1265","A6-Wild5B_106","A6-Wild5B_99",0.0372670982945848,"3R",6228695,6228695,"3R",27859546,27859546,6228695,27859546,TRUE,21630851,21630851,TRUE,1265
"1266","A6-Wild5B_106","A6-Wild5B_103",0.0372670982945848,"3R",6228695,6228695,"3R",29470824,29470824,6228695,29470824,TRUE,23242129,23242129,TRUE,1266
"1267","A6-Wild5B_43","A6-Wild5B_27",0.0372717332490643,"2L",3773642,3773642,"2L",11155310,11155311,3773642,11155310.5,TRUE,7381668.5,7381668,TRUE,1267
"1268","A6-Wild5B_43","A6-Wild5B_33",0.0372717332490643,"2L",3773642,3773642,"2L",17080016,17080016,3773642,17080016,TRUE,13306374,13306374,TRUE,1268
"1269","A6-Wild5B_8","A6-Wild5B_1",0.0372717332490643,"3L",4001152,4001152,"3L",5280021,5280021,4001152,5280021,TRUE,1278869,1278869,TRUE,1269
"1270","A6-Wild5B_13","A6-Wild5B_3",0.0372717332490643,"3L",10006312,10006312,"3L",9319648,9319648,10006312,9319648,TRUE,686664,686664,TRUE,1270
"1271","A6-Wild5B_12","A6-Wild5B_8",0.0372717332490643,"3L",9169049,9169049,"3L",4001152,4001152,9169049,4001152,TRUE,5167897,5167897,TRUE,1271
"1272","A6-Wild5B_104","A6-Wild5B_94",0.0372783011336186,"3R",29691953,29691953,"3R",20782843,20782843,29691953,20782843,TRUE,8909110,8909110,TRUE,1272
"1273","A6-Wild5B_120","A6-Wild5B_104",0.0372783011336186,"3R",22494566,22494566,"3R",29691953,29691953,22494566,29691953,TRUE,7197387,7197387,TRUE,1273
"1274","A6-Wild5B_15","A6-Wild5B_4",0.0372938327710491,"3L",13686395,13686395,"3L",12008163,12008163,13686395,12008163,TRUE,1678232,1678232,TRUE,1274
"1275","A6-Wild5B_15","A6-Wild5B_9",0.0372938327710491,"3L",13686395,13686395,"3L",4840417,4840417,13686395,4840417,TRUE,8845978,8845978,TRUE,1275
"1276","A6-Wild5B_123","A6-Wild5B_99",0.0372938327710491,"3R",25937673,25937673,"3R",27859546,27859546,25937673,27859546,TRUE,1921873,1921873,TRUE,1276
"1277","A6-Wild5B_123","A6-Wild5B_103",0.0372938327710491,"3R",25937673,25937673,"3R",29470824,29470824,25937673,29470824,TRUE,3533151,3533151,TRUE,1277
"1278","A6-Wild5B_3","A6-Wild5B_1",0.0372984737317485,"3L",9319648,9319648,"3L",5280021,5280021,9319648,5280021,TRUE,4039627,4039627,TRUE,1278
"1279","A6-Wild5B_12","A6-Wild5B_3",0.0372984737317485,"3L",9169049,9169049,"3L",9319648,9319648,9169049,9319648,TRUE,150599,150599,TRUE,1279
"1280","A6-Wild5B_24","A6-Wild5B_23",0.037305051245609,"2L",6587078,6587081,"2L",2003771,2003771,6587079.5,2003771,TRUE,4583308.5,4583307,TRUE,1280
"1281","A6-Wild5B_32","A6-Wild5B_23",0.037305051245609,"2L",15142559,15142559,"2L",2003771,2003771,15142559,2003771,TRUE,13138788,13138788,TRUE,1281
"1282","A6-Wild5B_37","A6-Wild5B_23",0.037305051245609,"2L",19890229,19890229,"2L",2003771,2003771,19890229,2003771,TRUE,17886458,17886458,TRUE,1282
"1283","A6-Wild5B_48","A6-Wild5B_23",0.037305051245609,"2L",9564503,9564503,"2L",2003771,2003771,9564503,2003771,TRUE,7560732,7560732,TRUE,1283
"1284","A6-Wild5B_52","A6-Wild5B_23",0.037305051245609,"2L",14887432,14887432,"2L",2003771,2003771,14887432,2003771,TRUE,12883661,12883661,TRUE,1284
"1285","A6-Wild5B_53","A6-Wild5B_23",0.037305051245609,"2L",15931742,15931742,"2L",2003771,2003771,15931742,2003771,TRUE,13927971,13927971,TRUE,1285
"1286","A6-Wild5B_55","A6-Wild5B_24",0.037305051245609,"2L",18286654,18286654,"2L",6587078,6587081,18286654,6587079.5,TRUE,11699574.5,11699573,TRUE,1286
"1287","A6-Wild5B_55","A6-Wild5B_32",0.037305051245609,"2L",18286654,18286654,"2L",15142559,15142559,18286654,15142559,TRUE,3144095,3144095,TRUE,1287
"1288","A6-Wild5B_55","A6-Wild5B_37",0.037305051245609,"2L",18286654,18286654,"2L",19890229,19890229,18286654,19890229,TRUE,1603575,1603575,TRUE,1288
"1289","A6-Wild5B_55","A6-Wild5B_48",0.037305051245609,"2L",18286654,18286654,"2L",9564503,9564503,18286654,9564503,TRUE,8722151,8722151,TRUE,1289
"1290","A6-Wild5B_55","A6-Wild5B_52",0.037305051245609,"2L",18286654,18286654,"2L",14887432,14887432,18286654,14887432,TRUE,3399222,3399222,TRUE,1290
"1291","A6-Wild5B_55","A6-Wild5B_53",0.037305051245609,"2L",18286654,18286654,"2L",15931742,15931742,18286654,15931742,TRUE,2354912,2354912,TRUE,1291
"1292","A6-Wild5B_143","A6-Wild5B_141",0.037305051245609,"2R",14518122,14518122,"2R",9243894,9243894,14518122,9243894,TRUE,5274228,5274228,TRUE,1292
"1293","A6-Wild5B_144","A6-Wild5B_141",0.037305051245609,"2R",15722342,15722427,"2R",9243894,9243894,15722384.5,9243894,TRUE,6478490.5,6478448,TRUE,1293
"1294","A6-Wild5B_13","A6-Wild5B_11",0.037305051245609,"3L",10006312,10006312,"3L",8894574,8894574,10006312,8894574,TRUE,1111738,1111738,TRUE,1294
"1295","A6-Wild5B_19","A6-Wild5B_13",0.037305051245609,"3L",20713459,20713459,"3L",10006312,10006312,20713459,10006312,TRUE,10707147,10707147,TRUE,1295
"1296","A6-Wild5B_20","A6-Wild5B_13",0.037305051245609,"3L",22204693,22204693,"3L",10006312,10006312,22204693,10006312,TRUE,12198381,12198381,TRUE,1296
"1297","A6-Wild5B_97","A6-Wild5B_94",0.037305051245609,"3R",25086787,25086787,"3R",20782843,20782843,25086787,20782843,TRUE,4303944,4303944,TRUE,1297
"1298","A6-Wild5B_126","A6-Wild5B_94",0.037305051245609,"3R",30183667,30183667,"3R",20782843,20782843,30183667,20782843,TRUE,9400824,9400824,TRUE,1298
"1299","A6-Wild5B_118","A6-Wild5B_97",0.037305051245609,"3R",20778651,20778651,"3R",25086787,25086787,20778651,25086787,TRUE,4308136,4308136,TRUE,1299
"1300","A6-Wild5B_120","A6-Wild5B_97",0.037305051245609,"3R",22494566,22494566,"3R",25086787,25086787,22494566,25086787,TRUE,2592221,2592221,TRUE,1300
"1301","A6-Wild5B_118","A6-Wild5B_104",0.037305051245609,"3R",20778651,20778651,"3R",29691953,29691953,20778651,29691953,TRUE,8913302,8913302,TRUE,1301
"1302","A6-Wild5B_126","A6-Wild5B_118",0.037305051245609,"3R",30183667,30183667,"3R",20778651,20778651,30183667,20778651,TRUE,9405016,9405016,TRUE,1302
"1303","A6-Wild5B_126","A6-Wild5B_120",0.037305051245609,"3R",30183667,30183667,"3R",22494566,22494566,30183667,22494566,TRUE,7689101,7689101,TRUE,1303
"1304","A6-Wild5B_78","A6-Wild5B_65",0.037305051245609,"X",7978988,7978988,"X",11427328,11427328,7978988,11427328,TRUE,3448340,3448340,TRUE,1304
"1305","A6-Wild5B_134","A6-Wild5B_130",0.0373206056423233,"2R",19547861,19547861,"2R",13543833,13543833,19547861,13543833,TRUE,6004028,6004028,TRUE,1305
"1306","A6-Wild5B_137","A6-Wild5B_130",0.0373206056423233,"2R",5950277,5950277,"2R",13543833,13543833,5950277,13543833,TRUE,7593556,7593556,TRUE,1306
"1307","A6-Wild5B_142","A6-Wild5B_130",0.0373206056423233,"2R",11778230,11778230,"2R",13543833,13543833,11778230,13543833,TRUE,1765603,1765603,TRUE,1307
"1308","A6-Wild5B_26","A6-Wild5B_23",0.0373318397851375,"2L",10933389,10933389,"2L",2003771,2003771,10933389,2003771,TRUE,8929618,8929618,TRUE,1308
"1309","A6-Wild5B_29","A6-Wild5B_23",0.0373318397851375,"2L",12325056,12325056,"2L",2003771,2003771,12325056,2003771,TRUE,10321285,10321285,TRUE,1309
"1310","A6-Wild5B_44","A6-Wild5B_23",0.0373318397851375,"2L",6115657,6115657,"2L",2003771,2003771,6115657,2003771,TRUE,4111886,4111886,TRUE,1310
"1311","A6-Wild5B_40","A6-Wild5B_24",0.0373318397851375,"2L",21078116,21078116,"2L",6587078,6587081,21078116,6587079.5,TRUE,14491036.5,14491035,TRUE,1311
"1312","A6-Wild5B_46","A6-Wild5B_24",0.0373318397851375,"2L",7934109,7934109,"2L",6587078,6587081,7934109,6587079.5,TRUE,1347029.5,1347028,TRUE,1312
"1313","A6-Wild5B_40","A6-Wild5B_26",0.0373318397851375,"2L",21078116,21078116,"2L",10933389,10933389,21078116,10933389,TRUE,10144727,10144727,TRUE,1313
"1314","A6-Wild5B_55","A6-Wild5B_26",0.0373318397851375,"2L",18286654,18286654,"2L",10933389,10933389,18286654,10933389,TRUE,7353265,7353265,TRUE,1314
"1315","A6-Wild5B_40","A6-Wild5B_29",0.0373318397851375,"2L",21078116,21078116,"2L",12325056,12325056,21078116,12325056,TRUE,8753060,8753060,TRUE,1315
"1316","A6-Wild5B_55","A6-Wild5B_29",0.0373318397851375,"2L",18286654,18286654,"2L",12325056,12325056,18286654,12325056,TRUE,5961598,5961598,TRUE,1316
"1317","A6-Wild5B_40","A6-Wild5B_32",0.0373318397851375,"2L",21078116,21078116,"2L",15142559,15142559,21078116,15142559,TRUE,5935557,5935557,TRUE,1317
"1318","A6-Wild5B_46","A6-Wild5B_32",0.0373318397851375,"2L",7934109,7934109,"2L",15142559,15142559,7934109,15142559,TRUE,7208450,7208450,TRUE,1318
"1319","A6-Wild5B_40","A6-Wild5B_37",0.0373318397851375,"2L",21078116,21078116,"2L",19890229,19890229,21078116,19890229,TRUE,1187887,1187887,TRUE,1319
"1320","A6-Wild5B_46","A6-Wild5B_37",0.0373318397851375,"2L",7934109,7934109,"2L",19890229,19890229,7934109,19890229,TRUE,11956120,11956120,TRUE,1320
"1321","A6-Wild5B_48","A6-Wild5B_40",0.0373318397851375,"2L",9564503,9564503,"2L",21078116,21078116,9564503,21078116,TRUE,11513613,11513613,TRUE,1321
"1322","A6-Wild5B_52","A6-Wild5B_40",0.0373318397851375,"2L",14887432,14887432,"2L",21078116,21078116,14887432,21078116,TRUE,6190684,6190684,TRUE,1322
"1323","A6-Wild5B_53","A6-Wild5B_40",0.0373318397851375,"2L",15931742,15931742,"2L",21078116,21078116,15931742,21078116,TRUE,5146374,5146374,TRUE,1323
"1324","A6-Wild5B_55","A6-Wild5B_44",0.0373318397851375,"2L",18286654,18286654,"2L",6115657,6115657,18286654,6115657,TRUE,12170997,12170997,TRUE,1324
"1325","A6-Wild5B_48","A6-Wild5B_46",0.0373318397851375,"2L",9564503,9564503,"2L",7934109,7934109,9564503,7934109,TRUE,1630394,1630394,TRUE,1325
"1326","A6-Wild5B_52","A6-Wild5B_46",0.0373318397851375,"2L",14887432,14887432,"2L",7934109,7934109,14887432,7934109,TRUE,6953323,6953323,TRUE,1326
"1327","A6-Wild5B_53","A6-Wild5B_46",0.0373318397851375,"2L",15931742,15931742,"2L",7934109,7934109,15931742,7934109,TRUE,7997633,7997633,TRUE,1327
"1328","A6-Wild5B_11","A6-Wild5B_1",0.0373318397851375,"3L",8894574,8894574,"3L",5280021,5280021,8894574,5280021,TRUE,3614553,3614553,TRUE,1328
"1329","A6-Wild5B_19","A6-Wild5B_1",0.0373318397851375,"3L",20713459,20713459,"3L",5280021,5280021,20713459,5280021,TRUE,15433438,15433438,TRUE,1329
"1330","A6-Wild5B_20","A6-Wild5B_1",0.0373318397851375,"3L",22204693,22204693,"3L",5280021,5280021,22204693,5280021,TRUE,16924672,16924672,TRUE,1330
"1331","A6-Wild5B_12","A6-Wild5B_11",0.0373318397851375,"3L",9169049,9169049,"3L",8894574,8894574,9169049,8894574,TRUE,274475,274475,TRUE,1331
"1332","A6-Wild5B_19","A6-Wild5B_12",0.0373318397851375,"3L",20713459,20713459,"3L",9169049,9169049,20713459,9169049,TRUE,11544410,11544410,TRUE,1332
"1333","A6-Wild5B_20","A6-Wild5B_12",0.0373318397851375,"3L",22204693,22204693,"3L",9169049,9169049,22204693,9169049,TRUE,13035644,13035644,TRUE,1333
"1334","A6-Wild5B_90","A6-Wild5B_88",0.0373318397851375,"3R",10496725,10496725,"3R",2387287,2387287,10496725,2387287,TRUE,8109438,8109438,TRUE,1334
"1335","A6-Wild5B_94","A6-Wild5B_88",0.0373318397851375,"3R",20782843,20782843,"3R",2387287,2387287,20782843,2387287,TRUE,18395556,18395556,TRUE,1335
"1336","A6-Wild5B_118","A6-Wild5B_88",0.0373318397851375,"3R",20778651,20778651,"3R",2387287,2387287,20778651,2387287,TRUE,18391364,18391364,TRUE,1336
"1337","A6-Wild5B_120","A6-Wild5B_88",0.0373318397851375,"3R",22494566,22494566,"3R",2387287,2387287,22494566,2387287,TRUE,20107279,20107279,TRUE,1337
"1338","A6-Wild5B_91","A6-Wild5B_90",0.0373318397851375,"3R",10914458,10914458,"3R",10496725,10496725,10914458,10496725,TRUE,417733,417733,TRUE,1338
"1339","A6-Wild5B_97","A6-Wild5B_90",0.0373318397851375,"3R",25086787,25086787,"3R",10496725,10496725,25086787,10496725,TRUE,14590062,14590062,TRUE,1339
"1340","A6-Wild5B_100","A6-Wild5B_90",0.0373318397851375,"3R",28106715,28106715,"3R",10496725,10496725,28106715,10496725,TRUE,17609990,17609990,TRUE,1340
"1341","A6-Wild5B_104","A6-Wild5B_90",0.0373318397851375,"3R",29691953,29691953,"3R",10496725,10496725,29691953,10496725,TRUE,19195228,19195228,TRUE,1341
"1342","A6-Wild5B_116","A6-Wild5B_90",0.0373318397851375,"3R",17900927,17900927,"3R",10496725,10496725,17900927,10496725,TRUE,7404202,7404202,TRUE,1342
"1343","A6-Wild5B_121","A6-Wild5B_90",0.0373318397851375,"3R",23293133,23293133,"3R",10496725,10496725,23293133,10496725,TRUE,12796408,12796408,TRUE,1343
"1344","A6-Wild5B_122","A6-Wild5B_90",0.0373318397851375,"3R",25184558,25184558,"3R",10496725,10496725,25184558,10496725,TRUE,14687833,14687833,TRUE,1344
"1345","A6-Wild5B_126","A6-Wild5B_90",0.0373318397851375,"3R",30183667,30183667,"3R",10496725,10496725,30183667,10496725,TRUE,19686942,19686942,TRUE,1345
"1346","A6-Wild5B_94","A6-Wild5B_91",0.0373318397851375,"3R",20782843,20782843,"3R",10914458,10914458,20782843,10914458,TRUE,9868385,9868385,TRUE,1346
"1347","A6-Wild5B_118","A6-Wild5B_91",0.0373318397851375,"3R",20778651,20778651,"3R",10914458,10914458,20778651,10914458,TRUE,9864193,9864193,TRUE,1347
"1348","A6-Wild5B_120","A6-Wild5B_91",0.0373318397851375,"3R",22494566,22494566,"3R",10914458,10914458,22494566,10914458,TRUE,11580108,11580108,TRUE,1348
"1349","A6-Wild5B_94","A6-Wild5B_93",0.0373318397851375,"3R",20782843,20782843,"3R",20526431,20526431,20782843,20526431,TRUE,256412,256412,TRUE,1349
"1350","A6-Wild5B_118","A6-Wild5B_93",0.0373318397851375,"3R",20778651,20778651,"3R",20526431,20526431,20778651,20526431,TRUE,252220,252220,TRUE,1350
"1351","A6-Wild5B_120","A6-Wild5B_93",0.0373318397851375,"3R",22494566,22494566,"3R",20526431,20526431,22494566,20526431,TRUE,1968135,1968135,TRUE,1351
"1352","A6-Wild5B_100","A6-Wild5B_94",0.0373318397851375,"3R",28106715,28106715,"3R",20782843,20782843,28106715,20782843,TRUE,7323872,7323872,TRUE,1352
"1353","A6-Wild5B_116","A6-Wild5B_94",0.0373318397851375,"3R",17900927,17900927,"3R",20782843,20782843,17900927,20782843,TRUE,2881916,2881916,TRUE,1353
"1354","A6-Wild5B_121","A6-Wild5B_94",0.0373318397851375,"3R",23293133,23293133,"3R",20782843,20782843,23293133,20782843,TRUE,2510290,2510290,TRUE,1354
"1355","A6-Wild5B_122","A6-Wild5B_94",0.0373318397851375,"3R",25184558,25184558,"3R",20782843,20782843,25184558,20782843,TRUE,4401715,4401715,TRUE,1355
"1356","A6-Wild5B_118","A6-Wild5B_100",0.0373318397851375,"3R",20778651,20778651,"3R",28106715,28106715,20778651,28106715,TRUE,7328064,7328064,TRUE,1356
"1357","A6-Wild5B_120","A6-Wild5B_100",0.0373318397851375,"3R",22494566,22494566,"3R",28106715,28106715,22494566,28106715,TRUE,5612149,5612149,TRUE,1357
"1358","A6-Wild5B_118","A6-Wild5B_116",0.0373318397851375,"3R",20778651,20778651,"3R",17900927,17900927,20778651,17900927,TRUE,2877724,2877724,TRUE,1358
"1359","A6-Wild5B_120","A6-Wild5B_116",0.0373318397851375,"3R",22494566,22494566,"3R",17900927,17900927,22494566,17900927,TRUE,4593639,4593639,TRUE,1359
"1360","A6-Wild5B_121","A6-Wild5B_118",0.0373318397851375,"3R",23293133,23293133,"3R",20778651,20778651,23293133,20778651,TRUE,2514482,2514482,TRUE,1360
"1361","A6-Wild5B_122","A6-Wild5B_118",0.0373318397851375,"3R",25184558,25184558,"3R",20778651,20778651,25184558,20778651,TRUE,4405907,4405907,TRUE,1361
"1362","A6-Wild5B_121","A6-Wild5B_120",0.0373318397851375,"3R",23293133,23293133,"3R",22494566,22494566,23293133,22494566,TRUE,798567,798567,TRUE,1362
"1363","A6-Wild5B_122","A6-Wild5B_120",0.0373318397851375,"3R",25184558,25184558,"3R",22494566,22494566,25184558,22494566,TRUE,2689992,2689992,TRUE,1363
"1364","A6-Wild5B_65","A6-Wild5B_62",0.0373318397851375,"X",11427328,11427328,"X",8035110,8035112,11427328,8035111,TRUE,3392217,3392216,TRUE,1364
"1365","A6-Wild5B_67","A6-Wild5B_65",0.0373318397851375,"X",13431448,13431448,"X",11427328,11427328,13431448,11427328,TRUE,2004120,2004120,TRUE,1365
"1366","A6-Wild5B_76","A6-Wild5B_65",0.0373318397851375,"X",6944927,6944927,"X",11427328,11427328,6944927,11427328,TRUE,4482401,4482401,TRUE,1366
"1367","A6-Wild5B_83","A6-Wild5B_65",0.0373318397851375,"X",14990159,14990159,"X",11427328,11427328,14990159,11427328,TRUE,3562831,3562831,TRUE,1367
"1368","A6-Wild5B_27","A6-Wild5B_23",0.0373586668350875,"2L",11155310,11155311,"2L",2003771,2003771,11155310.5,2003771,TRUE,9151539.5,9151539,TRUE,1368
"1369","A6-Wild5B_33","A6-Wild5B_23",0.0373586668350875,"2L",17080016,17080016,"2L",2003771,2003771,17080016,2003771,TRUE,15076245,15076245,TRUE,1369
"1370","A6-Wild5B_46","A6-Wild5B_26",0.0373586668350875,"2L",7934109,7934109,"2L",10933389,10933389,7934109,10933389,TRUE,2999280,2999280,TRUE,1370
"1371","A6-Wild5B_55","A6-Wild5B_27",0.0373586668350875,"2L",18286654,18286654,"2L",11155310,11155311,18286654,11155310.5,TRUE,7131343.5,7131343,TRUE,1371
"1372","A6-Wild5B_46","A6-Wild5B_29",0.0373586668350875,"2L",7934109,7934109,"2L",12325056,12325056,7934109,12325056,TRUE,4390947,4390947,TRUE,1372
"1373","A6-Wild5B_40","A6-Wild5B_33",0.0373586668350875,"2L",21078116,21078116,"2L",17080016,17080016,21078116,17080016,TRUE,3998100,3998100,TRUE,1373
"1374","A6-Wild5B_55","A6-Wild5B_33",0.0373586668350875,"2L",18286654,18286654,"2L",17080016,17080016,18286654,17080016,TRUE,1206638,1206638,TRUE,1374
"1375","A6-Wild5B_44","A6-Wild5B_40",0.0373586668350875,"2L",6115657,6115657,"2L",21078116,21078116,6115657,21078116,TRUE,14962459,14962459,TRUE,1375
"1376","A6-Wild5B_46","A6-Wild5B_44",0.0373586668350875,"2L",7934109,7934109,"2L",6115657,6115657,7934109,6115657,TRUE,1818452,1818452,TRUE,1376
"1377","A6-Wild5B_145","A6-Wild5B_141",0.0373586668350875,"2R",19518677,19518677,"2R",9243894,9243894,19518677,9243894,TRUE,10274783,10274783,TRUE,1377
"1378","A6-Wild5B_93","A6-Wild5B_90",0.0373586668350875,"3R",20526431,20526431,"3R",10496725,10496725,20526431,10496725,TRUE,10029706,10029706,TRUE,1378
"1379","A6-Wild5B_40","A6-Wild5B_27",0.0373855324785814,"2L",21078116,21078116,"2L",11155310,11155311,21078116,11155310.5,TRUE,9922805.5,9922805,TRUE,1379
"1380","A6-Wild5B_46","A6-Wild5B_27",0.0373855324785814,"2L",7934109,7934109,"2L",11155310,11155311,7934109,11155310.5,TRUE,3221201.5,3221201,TRUE,1380
"1381","A6-Wild5B_46","A6-Wild5B_33",0.0373855324785814,"2L",7934109,7934109,"2L",17080016,17080016,7934109,17080016,TRUE,9145907,9145907,TRUE,1381
"1382","A6-Wild5B_30","A6-Wild5B_25",0.037990687801176,"2L",13575158,13575158,"2L",10567015,10567015,13575158,10567015,TRUE,3008143,3008143,TRUE,1382
"1383","A6-Wild5B_39","A6-Wild5B_30",0.037990687801176,"2L",20952528,20952528,"2L",13575158,13575158,20952528,13575158,TRUE,7377370,7377370,TRUE,1383
"1384","A6-Wild5B_47","A6-Wild5B_30",0.037990687801176,"2L",7966456,7966456,"2L",13575158,13575158,7966456,13575158,TRUE,5608702,5608702,TRUE,1384
"1385","A6-Wild5B_61","A6-Wild5B_59",0.037990687801176,"X",6307214,6307214,"X",5113101,5113105,6307214,5113103,TRUE,1194111,1194109,TRUE,1385
"1386","A6-Wild5B_63","A6-Wild5B_61",0.0380179462389133,"X",9440961,9440963,"X",6307214,6307214,9440962,6307214,TRUE,3133748,3133747,FALSE,1386
"1387","A6-Wild5B_59","A6-Wild5B_57",0.0380317959434364,"X",5113101,5113105,"X",996839,996839,5113103,996839,TRUE,4116264,4116262,FALSE,1387
"1388","A6-Wild5B_63","A6-Wild5B_57",0.0380591130253084,"X",9440961,9440963,"X",996839,996839,9440962,996839,TRUE,8444123,8444122,FALSE,1388
"1389","A6-Wild5B_143","A6-Wild5B_128",0.038065445205995,"2R",14518122,14518122,"2R",2309839,2311271,14518122,2310555,TRUE,12207567,12206851,FALSE,1389
"1390","A6-Wild5B_144","A6-Wild5B_128",0.038065445205995,"2R",15722342,15722427,"2R",2309839,2311271,15722384.5,2310555,TRUE,13411829.5,13411071,FALSE,1390
"1391","A6-Wild5B_145","A6-Wild5B_128",0.0380928108751957,"2R",19518677,19518677,"2R",2309839,2311271,19518677,2310555,TRUE,17208122,17207406,FALSE,1391
"1392","A6-Wild5B_25","A6-Wild5B_24",0.0387308803863931,"2L",10567015,10567015,"2L",6587078,6587081,10567015,6587079.5,TRUE,3979935.5,3979934,FALSE,1392
"1393","A6-Wild5B_39","A6-Wild5B_24",0.0387308803863931,"2L",20952528,20952528,"2L",6587078,6587081,20952528,6587079.5,TRUE,14365448.5,14365447,FALSE,1393
"1394","A6-Wild5B_47","A6-Wild5B_24",0.0387308803863931,"2L",7966456,7966456,"2L",6587078,6587081,7966456,6587079.5,TRUE,1379376.5,1379375,FALSE,1394
"1395","A6-Wild5B_32","A6-Wild5B_25",0.0387308803863931,"2L",15142559,15142559,"2L",10567015,10567015,15142559,10567015,TRUE,4575544,4575544,FALSE,1395
"1396","A6-Wild5B_37","A6-Wild5B_25",0.0387308803863931,"2L",19890229,19890229,"2L",10567015,10567015,19890229,10567015,TRUE,9323214,9323214,FALSE,1396
"1397","A6-Wild5B_48","A6-Wild5B_25",0.0387308803863931,"2L",9564503,9564503,"2L",10567015,10567015,9564503,10567015,TRUE,1002512,1002512,FALSE,1397
"1398","A6-Wild5B_52","A6-Wild5B_25",0.0387308803863931,"2L",14887432,14887432,"2L",10567015,10567015,14887432,10567015,TRUE,4320417,4320417,FALSE,1398
"1399","A6-Wild5B_53","A6-Wild5B_25",0.0387308803863931,"2L",15931742,15931742,"2L",10567015,10567015,15931742,10567015,TRUE,5364727,5364727,FALSE,1399
"1400","A6-Wild5B_39","A6-Wild5B_32",0.0387308803863931,"2L",20952528,20952528,"2L",15142559,15142559,20952528,15142559,TRUE,5809969,5809969,FALSE,1400
"1401","A6-Wild5B_47","A6-Wild5B_32",0.0387308803863931,"2L",7966456,7966456,"2L",15142559,15142559,7966456,15142559,TRUE,7176103,7176103,FALSE,1401
"1402","A6-Wild5B_39","A6-Wild5B_37",0.0387308803863931,"2L",20952528,20952528,"2L",19890229,19890229,20952528,19890229,TRUE,1062299,1062299,FALSE,1402
"1403","A6-Wild5B_47","A6-Wild5B_37",0.0387308803863931,"2L",7966456,7966456,"2L",19890229,19890229,7966456,19890229,TRUE,11923773,11923773,FALSE,1403
"1404","A6-Wild5B_48","A6-Wild5B_39",0.0387308803863931,"2L",9564503,9564503,"2L",20952528,20952528,9564503,20952528,TRUE,11388025,11388025,FALSE,1404
"1405","A6-Wild5B_52","A6-Wild5B_39",0.0387308803863931,"2L",14887432,14887432,"2L",20952528,20952528,14887432,20952528,TRUE,6065096,6065096,FALSE,1405
"1406","A6-Wild5B_53","A6-Wild5B_39",0.0387308803863931,"2L",15931742,15931742,"2L",20952528,20952528,15931742,20952528,TRUE,5020786,5020786,FALSE,1406
"1407","A6-Wild5B_48","A6-Wild5B_47",0.0387308803863931,"2L",9564503,9564503,"2L",7966456,7966456,9564503,7966456,TRUE,1598047,1598047,FALSE,1407
"1408","A6-Wild5B_52","A6-Wild5B_47",0.0387308803863931,"2L",14887432,14887432,"2L",7966456,7966456,14887432,7966456,TRUE,6920976,6920976,FALSE,1408
"1409","A6-Wild5B_53","A6-Wild5B_47",0.0387308803863931,"2L",15931742,15931742,"2L",7966456,7966456,15931742,7966456,TRUE,7965286,7965286,FALSE,1409
"1410","A6-Wild5B_143","A6-Wild5B_134",0.0387308803863931,"2R",14518122,14518122,"2R",19547861,19547861,14518122,19547861,TRUE,5029739,5029739,FALSE,1410
"1411","A6-Wild5B_144","A6-Wild5B_134",0.0387308803863931,"2R",15722342,15722427,"2R",19547861,19547861,15722384.5,19547861,TRUE,3825476.5,3825434,FALSE,1411
"1412","A6-Wild5B_143","A6-Wild5B_137",0.0387308803863931,"2R",14518122,14518122,"2R",5950277,5950277,14518122,5950277,TRUE,8567845,8567845,FALSE,1412
"1413","A6-Wild5B_144","A6-Wild5B_137",0.0387308803863931,"2R",15722342,15722427,"2R",5950277,5950277,15722384.5,5950277,TRUE,9772107.5,9772065,FALSE,1413
"1414","A6-Wild5B_143","A6-Wild5B_142",0.0387308803863931,"2R",14518122,14518122,"2R",11778230,11778230,14518122,11778230,TRUE,2739892,2739892,FALSE,1414
"1415","A6-Wild5B_144","A6-Wild5B_142",0.0387308803863931,"2R",15722342,15722427,"2R",11778230,11778230,15722384.5,11778230,TRUE,3944154.5,3944112,FALSE,1415
"1416","A6-Wild5B_13","A6-Wild5B_4",0.0387308803863931,"3L",10006312,10006312,"3L",12008163,12008163,10006312,12008163,TRUE,2001851,2001851,FALSE,1416
"1417","A6-Wild5B_13","A6-Wild5B_9",0.0387308803863931,"3L",10006312,10006312,"3L",4840417,4840417,10006312,4840417,TRUE,5165895,5165895,FALSE,1417
"1418","A6-Wild5B_99","A6-Wild5B_97",0.0387308803863931,"3R",27859546,27859546,"3R",25086787,25086787,27859546,25086787,TRUE,2772759,2772759,FALSE,1418
"1419","A6-Wild5B_103","A6-Wild5B_97",0.0387308803863931,"3R",29470824,29470824,"3R",25086787,25086787,29470824,25086787,TRUE,4384037,4384037,FALSE,1419
"1420","A6-Wild5B_104","A6-Wild5B_99",0.0387308803863931,"3R",29691953,29691953,"3R",27859546,27859546,29691953,27859546,TRUE,1832407,1832407,FALSE,1420
"1421","A6-Wild5B_126","A6-Wild5B_99",0.0387308803863931,"3R",30183667,30183667,"3R",27859546,27859546,30183667,27859546,TRUE,2324121,2324121,FALSE,1421
"1422","A6-Wild5B_104","A6-Wild5B_103",0.0387308803863931,"3R",29691953,29691953,"3R",29470824,29470824,29691953,29470824,TRUE,221129,221129,FALSE,1422
"1423","A6-Wild5B_126","A6-Wild5B_103",0.0387308803863931,"3R",30183667,30183667,"3R",29470824,29470824,30183667,29470824,TRUE,712843,712843,FALSE,1423
"1424","A6-Wild5B_78","A6-Wild5B_61",0.0387308803863931,"X",7978988,7978988,"X",6307214,6307214,7978988,6307214,TRUE,1671774,1671774,FALSE,1424
"1425","A6-Wild5B_56","A6-Wild5B_49",0.0387485808599133,"2L",18901797,18901797,"2L",10442061,10442061,18901797,10442061,TRUE,8459736,8459736,FALSE,1425
"1426","A6-Wild5B_26","A6-Wild5B_25",0.0387586871151347,"2L",10933389,10933389,"2L",10567015,10567015,10933389,10567015,TRUE,366374,366374,FALSE,1426
"1427","A6-Wild5B_29","A6-Wild5B_25",0.0387586871151347,"2L",12325056,12325056,"2L",10567015,10567015,12325056,10567015,TRUE,1758041,1758041,FALSE,1427
"1428","A6-Wild5B_44","A6-Wild5B_25",0.0387586871151347,"2L",6115657,6115657,"2L",10567015,10567015,6115657,10567015,TRUE,4451358,4451358,FALSE,1428
"1429","A6-Wild5B_39","A6-Wild5B_26",0.0387586871151347,"2L",20952528,20952528,"2L",10933389,10933389,20952528,10933389,TRUE,10019139,10019139,FALSE,1429
"1430","A6-Wild5B_47","A6-Wild5B_26",0.0387586871151347,"2L",7966456,7966456,"2L",10933389,10933389,7966456,10933389,TRUE,2966933,2966933,FALSE,1430
"1431","A6-Wild5B_39","A6-Wild5B_29",0.0387586871151347,"2L",20952528,20952528,"2L",12325056,12325056,20952528,12325056,TRUE,8627472,8627472,FALSE,1431
"1432","A6-Wild5B_47","A6-Wild5B_29",0.0387586871151347,"2L",7966456,7966456,"2L",12325056,12325056,7966456,12325056,TRUE,4358600,4358600,FALSE,1432
"1433","A6-Wild5B_44","A6-Wild5B_39",0.0387586871151347,"2L",6115657,6115657,"2L",20952528,20952528,6115657,20952528,TRUE,14836871,14836871,FALSE,1433
"1434","A6-Wild5B_47","A6-Wild5B_44",0.0387586871151347,"2L",7966456,7966456,"2L",6115657,6115657,7966456,6115657,TRUE,1850799,1850799,FALSE,1434
"1435","A6-Wild5B_4","A6-Wild5B_1",0.0387586871151347,"3L",12008163,12008163,"3L",5280021,5280021,12008163,5280021,TRUE,6728142,6728142,FALSE,1435
"1436","A6-Wild5B_9","A6-Wild5B_1",0.0387586871151347,"3L",4840417,4840417,"3L",5280021,5280021,4840417,5280021,TRUE,439604,439604,FALSE,1436
"1437","A6-Wild5B_12","A6-Wild5B_4",0.0387586871151347,"3L",9169049,9169049,"3L",12008163,12008163,9169049,12008163,TRUE,2839114,2839114,FALSE,1437
"1438","A6-Wild5B_12","A6-Wild5B_9",0.0387586871151347,"3L",9169049,9169049,"3L",4840417,4840417,9169049,4840417,TRUE,4328632,4328632,FALSE,1438
"1439","A6-Wild5B_99","A6-Wild5B_88",0.0387586871151347,"3R",27859546,27859546,"3R",2387287,2387287,27859546,2387287,TRUE,25472259,25472259,FALSE,1439
"1440","A6-Wild5B_103","A6-Wild5B_88",0.0387586871151347,"3R",29470824,29470824,"3R",2387287,2387287,29470824,2387287,TRUE,27083537,27083537,FALSE,1440
"1441","A6-Wild5B_99","A6-Wild5B_91",0.0387586871151347,"3R",27859546,27859546,"3R",10914458,10914458,27859546,10914458,TRUE,16945088,16945088,FALSE,1441
"1442","A6-Wild5B_103","A6-Wild5B_91",0.0387586871151347,"3R",29470824,29470824,"3R",10914458,10914458,29470824,10914458,TRUE,18556366,18556366,FALSE,1442
"1443","A6-Wild5B_99","A6-Wild5B_93",0.0387586871151347,"3R",27859546,27859546,"3R",20526431,20526431,27859546,20526431,TRUE,7333115,7333115,FALSE,1443
"1444","A6-Wild5B_103","A6-Wild5B_93",0.0387586871151347,"3R",29470824,29470824,"3R",20526431,20526431,29470824,20526431,TRUE,8944393,8944393,FALSE,1444
"1445","A6-Wild5B_100","A6-Wild5B_99",0.0387586871151347,"3R",28106715,28106715,"3R",27859546,27859546,28106715,27859546,TRUE,247169,247169,FALSE,1445
"1446","A6-Wild5B_116","A6-Wild5B_99",0.0387586871151347,"3R",17900927,17900927,"3R",27859546,27859546,17900927,27859546,TRUE,9958619,9958619,FALSE,1446
"1447","A6-Wild5B_121","A6-Wild5B_99",0.0387586871151347,"3R",23293133,23293133,"3R",27859546,27859546,23293133,27859546,TRUE,4566413,4566413,FALSE,1447
"1448","A6-Wild5B_122","A6-Wild5B_99",0.0387586871151347,"3R",25184558,25184558,"3R",27859546,27859546,25184558,27859546,TRUE,2674988,2674988,FALSE,1448
"1449","A6-Wild5B_103","A6-Wild5B_100",0.0387586871151347,"3R",29470824,29470824,"3R",28106715,28106715,29470824,28106715,TRUE,1364109,1364109,FALSE,1449
"1450","A6-Wild5B_116","A6-Wild5B_103",0.0387586871151347,"3R",17900927,17900927,"3R",29470824,29470824,17900927,29470824,TRUE,11569897,11569897,FALSE,1450
"1451","A6-Wild5B_121","A6-Wild5B_103",0.0387586871151347,"3R",23293133,23293133,"3R",29470824,29470824,23293133,29470824,TRUE,6177691,6177691,FALSE,1451
"1452","A6-Wild5B_122","A6-Wild5B_103",0.0387586871151347,"3R",25184558,25184558,"3R",29470824,29470824,25184558,29470824,TRUE,4286266,4286266,FALSE,1452
"1453","A6-Wild5B_62","A6-Wild5B_61",0.0387586871151347,"X",8035110,8035112,"X",6307214,6307214,8035111,6307214,TRUE,1727897,1727896,FALSE,1453
"1454","A6-Wild5B_67","A6-Wild5B_61",0.0387586871151347,"X",13431448,13431448,"X",6307214,6307214,13431448,6307214,TRUE,7124234,7124234,FALSE,1454
"1455","A6-Wild5B_76","A6-Wild5B_61",0.0387586871151347,"X",6944927,6944927,"X",6307214,6307214,6944927,6307214,TRUE,637713,637713,FALSE,1455
"1456","A6-Wild5B_83","A6-Wild5B_61",0.0387586871151347,"X",14990159,14990159,"X",6307214,6307214,14990159,6307214,TRUE,8682945,8682945,FALSE,1456
"1457","A6-Wild5B_78","A6-Wild5B_57",0.0387719885286535,"X",7978988,7978988,"X",996839,996839,7978988,996839,TRUE,6982149,6982149,FALSE,1457
"1458","A6-Wild5B_69","A6-Wild5B_66",0.0387764135459666,"X",14960688,14960688,"X",12634045,12634045,14960688,12634045,TRUE,2326643,2326643,FALSE,1458
"1459","A6-Wild5B_113","A6-Wild5B_87",0.0387833967640934,"3R",17243575,17243575,"3R",1331799,1331799,17243575,1331799,TRUE,15911776,15911776,FALSE,1459
"1460","A6-Wild5B_27","A6-Wild5B_25",0.0387865338109376,"2L",11155310,11155311,"2L",10567015,10567015,11155310.5,10567015,TRUE,588295.5,588295,FALSE,1460
"1461","A6-Wild5B_33","A6-Wild5B_25",0.0387865338109376,"2L",17080016,17080016,"2L",10567015,10567015,17080016,10567015,TRUE,6513001,6513001,FALSE,1461
"1462","A6-Wild5B_39","A6-Wild5B_27",0.0387865338109376,"2L",20952528,20952528,"2L",11155310,11155311,20952528,11155310.5,TRUE,9797217.5,9797217,FALSE,1462
"1463","A6-Wild5B_47","A6-Wild5B_27",0.0387865338109376,"2L",7966456,7966456,"2L",11155310,11155311,7966456,11155310.5,TRUE,3188854.5,3188854,FALSE,1463
"1464","A6-Wild5B_39","A6-Wild5B_33",0.0387865338109376,"2L",20952528,20952528,"2L",17080016,17080016,20952528,17080016,TRUE,3872512,3872512,FALSE,1464
"1465","A6-Wild5B_47","A6-Wild5B_33",0.0387865338109376,"2L",7966456,7966456,"2L",17080016,17080016,7966456,17080016,TRUE,9113560,9113560,FALSE,1465
"1466","A6-Wild5B_145","A6-Wild5B_134",0.0387865338109376,"2R",19518677,19518677,"2R",19547861,19547861,19518677,19547861,TRUE,29184,29184,FALSE,1466
"1467","A6-Wild5B_145","A6-Wild5B_137",0.0387865338109376,"2R",19518677,19518677,"2R",5950277,5950277,19518677,5950277,TRUE,13568400,13568400,FALSE,1467
"1468","A6-Wild5B_145","A6-Wild5B_142",0.0387865338109376,"2R",19518677,19518677,"2R",11778230,11778230,19518677,11778230,TRUE,7740447,7740447,FALSE,1468
"1469","A6-Wild5B_62","A6-Wild5B_57",0.0387998539015299,"X",8035110,8035112,"X",996839,996839,8035111,996839,TRUE,7038272,7038271,FALSE,1469
"1470","A6-Wild5B_67","A6-Wild5B_57",0.0387998539015299,"X",13431448,13431448,"X",996839,996839,13431448,996839,TRUE,12434609,12434609,FALSE,1470
"1471","A6-Wild5B_76","A6-Wild5B_57",0.0387998539015299,"X",6944927,6944927,"X",996839,996839,6944927,996839,TRUE,5948088,5948088,FALSE,1471
"1472","A6-Wild5B_83","A6-Wild5B_57",0.0387998539015299,"X",14990159,14990159,"X",996839,996839,14990159,996839,TRUE,13993320,13993320,FALSE,1472
"1473","A6-Wild5B_131","A6-Wild5B_130",0.0388422899896636,"2R",17375432,17375432,"2R",13543833,13543833,17375432,13543833,TRUE,3831599,3831599,FALSE,1473
"1474","A6-Wild5B_141","A6-Wild5B_130",0.0388423474489885,"2R",9243894,9243894,"2R",13543833,13543833,9243894,13543833,TRUE,4299939,4299939,FALSE,1474
"1475","A6-Wild5B_90","A6-Wild5B_87",0.0389039001999178,"3R",10496725,10496725,"3R",1331799,1331799,10496725,1331799,TRUE,9164926,9164926,FALSE,1475
"1476","A6-Wild5B_94","A6-Wild5B_87",0.0389039001999178,"3R",20782843,20782843,"3R",1331799,1331799,20782843,1331799,TRUE,19451044,19451044,FALSE,1476
"1477","A6-Wild5B_118","A6-Wild5B_87",0.0389039001999178,"3R",20778651,20778651,"3R",1331799,1331799,20778651,1331799,TRUE,19446852,19446852,FALSE,1477
"1478","A6-Wild5B_120","A6-Wild5B_87",0.0389039001999178,"3R",22494566,22494566,"3R",1331799,1331799,22494566,1331799,TRUE,21162767,21162767,FALSE,1478
"1479","A6-Wild5B_110","A6-Wild5B_106",0.0394528422188132,"3R",14096156,14096156,"3R",6228695,6228695,14096156,6228695,TRUE,7867461,7867461,FALSE,1479
"1480","A6-Wild5B_108","A6-Wild5B_95",0.0394732106900844,"3R",12789257,12789257,"3R",22164432,22164442,12789257,22164437,TRUE,9375180,9375175,FALSE,1480
"1481","A6-Wild5B_111","A6-Wild5B_108",0.0394732106900844,"3R",14873309,14873309,"3R",12789257,12789257,14873309,12789257,TRUE,2084052,2084052,FALSE,1481
"1482","A6-Wild5B_123","A6-Wild5B_110",0.0394811713533574,"3R",25937673,25937673,"3R",14096156,14096156,25937673,14096156,TRUE,11841517,11841517,FALSE,1482
"1483","A6-Wild5B_49","A6-Wild5B_25",0.039490971493703,"2L",10442061,10442061,"2L",10567015,10567015,10442061,10567015,TRUE,124954,124954,FALSE,1483
"1484","A6-Wild5B_49","A6-Wild5B_39",0.039490971493703,"2L",10442061,10442061,"2L",20952528,20952528,10442061,20952528,TRUE,10510467,10510467,FALSE,1484
"1485","A6-Wild5B_49","A6-Wild5B_47",0.039490971493703,"2L",10442061,10442061,"2L",7966456,7966456,10442061,7966456,TRUE,2475605,2475605,FALSE,1485
"1486","A6-Wild5B_99","A6-Wild5B_95",0.039490971493703,"3R",27859546,27859546,"3R",22164432,22164442,27859546,22164437,TRUE,5695109,5695104,FALSE,1486
"1487","A6-Wild5B_103","A6-Wild5B_95",0.039490971493703,"3R",29470824,29470824,"3R",22164432,22164442,29470824,22164437,TRUE,7306387,7306382,FALSE,1487
"1488","A6-Wild5B_111","A6-Wild5B_99",0.039490971493703,"3R",14873309,14873309,"3R",27859546,27859546,14873309,27859546,TRUE,12986237,12986237,FALSE,1488
"1489","A6-Wild5B_111","A6-Wild5B_103",0.039490971493703,"3R",14873309,14873309,"3R",29470824,29470824,14873309,29470824,TRUE,14597515,14597515,FALSE,1489
"1490","A6-Wild5B_69","A6-Wild5B_61",0.0395193557331789,"X",14960688,14960688,"X",6307214,6307214,14960688,6307214,TRUE,8653474,8653474,FALSE,1490
"1491","A6-Wild5B_138","A6-Wild5B_135",0.0395573627472671,"2R",7735187,7735187,"2R",25105373,25105373,7735187,25105373,TRUE,17370186,17370186,FALSE,1491
"1492","A6-Wild5B_140","A6-Wild5B_138",0.0395573627472671,"2R",8301454,8301454,"2R",7735187,7735187,8301454,7735187,TRUE,566267,566267,FALSE,1492
"1493","A6-Wild5B_130","A6-Wild5B_128",0.0395775929611039,"2R",13543833,13543833,"2R",2309839,2311271,13543833,2310555,TRUE,11233278,11232562,FALSE,1493
"1494","A6-Wild5B_139","A6-Wild5B_135",0.0396905219993133,"2R",8174647,8174647,"2R",25105373,25105373,8174647,25105373,TRUE,16930726,16930726,FALSE,1494
"1495","A6-Wild5B_140","A6-Wild5B_139",0.0396905219993133,"2R",8301454,8301454,"2R",8174647,8174647,8301454,8174647,TRUE,126807,126807,FALSE,1495
"1496","A6-Wild5B_36","A6-Wild5B_30",0.0401769556866773,"2L",19629864,19629864,"2L",13575158,13575158,19629864,13575158,TRUE,6054706,6054706,FALSE,1496
"1497","A6-Wild5B_49","A6-Wild5B_31",0.0401856943136239,"2L",10442061,10442061,"2L",15077860,15077860,10442061,15077860,TRUE,4635799,4635799,FALSE,1497
"1498","A6-Wild5B_50","A6-Wild5B_49",0.0401856943136239,"2L",12245969,12245969,"2L",10442061,10442061,12245969,10442061,TRUE,1803908,1803908,FALSE,1498
"1499","A6-Wild5B_51","A6-Wild5B_49",0.0401856943136239,"2L",14671836,14671836,"2L",10442061,10442061,14671836,10442061,TRUE,4229775,4229775,FALSE,1499
"1500","A6-Wild5B_102","A6-Wild5B_95",0.0401856943136239,"3R",28957954,28957954,"3R",22164432,22164442,28957954,22164437,TRUE,6793517,6793512,FALSE,1500
"1501","A6-Wild5B_125","A6-Wild5B_95",0.0401856943136239,"3R",27856815,27858239,"3R",22164432,22164442,27857527,22164437,TRUE,5693090,5692373,FALSE,1501
"1502","A6-Wild5B_111","A6-Wild5B_102",0.0401856943136239,"3R",14873309,14873309,"3R",28957954,28957954,14873309,28957954,TRUE,14084645,14084645,FALSE,1502
"1503","A6-Wild5B_125","A6-Wild5B_111",0.0401856943136239,"3R",27856815,27858239,"3R",14873309,14873309,27857527,14873309,TRUE,12984218,12983506,FALSE,1503
"1504","A6-Wild5B_38","A6-Wild5B_30",0.0401978602809948,"2L",20715244,20715244,"2L",13575158,13575158,20715244,13575158,TRUE,7140086,7140086,FALSE,1504
"1505","A6-Wild5B_41","A6-Wild5B_30",0.0401978602809948,"2L",21783487,21783487,"2L",13575158,13575158,21783487,13575158,TRUE,8208329,8208329,FALSE,1505
"1506","A6-Wild5B_49","A6-Wild5B_38",0.0402145610002941,"2L",10442061,10442061,"2L",20715244,20715244,10442061,20715244,TRUE,10273183,10273183,FALSE,1506
"1507","A6-Wild5B_49","A6-Wild5B_41",0.0402145610002941,"2L",10442061,10442061,"2L",21783487,21783487,10442061,21783487,TRUE,11341426,11341426,FALSE,1507
"1508","A6-Wild5B_95","A6-Wild5B_89",0.0402145610002941,"3R",22164432,22164442,"3R",4759777,4761207,22164437,4760492,TRUE,17403945,17403225,FALSE,1508
"1509","A6-Wild5B_111","A6-Wild5B_89",0.0402145610002941,"3R",14873309,14873309,"3R",4759777,4761207,14873309,4760492,TRUE,10112817,10112102,FALSE,1509
"1510","A6-Wild5B_75","A6-Wild5B_69",0.0402145610002941,"X",6802665,6802665,"X",14960688,14960688,6802665,14960688,TRUE,8158023,8158023,FALSE,1510
"1511","A6-Wild5B_86","A6-Wild5B_69",0.0402145610002941,"X",19817401,19817401,"X",14960688,14960688,19817401,14960688,TRUE,4856713,4856713,FALSE,1511
"1512","A6-Wild5B_135","A6-Wild5B_131",0.0402347048828378,"2R",25105373,25105373,"2R",17375432,17375432,25105373,17375432,TRUE,7729941,7729941,FALSE,1512
"1513","A6-Wild5B_140","A6-Wild5B_131",0.0402347048828378,"2R",8301454,8301454,"2R",17375432,17375432,8301454,17375432,TRUE,9073978,9073978,FALSE,1513
"1514","A6-Wild5B_85","A6-Wild5B_59",0.0402556691425545,"X",19790921,19790921,"X",5113101,5113105,19790921,5113103,TRUE,14677818,14677816,FALSE,1514
"1515","A6-Wild5B_106","A6-Wild5B_105",0.0402724190055164,"3R",6228695,6228695,"3R",4821131,4821131,6228695,4821131,TRUE,1407564,1407564,FALSE,1515
"1516","A6-Wild5B_85","A6-Wild5B_63",0.0402846359874381,"X",19790921,19790921,"X",9440961,9440963,19790921,9440962,TRUE,10349959,10349958,FALSE,1516
"1517","A6-Wild5B_123","A6-Wild5B_105",0.0403014105036181,"3R",25937673,25937673,"3R",4821131,4821131,25937673,4821131,TRUE,21116542,21116542,FALSE,1517
"1518","A6-Wild5B_99","A6-Wild5B_87",0.040362008118938,"3R",27859546,27859546,"3R",1331799,1331799,27859546,1331799,TRUE,26527747,26527747,FALSE,1518
"1519","A6-Wild5B_103","A6-Wild5B_87",0.040362008118938,"3R",29470824,29470824,"3R",1331799,1331799,29470824,1331799,TRUE,28139025,28139025,FALSE,1519
"1520","A6-Wild5B_80","A6-Wild5B_59",0.0404177952394842,"X",11420634,11420634,"X",5113101,5113105,11420634,5113103,TRUE,6307531,6307529,FALSE,1520
"1521","A6-Wild5B_80","A6-Wild5B_63",0.0404469965633963,"X",11420634,11420634,"X",9440961,9440963,11420634,9440962,TRUE,1979672,1979671,FALSE,1521
"1522","A6-Wild5B_49","A6-Wild5B_42",0.0408327214497288,"2L",10442061,10442061,"2L",259124,259126,10442061,259125,TRUE,10182936,10182935,FALSE,1522
"1523","A6-Wild5B_135","A6-Wild5B_133",0.0408815072401472,"2R",25105373,25105373,"2R",19073594,19073594,25105373,19073594,TRUE,6031779,6031779,FALSE,1523
"1524","A6-Wild5B_140","A6-Wild5B_133",0.0408815072401472,"2R",8301454,8301454,"2R",19073594,19073594,8301454,19073594,TRUE,10772140,10772140,FALSE,1524
"1525","A6-Wild5B_49","A6-Wild5B_34",0.0408899831266797,"2L",10442061,10442061,"2L",17945784,17945784,10442061,17945784,TRUE,7503723,7503723,FALSE,1525
"1526","A6-Wild5B_54","A6-Wild5B_49",0.0408899831266797,"2L",17088368,17088368,"2L",10442061,10442061,17088368,10442061,TRUE,6646307,6646307,FALSE,1526
"1527","A6-Wild5B_107","A6-Wild5B_95",0.0408899831266797,"3R",10918807,10918807,"3R",22164432,22164442,10918807,22164437,TRUE,11245630,11245625,FALSE,1527
"1528","A6-Wild5B_112","A6-Wild5B_95",0.0408899831266797,"3R",17216226,17216226,"3R",22164432,22164442,17216226,22164437,TRUE,4948211,4948206,FALSE,1528
"1529","A6-Wild5B_119","A6-Wild5B_95",0.0408899831266797,"3R",21338431,21338431,"3R",22164432,22164442,21338431,22164437,TRUE,826006,826001,FALSE,1529
"1530","A6-Wild5B_124","A6-Wild5B_95",0.0408899831266797,"3R",27485330,27485331,"3R",22164432,22164442,27485330.5,22164437,TRUE,5320893.5,5320888,FALSE,1530
"1531","A6-Wild5B_110","A6-Wild5B_104",0.0408899831266797,"3R",14096156,14096156,"3R",29691953,29691953,14096156,29691953,TRUE,15595797,15595797,FALSE,1531
"1532","A6-Wild5B_111","A6-Wild5B_107",0.0408899831266797,"3R",14873309,14873309,"3R",10918807,10918807,14873309,10918807,TRUE,3954502,3954502,FALSE,1532
"1533","A6-Wild5B_112","A6-Wild5B_111",0.0408899831266797,"3R",17216226,17216226,"3R",14873309,14873309,17216226,14873309,TRUE,2342917,2342917,FALSE,1533
"1534","A6-Wild5B_119","A6-Wild5B_111",0.0408899831266797,"3R",21338431,21338431,"3R",14873309,14873309,21338431,14873309,TRUE,6465122,6465122,FALSE,1534
"1535","A6-Wild5B_124","A6-Wild5B_111",0.0408899831266797,"3R",27485330,27485331,"3R",14873309,14873309,27485330.5,14873309,TRUE,12612021.5,12612021,FALSE,1535
"1536","A6-Wild5B_17","A6-Wild5B_5",0.0409031726098348,"3L",17612244,17612244,"3L",13686794,13686795,17612244,13686794.5,TRUE,3925449.5,3925449,FALSE,1536
"1537","A6-Wild5B_135","A6-Wild5B_132",0.0409108579837832,"2R",25105373,25105373,"2R",19053462,19053462,25105373,19053462,TRUE,6051911,6051911,FALSE,1537
"1538","A6-Wild5B_140","A6-Wild5B_132",0.0409108579837832,"2R",8301454,8301454,"2R",19053462,19053462,8301454,19053462,TRUE,10752008,10752008,FALSE,1538
"1539","A6-Wild5B_6","A6-Wild5B_5",0.0409108579837832,"3L",19413146,19413146,"3L",13686794,13686795,19413146,13686794.5,TRUE,5726351.5,5726351,FALSE,1539
"1540","A6-Wild5B_106","A6-Wild5B_102",0.0409108579837832,"3R",6228695,6228695,"3R",28957954,28957954,6228695,28957954,TRUE,22729259,22729259,FALSE,1540
"1541","A6-Wild5B_107","A6-Wild5B_106",0.0409108579837832,"3R",10918807,10918807,"3R",6228695,6228695,10918807,6228695,TRUE,4690112,4690112,FALSE,1541
"1542","A6-Wild5B_112","A6-Wild5B_106",0.0409108579837832,"3R",17216226,17216226,"3R",6228695,6228695,17216226,6228695,TRUE,10987531,10987531,FALSE,1542
"1543","A6-Wild5B_119","A6-Wild5B_106",0.0409108579837832,"3R",21338431,21338431,"3R",6228695,6228695,21338431,6228695,TRUE,15109736,15109736,FALSE,1543
"1544","A6-Wild5B_124","A6-Wild5B_106",0.0409108579837832,"3R",27485330,27485331,"3R",6228695,6228695,27485330.5,6228695,TRUE,21256635.5,21256635,FALSE,1544
"1545","A6-Wild5B_125","A6-Wild5B_106",0.0409108579837832,"3R",27856815,27858239,"3R",6228695,6228695,27857527,6228695,TRUE,21628832,21628120,FALSE,1545
"1546","A6-Wild5B_36","A6-Wild5B_24",0.0409193463204669,"2L",19629864,19629864,"2L",6587078,6587081,19629864,6587079.5,TRUE,13042784.5,13042783,FALSE,1546
"1547","A6-Wild5B_36","A6-Wild5B_32",0.0409193463204669,"2L",19629864,19629864,"2L",15142559,15142559,19629864,15142559,TRUE,4487305,4487305,FALSE,1547
"1548","A6-Wild5B_37","A6-Wild5B_36",0.0409193463204669,"2L",19890229,19890229,"2L",19629864,19629864,19890229,19629864,TRUE,260365,260365,FALSE,1548
"1549","A6-Wild5B_48","A6-Wild5B_36",0.0409193463204669,"2L",9564503,9564503,"2L",19629864,19629864,9564503,19629864,TRUE,10065361,10065361,FALSE,1549
"1550","A6-Wild5B_52","A6-Wild5B_36",0.0409193463204669,"2L",14887432,14887432,"2L",19629864,19629864,14887432,19629864,TRUE,4742432,4742432,FALSE,1550
"1551","A6-Wild5B_53","A6-Wild5B_36",0.0409193463204669,"2L",15931742,15931742,"2L",19629864,19629864,15931742,19629864,TRUE,3698122,3698122,FALSE,1551
"1552","A6-Wild5B_101","A6-Wild5B_95",0.0409193463204669,"3R",28754073,28754073,"3R",22164432,22164442,28754073,22164437,TRUE,6589636,6589631,FALSE,1552
"1553","A6-Wild5B_117","A6-Wild5B_95",0.0409193463204669,"3R",18699956,18699956,"3R",22164432,22164442,18699956,22164437,TRUE,3464481,3464476,FALSE,1553
"1554","A6-Wild5B_110","A6-Wild5B_97",0.0409193463204669,"3R",14096156,14096156,"3R",25086787,25086787,14096156,25086787,TRUE,10990631,10990631,FALSE,1554
"1555","A6-Wild5B_111","A6-Wild5B_101",0.0409193463204669,"3R",14873309,14873309,"3R",28754073,28754073,14873309,28754073,TRUE,13880764,13880764,FALSE,1555
"1556","A6-Wild5B_126","A6-Wild5B_110",0.0409193463204669,"3R",30183667,30183667,"3R",14096156,14096156,30183667,14096156,TRUE,16087511,16087511,FALSE,1556
"1557","A6-Wild5B_117","A6-Wild5B_111",0.0409193463204669,"3R",18699956,18699956,"3R",14873309,14873309,18699956,14873309,TRUE,3826647,3826647,FALSE,1557
"1558","A6-Wild5B_70","A6-Wild5B_69",0.0409193463204669,"X",17275315,17275315,"X",14960688,14960688,17275315,14960688,TRUE,2314627,2314627,FALSE,1558
"1559","A6-Wild5B_71","A6-Wild5B_69",0.0409193463204669,"X",4490761,4490761,"X",14960688,14960688,4490761,14960688,TRUE,10469927,10469927,FALSE,1559
"1560","A6-Wild5B_79","A6-Wild5B_69",0.0409193463204669,"X",11176209,11176209,"X",14960688,14960688,11176209,14960688,TRUE,3784479,3784479,FALSE,1560
"1561","A6-Wild5B_86","A6-Wild5B_59",0.0409325542396875,"X",19817401,19817401,"X",5113101,5113105,19817401,5113103,TRUE,14704298,14704296,FALSE,1561
"1562","A6-Wild5B_86","A6-Wild5B_78",0.0409325542396875,"X",19817401,19817401,"X",7978988,7978988,19817401,7978988,TRUE,11838413,11838413,FALSE,1562
"1563","A6-Wild5B_38","A6-Wild5B_24",0.0409402509147844,"2L",20715244,20715244,"2L",6587078,6587081,20715244,6587079.5,TRUE,14128164.5,14128163,FALSE,1563
"1564","A6-Wild5B_41","A6-Wild5B_24",0.0409402509147844,"2L",21783487,21783487,"2L",6587078,6587081,21783487,6587079.5,TRUE,15196407.5,15196406,FALSE,1564
"1565","A6-Wild5B_38","A6-Wild5B_32",0.0409402509147844,"2L",20715244,20715244,"2L",15142559,15142559,20715244,15142559,TRUE,5572685,5572685,FALSE,1565
"1566","A6-Wild5B_41","A6-Wild5B_32",0.0409402509147844,"2L",21783487,21783487,"2L",15142559,15142559,21783487,15142559,TRUE,6640928,6640928,FALSE,1566
"1567","A6-Wild5B_38","A6-Wild5B_37",0.0409402509147844,"2L",20715244,20715244,"2L",19890229,19890229,20715244,19890229,TRUE,825015,825015,FALSE,1567
"1568","A6-Wild5B_41","A6-Wild5B_37",0.0409402509147844,"2L",21783487,21783487,"2L",19890229,19890229,21783487,19890229,TRUE,1893258,1893258,FALSE,1568
"1569","A6-Wild5B_48","A6-Wild5B_38",0.0409402509147844,"2L",9564503,9564503,"2L",20715244,20715244,9564503,20715244,TRUE,11150741,11150741,FALSE,1569
"1570","A6-Wild5B_52","A6-Wild5B_38",0.0409402509147844,"2L",14887432,14887432,"2L",20715244,20715244,14887432,20715244,TRUE,5827812,5827812,FALSE,1570
"1571","A6-Wild5B_53","A6-Wild5B_38",0.0409402509147844,"2L",15931742,15931742,"2L",20715244,20715244,15931742,20715244,TRUE,4783502,4783502,FALSE,1571
"1572","A6-Wild5B_48","A6-Wild5B_41",0.0409402509147844,"2L",9564503,9564503,"2L",21783487,21783487,9564503,21783487,TRUE,12218984,12218984,FALSE,1572
"1573","A6-Wild5B_52","A6-Wild5B_41",0.0409402509147844,"2L",14887432,14887432,"2L",21783487,21783487,14887432,21783487,TRUE,6896055,6896055,FALSE,1573
"1574","A6-Wild5B_53","A6-Wild5B_41",0.0409402509147844,"2L",15931742,15931742,"2L",21783487,21783487,15931742,21783487,TRUE,5851745,5851745,FALSE,1574
"1575","A6-Wild5B_106","A6-Wild5B_89",0.0409402509147844,"3R",6228695,6228695,"3R",4759777,4761207,6228695,4760492,TRUE,1468203,1467488,FALSE,1575
"1576","A6-Wild5B_106","A6-Wild5B_101",0.0409402509147844,"3R",6228695,6228695,"3R",28754073,28754073,6228695,28754073,TRUE,22525378,22525378,FALSE,1576
"1577","A6-Wild5B_123","A6-Wild5B_102",0.0409402509147844,"3R",25937673,25937673,"3R",28957954,28957954,25937673,28957954,TRUE,3020281,3020281,FALSE,1577
"1578","A6-Wild5B_117","A6-Wild5B_106",0.0409402509147844,"3R",18699956,18699956,"3R",6228695,6228695,18699956,6228695,TRUE,12471261,12471261,FALSE,1578
"1579","A6-Wild5B_123","A6-Wild5B_107",0.0409402509147844,"3R",25937673,25937673,"3R",10918807,10918807,25937673,10918807,TRUE,15018866,15018866,FALSE,1579
"1580","A6-Wild5B_123","A6-Wild5B_112",0.0409402509147844,"3R",25937673,25937673,"3R",17216226,17216226,25937673,17216226,TRUE,8721447,8721447,FALSE,1580
"1581","A6-Wild5B_123","A6-Wild5B_119",0.0409402509147844,"3R",25937673,25937673,"3R",21338431,21338431,25937673,21338431,TRUE,4599242,4599242,FALSE,1581
"1582","A6-Wild5B_124","A6-Wild5B_123",0.0409402509147844,"3R",27485330,27485331,"3R",25937673,25937673,27485330.5,25937673,TRUE,1547657.5,1547657,FALSE,1582
"1583","A6-Wild5B_125","A6-Wild5B_123",0.0409402509147844,"3R",27856815,27858239,"3R",25937673,25937673,27857527,25937673,TRUE,1919854,1919142,FALSE,1583
"1584","A6-Wild5B_49","A6-Wild5B_22",0.0409487517290725,"2L",10442061,10442061,"2L",262632,262632,10442061,262632,TRUE,10179429,10179429,FALSE,1584
"1585","A6-Wild5B_36","A6-Wild5B_26",0.0409487517290725,"2L",19629864,19629864,"2L",10933389,10933389,19629864,10933389,TRUE,8696475,8696475,FALSE,1585
"1586","A6-Wild5B_36","A6-Wild5B_29",0.0409487517290725,"2L",19629864,19629864,"2L",12325056,12325056,19629864,12325056,TRUE,7304808,7304808,FALSE,1586
"1587","A6-Wild5B_44","A6-Wild5B_36",0.0409487517290725,"2L",6115657,6115657,"2L",19629864,19629864,6115657,19629864,TRUE,13514207,13514207,FALSE,1587
"1588","A6-Wild5B_10","A6-Wild5B_5",0.0409487517290725,"3L",5716940,5716940,"3L",13686794,13686795,5716940,13686794.5,TRUE,7969854.5,7969854,FALSE,1588
"1589","A6-Wild5B_110","A6-Wild5B_88",0.0409487517290725,"3R",14096156,14096156,"3R",2387287,2387287,14096156,2387287,TRUE,11708869,11708869,FALSE,1589
"1590","A6-Wild5B_110","A6-Wild5B_91",0.0409487517290725,"3R",14096156,14096156,"3R",10914458,10914458,14096156,10914458,TRUE,3181698,3181698,FALSE,1590
"1591","A6-Wild5B_110","A6-Wild5B_93",0.0409487517290725,"3R",14096156,14096156,"3R",20526431,20526431,14096156,20526431,TRUE,6430275,6430275,FALSE,1591
"1592","A6-Wild5B_110","A6-Wild5B_100",0.0409487517290725,"3R",14096156,14096156,"3R",28106715,28106715,14096156,28106715,TRUE,14010559,14010559,FALSE,1592
"1593","A6-Wild5B_116","A6-Wild5B_110",0.0409487517290725,"3R",17900927,17900927,"3R",14096156,14096156,17900927,14096156,TRUE,3804771,3804771,FALSE,1593
"1594","A6-Wild5B_121","A6-Wild5B_110",0.0409487517290725,"3R",23293133,23293133,"3R",14096156,14096156,23293133,14096156,TRUE,9196977,9196977,FALSE,1594
"1595","A6-Wild5B_122","A6-Wild5B_110",0.0409487517290725,"3R",25184558,25184558,"3R",14096156,14096156,25184558,14096156,TRUE,11088402,11088402,FALSE,1595
"1596","A6-Wild5B_56","A6-Wild5B_30",0.0409619781230088,"2L",18901797,18901797,"2L",13575158,13575158,18901797,13575158,TRUE,5326639,5326639,FALSE,1596
"1597","A6-Wild5B_17","A6-Wild5B_15",0.0409619781230088,"3L",17612244,17612244,"3L",13686395,13686395,17612244,13686395,TRUE,3925849,3925849,FALSE,1597
"1598","A6-Wild5B_66","A6-Wild5B_59",0.0409619781230088,"X",12634045,12634045,"X",5113101,5113105,12634045,5113103,TRUE,7520942,7520940,FALSE,1598
"1599","A6-Wild5B_86","A6-Wild5B_63",0.0409619781230088,"X",19817401,19817401,"X",9440961,9440963,19817401,9440962,TRUE,10376439,10376438,FALSE,1599
"1600","A6-Wild5B_38","A6-Wild5B_26",0.0409696861242005,"2L",20715244,20715244,"2L",10933389,10933389,20715244,10933389,TRUE,9781855,9781855,FALSE,1600
"1601","A6-Wild5B_41","A6-Wild5B_26",0.0409696861242005,"2L",21783487,21783487,"2L",10933389,10933389,21783487,10933389,TRUE,10850098,10850098,FALSE,1601
"1602","A6-Wild5B_38","A6-Wild5B_29",0.0409696861242005,"2L",20715244,20715244,"2L",12325056,12325056,20715244,12325056,TRUE,8390188,8390188,FALSE,1602
"1603","A6-Wild5B_41","A6-Wild5B_29",0.0409696861242005,"2L",21783487,21783487,"2L",12325056,12325056,21783487,12325056,TRUE,9458431,9458431,FALSE,1603
"1604","A6-Wild5B_44","A6-Wild5B_38",0.0409696861242005,"2L",6115657,6115657,"2L",20715244,20715244,6115657,20715244,TRUE,14599587,14599587,FALSE,1604
"1605","A6-Wild5B_44","A6-Wild5B_41",0.0409696861242005,"2L",6115657,6115657,"2L",21783487,21783487,6115657,21783487,TRUE,15667830,15667830,FALSE,1605
"1606","A6-Wild5B_135","A6-Wild5B_129",0.0409696861242005,"2R",25105373,25105373,"2R",7479086,7479086,25105373,7479086,TRUE,17626287,17626287,FALSE,1606
"1607","A6-Wild5B_140","A6-Wild5B_129",0.0409696861242005,"2R",8301454,8301454,"2R",7479086,7479086,8301454,7479086,TRUE,822368,822368,FALSE,1607
"1608","A6-Wild5B_15","A6-Wild5B_6",0.0409696861242005,"3L",13686395,13686395,"3L",19413146,19413146,13686395,19413146,TRUE,5726751,5726751,FALSE,1608
"1609","A6-Wild5B_123","A6-Wild5B_89",0.0409696861242005,"3R",25937673,25937673,"3R",4759777,4761207,25937673,4760492,TRUE,21177181,21176466,FALSE,1609
"1610","A6-Wild5B_123","A6-Wild5B_101",0.0409696861242005,"3R",25937673,25937673,"3R",28754073,28754073,25937673,28754073,TRUE,2816400,2816400,FALSE,1610
"1611","A6-Wild5B_105","A6-Wild5B_104",0.0409696861242005,"3R",4821131,4821131,"3R",29691953,29691953,4821131,29691953,TRUE,24870822,24870822,FALSE,1611
"1612","A6-Wild5B_123","A6-Wild5B_117",0.0409696861242005,"3R",25937673,25937673,"3R",18699956,18699956,25937673,18699956,TRUE,7237717,7237717,FALSE,1612
"1613","A6-Wild5B_36","A6-Wild5B_27",0.040978199443627,"2L",19629864,19629864,"2L",11155310,11155311,19629864,11155310.5,TRUE,8474553.5,8474553,FALSE,1613
"1614","A6-Wild5B_36","A6-Wild5B_33",0.040978199443627,"2L",19629864,19629864,"2L",17080016,17080016,19629864,17080016,TRUE,2549848,2549848,FALSE,1614
"1615","A6-Wild5B_15","A6-Wild5B_10",0.040978199443627,"3L",13686395,13686395,"3L",5716940,5716940,13686395,5716940,TRUE,7969455,7969455,FALSE,1615
"1616","A6-Wild5B_105","A6-Wild5B_95",0.040978199443627,"3R",4821131,4821131,"3R",22164432,22164442,4821131,22164437,TRUE,17343306,17343301,FALSE,1616
"1617","A6-Wild5B_111","A6-Wild5B_105",0.040978199443627,"3R",14873309,14873309,"3R",4821131,4821131,14873309,4821131,TRUE,10052178,10052178,FALSE,1617
"1618","A6-Wild5B_66","A6-Wild5B_63",0.0409914443510373,"X",12634045,12634045,"X",9440961,9440963,12634045,9440962,TRUE,3193083,3193082,FALSE,1618
"1619","A6-Wild5B_38","A6-Wild5B_27",0.0409991637033436,"2L",20715244,20715244,"2L",11155310,11155311,20715244,11155310.5,TRUE,9559933.5,9559933,FALSE,1619
"1620","A6-Wild5B_41","A6-Wild5B_27",0.0409991637033436,"2L",21783487,21783487,"2L",11155310,11155311,21783487,11155310.5,TRUE,10628176.5,10628176,FALSE,1620
"1621","A6-Wild5B_38","A6-Wild5B_33",0.0409991637033436,"2L",20715244,20715244,"2L",17080016,17080016,20715244,17080016,TRUE,3635228,3635228,FALSE,1621
"1622","A6-Wild5B_41","A6-Wild5B_33",0.0409991637033436,"2L",21783487,21783487,"2L",17080016,17080016,21783487,17080016,TRUE,4703471,4703471,FALSE,1622
"1623","A6-Wild5B_105","A6-Wild5B_97",0.0409991637033436,"3R",4821131,4821131,"3R",25086787,25086787,4821131,25086787,TRUE,20265656,20265656,FALSE,1623
"1624","A6-Wild5B_126","A6-Wild5B_105",0.0409991637033436,"3R",30183667,30183667,"3R",4821131,4821131,30183667,4821131,TRUE,25362536,25362536,FALSE,1624
"1625","A6-Wild5B_85","A6-Wild5B_78",0.0409991637033436,"X",19790921,19790921,"X",7978988,7978988,19790921,7978988,TRUE,11811933,11811933,FALSE,1625
"1626","A6-Wild5B_85","A6-Wild5B_69",0.0410076895555237,"X",19790921,19790921,"X",14960688,14960688,19790921,14960688,TRUE,4830233,4830233,FALSE,1626
"1627","A6-Wild5B_49","A6-Wild5B_23",0.0410170207812502,"2L",10442061,10442061,"2L",2003771,2003771,10442061,2003771,TRUE,8438290,8438290,FALSE,1627
"1628","A6-Wild5B_49","A6-Wild5B_40",0.0410170207812502,"2L",10442061,10442061,"2L",21078116,21078116,10442061,21078116,TRUE,10636055,10636055,FALSE,1628
"1629","A6-Wild5B_55","A6-Wild5B_49",0.0410170207812502,"2L",18286654,18286654,"2L",10442061,10442061,18286654,10442061,TRUE,7844593,7844593,FALSE,1629
"1630","A6-Wild5B_95","A6-Wild5B_90",0.0410170207812502,"3R",22164432,22164442,"3R",10496725,10496725,22164437,10496725,TRUE,11667712,11667707,FALSE,1630
"1631","A6-Wild5B_111","A6-Wild5B_90",0.0410170207812502,"3R",14873309,14873309,"3R",10496725,10496725,14873309,10496725,TRUE,4376584,4376584,FALSE,1631
"1632","A6-Wild5B_118","A6-Wild5B_95",0.0410170207812502,"3R",20778651,20778651,"3R",22164432,22164442,20778651,22164437,TRUE,1385786,1385781,FALSE,1632
"1633","A6-Wild5B_118","A6-Wild5B_111",0.0410170207812502,"3R",20778651,20778651,"3R",14873309,14873309,20778651,14873309,TRUE,5905342,5905342,FALSE,1633
"1634","A6-Wild5B_143","A6-Wild5B_138",0.041028683743789,"2R",14518122,14518122,"2R",7735187,7735187,14518122,7735187,TRUE,6782935,6782935,FALSE,1634
"1635","A6-Wild5B_144","A6-Wild5B_138",0.041028683743789,"2R",15722342,15722427,"2R",7735187,7735187,15722384.5,7735187,TRUE,7987197.5,7987155,FALSE,1635
"1636","A6-Wild5B_105","A6-Wild5B_88",0.041028683743789,"3R",4821131,4821131,"3R",2387287,2387287,4821131,2387287,TRUE,2433844,2433844,FALSE,1636
"1637","A6-Wild5B_105","A6-Wild5B_91",0.041028683743789,"3R",4821131,4821131,"3R",10914458,10914458,4821131,10914458,TRUE,6093327,6093327,FALSE,1637
"1638","A6-Wild5B_105","A6-Wild5B_93",0.041028683743789,"3R",4821131,4821131,"3R",20526431,20526431,4821131,20526431,TRUE,15705300,15705300,FALSE,1638
"1639","A6-Wild5B_105","A6-Wild5B_100",0.041028683743789,"3R",4821131,4821131,"3R",28106715,28106715,4821131,28106715,TRUE,23285584,23285584,FALSE,1639
"1640","A6-Wild5B_116","A6-Wild5B_105",0.041028683743789,"3R",17900927,17900927,"3R",4821131,4821131,17900927,4821131,TRUE,13079796,13079796,FALSE,1640
"1641","A6-Wild5B_121","A6-Wild5B_105",0.041028683743789,"3R",23293133,23293133,"3R",4821131,4821131,23293133,4821131,TRUE,18472002,18472002,FALSE,1641
"1642","A6-Wild5B_122","A6-Wild5B_105",0.041028683743789,"3R",25184558,25184558,"3R",4821131,4821131,25184558,4821131,TRUE,20363427,20363427,FALSE,1642
"1643","A6-Wild5B_85","A6-Wild5B_62",0.041028683743789,"X",19790921,19790921,"X",8035110,8035112,19790921,8035111,TRUE,11755810,11755809,FALSE,1643
"1644","A6-Wild5B_85","A6-Wild5B_67",0.041028683743789,"X",19790921,19790921,"X",13431448,13431448,19790921,13431448,TRUE,6359473,6359473,FALSE,1644
"1645","A6-Wild5B_85","A6-Wild5B_76",0.041028683743789,"X",19790921,19790921,"X",6944927,6944927,19790921,6944927,TRUE,12845994,12845994,FALSE,1645
"1646","A6-Wild5B_85","A6-Wild5B_83",0.041028683743789,"X",19790921,19790921,"X",14990159,14990159,19790921,14990159,TRUE,4800762,4800762,FALSE,1646
"1647","A6-Wild5B_49","A6-Wild5B_46",0.0410465671243976,"2L",10442061,10442061,"2L",7934109,7934109,10442061,7934109,TRUE,2507952,2507952,FALSE,1647
"1648","A6-Wild5B_145","A6-Wild5B_138",0.041058246337376,"2R",19518677,19518677,"2R",7735187,7735187,19518677,7735187,TRUE,11783490,11783490,FALSE,1648
"1649","A6-Wild5B_74","A6-Wild5B_66",0.0410667973382343,"X",6466846,6466846,"X",12634045,12634045,6466846,12634045,TRUE,6167199,6167199,FALSE,1649
"1650","A6-Wild5B_143","A6-Wild5B_139",0.0411651795340989,"2R",14518122,14518122,"2R",8174647,8174647,14518122,8174647,TRUE,6343475,6343475,FALSE,1650
"1651","A6-Wild5B_144","A6-Wild5B_139",0.0411651795340989,"2R",15722342,15722427,"2R",8174647,8174647,15722384.5,8174647,TRUE,7547737.5,7547695,FALSE,1651
"1652","A6-Wild5B_145","A6-Wild5B_139",0.0411651795340989,"2R",19518677,19518677,"2R",8174647,8174647,19518677,8174647,TRUE,11344030,11344030,FALSE,1652
"1653","A6-Wild5B_80","A6-Wild5B_62",0.0411651795340989,"X",11420634,11420634,"X",8035110,8035112,11420634,8035111,TRUE,3385523,3385522,FALSE,1653
"1654","A6-Wild5B_80","A6-Wild5B_67",0.0411651795340989,"X",11420634,11420634,"X",13431448,13431448,11420634,13431448,TRUE,2010814,2010814,FALSE,1654
"1655","A6-Wild5B_80","A6-Wild5B_76",0.0411651795340989,"X",11420634,11420634,"X",6944927,6944927,11420634,6944927,TRUE,4475707,4475707,FALSE,1655
"1656","A6-Wild5B_80","A6-Wild5B_78",0.0411651795340989,"X",11420634,11420634,"X",7978988,7978988,11420634,7978988,TRUE,3441646,3441646,FALSE,1656
"1657","A6-Wild5B_83","A6-Wild5B_80",0.0411651795340989,"X",14990159,14990159,"X",11420634,11420634,14990159,11420634,TRUE,3569525,3569525,FALSE,1657
"1658","A6-Wild5B_139","A6-Wild5B_130",0.04117692408923,"2R",8174647,8174647,"2R",13543833,13543833,8174647,13543833,TRUE,5369186,5369186,FALSE,1658
"1659","A6-Wild5B_7","A6-Wild5B_5",0.0415053060313754,"3L",3081513,3081513,"3L",13686794,13686795,3081513,13686794.5,TRUE,10605281.5,10605281,FALSE,1659
"1660","A6-Wild5B_18","A6-Wild5B_5",0.0415355608407857,"3L",18063281,18063281,"3L",13686794,13686795,18063281,13686794.5,TRUE,4376486.5,4376486,FALSE,1660
"1661","A6-Wild5B_15","A6-Wild5B_7",0.0415658598050483,"3L",13686395,13686395,"3L",3081513,3081513,13686395,3081513,TRUE,10604882,10604882,FALSE,1661
"1662","A6-Wild5B_18","A6-Wild5B_15",0.0415658598050483,"3L",18063281,18063281,"3L",13686395,13686395,18063281,13686395,TRUE,4376886,4376886,FALSE,1662
"1663","A6-Wild5B_49","A6-Wild5B_35",0.0415940384917837,"2L",10442061,10442061,"2L",18025740,18025740,10442061,18025740,TRUE,7583679,7583679,FALSE,1663
"1664","A6-Wild5B_113","A6-Wild5B_95",0.0415940384917837,"3R",17243575,17243575,"3R",22164432,22164442,17243575,22164437,TRUE,4920862,4920857,FALSE,1664
"1665","A6-Wild5B_113","A6-Wild5B_111",0.0415940384917837,"3R",17243575,17243575,"3R",14873309,14873309,17243575,14873309,TRUE,2370266,2370266,FALSE,1665
"1666","A6-Wild5B_143","A6-Wild5B_133",0.0416082519379744,"2R",14518122,14518122,"2R",19073594,19073594,14518122,19073594,TRUE,4555472,4555472,FALSE,1666
"1667","A6-Wild5B_107","A6-Wild5B_104",0.0416082519379744,"3R",10918807,10918807,"3R",29691953,29691953,10918807,29691953,TRUE,18773146,18773146,FALSE,1667
"1668","A6-Wild5B_112","A6-Wild5B_104",0.0416082519379744,"3R",17216226,17216226,"3R",29691953,29691953,17216226,29691953,TRUE,12475727,12475727,FALSE,1668
"1669","A6-Wild5B_119","A6-Wild5B_104",0.0416082519379744,"3R",21338431,21338431,"3R",29691953,29691953,21338431,29691953,TRUE,8353522,8353522,FALSE,1669
"1670","A6-Wild5B_124","A6-Wild5B_104",0.0416082519379744,"3R",27485330,27485331,"3R",29691953,29691953,27485330.5,29691953,TRUE,2206622.5,2206622,FALSE,1670
"1671","A6-Wild5B_49","A6-Wild5B_43",0.0416238978739367,"2L",10442061,10442061,"2L",3773642,3773642,10442061,3773642,TRUE,6668419,6668419,FALSE,1671
"1672","A6-Wild5B_69","A6-Wild5B_64",0.0416238978739367,"X",14960688,14960688,"X",10644563,10644563,14960688,10644563,TRUE,4316125,4316125,FALSE,1672
"1673","A6-Wild5B_31","A6-Wild5B_24",0.0416381312239541,"2L",15077860,15077860,"2L",6587078,6587081,15077860,6587079.5,TRUE,8490780.5,8490779,FALSE,1673
"1674","A6-Wild5B_34","A6-Wild5B_24",0.0416381312239541,"2L",17945784,17945784,"2L",6587078,6587081,17945784,6587079.5,TRUE,11358704.5,11358703,FALSE,1674
"1675","A6-Wild5B_50","A6-Wild5B_24",0.0416381312239541,"2L",12245969,12245969,"2L",6587078,6587081,12245969,6587079.5,TRUE,5658889.5,5658888,FALSE,1675
"1676","A6-Wild5B_51","A6-Wild5B_24",0.0416381312239541,"2L",14671836,14671836,"2L",6587078,6587081,14671836,6587079.5,TRUE,8084756.5,8084755,FALSE,1676
"1677","A6-Wild5B_54","A6-Wild5B_24",0.0416381312239541,"2L",17088368,17088368,"2L",6587078,6587081,17088368,6587079.5,TRUE,10501288.5,10501287,FALSE,1677
"1678","A6-Wild5B_31","A6-Wild5B_30",0.0416381312239541,"2L",15077860,15077860,"2L",13575158,13575158,15077860,13575158,TRUE,1502702,1502702,FALSE,1678
"1679","A6-Wild5B_34","A6-Wild5B_30",0.0416381312239541,"2L",17945784,17945784,"2L",13575158,13575158,17945784,13575158,TRUE,4370626,4370626,FALSE,1679
"1680","A6-Wild5B_50","A6-Wild5B_30",0.0416381312239541,"2L",12245969,12245969,"2L",13575158,13575158,12245969,13575158,TRUE,1329189,1329189,FALSE,1680
"1681","A6-Wild5B_51","A6-Wild5B_30",0.0416381312239541,"2L",14671836,14671836,"2L",13575158,13575158,14671836,13575158,TRUE,1096678,1096678,FALSE,1681
"1682","A6-Wild5B_54","A6-Wild5B_30",0.0416381312239541,"2L",17088368,17088368,"2L",13575158,13575158,17088368,13575158,TRUE,3513210,3513210,FALSE,1682
"1683","A6-Wild5B_32","A6-Wild5B_31",0.0416381312239541,"2L",15142559,15142559,"2L",15077860,15077860,15142559,15077860,TRUE,64699,64699,FALSE,1683
"1684","A6-Wild5B_37","A6-Wild5B_31",0.0416381312239541,"2L",19890229,19890229,"2L",15077860,15077860,19890229,15077860,TRUE,4812369,4812369,FALSE,1684
"1685","A6-Wild5B_48","A6-Wild5B_31",0.0416381312239541,"2L",9564503,9564503,"2L",15077860,15077860,9564503,15077860,TRUE,5513357,5513357,FALSE,1685
"1686","A6-Wild5B_52","A6-Wild5B_31",0.0416381312239541,"2L",14887432,14887432,"2L",15077860,15077860,14887432,15077860,TRUE,190428,190428,FALSE,1686
"1687","A6-Wild5B_53","A6-Wild5B_31",0.0416381312239541,"2L",15931742,15931742,"2L",15077860,15077860,15931742,15077860,TRUE,853882,853882,FALSE,1687
"1688","A6-Wild5B_34","A6-Wild5B_32",0.0416381312239541,"2L",17945784,17945784,"2L",15142559,15142559,17945784,15142559,TRUE,2803225,2803225,FALSE,1688
"1689","A6-Wild5B_50","A6-Wild5B_32",0.0416381312239541,"2L",12245969,12245969,"2L",15142559,15142559,12245969,15142559,TRUE,2896590,2896590,FALSE,1689
"1690","A6-Wild5B_51","A6-Wild5B_32",0.0416381312239541,"2L",14671836,14671836,"2L",15142559,15142559,14671836,15142559,TRUE,470723,470723,FALSE,1690
"1691","A6-Wild5B_54","A6-Wild5B_32",0.0416381312239541,"2L",17088368,17088368,"2L",15142559,15142559,17088368,15142559,TRUE,1945809,1945809,FALSE,1691
"1692","A6-Wild5B_37","A6-Wild5B_34",0.0416381312239541,"2L",19890229,19890229,"2L",17945784,17945784,19890229,17945784,TRUE,1944445,1944445,FALSE,1692
"1693","A6-Wild5B_48","A6-Wild5B_34",0.0416381312239541,"2L",9564503,9564503,"2L",17945784,17945784,9564503,17945784,TRUE,8381281,8381281,FALSE,1693
"1694","A6-Wild5B_52","A6-Wild5B_34",0.0416381312239541,"2L",14887432,14887432,"2L",17945784,17945784,14887432,17945784,TRUE,3058352,3058352,FALSE,1694
"1695","A6-Wild5B_53","A6-Wild5B_34",0.0416381312239541,"2L",15931742,15931742,"2L",17945784,17945784,15931742,17945784,TRUE,2014042,2014042,FALSE,1695
"1696","A6-Wild5B_50","A6-Wild5B_37",0.0416381312239541,"2L",12245969,12245969,"2L",19890229,19890229,12245969,19890229,TRUE,7644260,7644260,FALSE,1696
"1697","A6-Wild5B_51","A6-Wild5B_37",0.0416381312239541,"2L",14671836,14671836,"2L",19890229,19890229,14671836,19890229,TRUE,5218393,5218393,FALSE,1697
"1698","A6-Wild5B_54","A6-Wild5B_37",0.0416381312239541,"2L",17088368,17088368,"2L",19890229,19890229,17088368,19890229,TRUE,2801861,2801861,FALSE,1698
"1699","A6-Wild5B_50","A6-Wild5B_48",0.0416381312239541,"2L",12245969,12245969,"2L",9564503,9564503,12245969,9564503,TRUE,2681466,2681466,FALSE,1699
"1700","A6-Wild5B_51","A6-Wild5B_48",0.0416381312239541,"2L",14671836,14671836,"2L",9564503,9564503,14671836,9564503,TRUE,5107333,5107333,FALSE,1700
"1701","A6-Wild5B_54","A6-Wild5B_48",0.0416381312239541,"2L",17088368,17088368,"2L",9564503,9564503,17088368,9564503,TRUE,7523865,7523865,FALSE,1701
"1702","A6-Wild5B_52","A6-Wild5B_50",0.0416381312239541,"2L",14887432,14887432,"2L",12245969,12245969,14887432,12245969,TRUE,2641463,2641463,FALSE,1702
"1703","A6-Wild5B_53","A6-Wild5B_50",0.0416381312239541,"2L",15931742,15931742,"2L",12245969,12245969,15931742,12245969,TRUE,3685773,3685773,FALSE,1703
"1704","A6-Wild5B_52","A6-Wild5B_51",0.0416381312239541,"2L",14887432,14887432,"2L",14671836,14671836,14887432,14671836,TRUE,215596,215596,FALSE,1704
"1705","A6-Wild5B_53","A6-Wild5B_51",0.0416381312239541,"2L",15931742,15931742,"2L",14671836,14671836,15931742,14671836,TRUE,1259906,1259906,FALSE,1705
"1706","A6-Wild5B_54","A6-Wild5B_52",0.0416381312239541,"2L",17088368,17088368,"2L",14887432,14887432,17088368,14887432,TRUE,2200936,2200936,FALSE,1706
"1707","A6-Wild5B_54","A6-Wild5B_53",0.0416381312239541,"2L",17088368,17088368,"2L",15931742,15931742,17088368,15931742,TRUE,1156626,1156626,FALSE,1707
"1708","A6-Wild5B_143","A6-Wild5B_132",0.0416381312239541,"2R",14518122,14518122,"2R",19053462,19053462,14518122,19053462,TRUE,4535340,4535340,FALSE,1708
"1709","A6-Wild5B_104","A6-Wild5B_101",0.0416381312239541,"3R",29691953,29691953,"3R",28754073,28754073,29691953,28754073,TRUE,937880,937880,FALSE,1709
"1710","A6-Wild5B_104","A6-Wild5B_102",0.0416381312239541,"3R",29691953,29691953,"3R",28957954,28957954,29691953,28957954,TRUE,733999,733999,FALSE,1710
"1711","A6-Wild5B_126","A6-Wild5B_102",0.0416381312239541,"3R",30183667,30183667,"3R",28957954,28957954,30183667,28957954,TRUE,1225713,1225713,FALSE,1711
"1712","A6-Wild5B_117","A6-Wild5B_104",0.0416381312239541,"3R",18699956,18699956,"3R",29691953,29691953,18699956,29691953,TRUE,10991997,10991997,FALSE,1712
"1713","A6-Wild5B_125","A6-Wild5B_104",0.0416381312239541,"3R",27856815,27858239,"3R",29691953,29691953,27857527,29691953,TRUE,1834426,1833714,FALSE,1713
"1714","A6-Wild5B_126","A6-Wild5B_107",0.0416381312239541,"3R",30183667,30183667,"3R",10918807,10918807,30183667,10918807,TRUE,19264860,19264860,FALSE,1714
"1715","A6-Wild5B_126","A6-Wild5B_112",0.0416381312239541,"3R",30183667,30183667,"3R",17216226,17216226,30183667,17216226,TRUE,12967441,12967441,FALSE,1715
"1716","A6-Wild5B_126","A6-Wild5B_119",0.0416381312239541,"3R",30183667,30183667,"3R",21338431,21338431,30183667,21338431,TRUE,8845236,8845236,FALSE,1716
"1717","A6-Wild5B_126","A6-Wild5B_124",0.0416381312239541,"3R",30183667,30183667,"3R",27485330,27485331,30183667,27485330.5,TRUE,2698336.5,2698336,FALSE,1717
"1718","A6-Wild5B_126","A6-Wild5B_125",0.0416381312239541,"3R",30183667,30183667,"3R",27856815,27858239,30183667,27857527,TRUE,2326140,2325428,FALSE,1718
"1719","A6-Wild5B_70","A6-Wild5B_59",0.0416381312239541,"X",17275315,17275315,"X",5113101,5113105,17275315,5113103,TRUE,12162212,12162210,FALSE,1719
"1720","A6-Wild5B_71","A6-Wild5B_59",0.0416381312239541,"X",4490761,4490761,"X",5113101,5113105,4490761,5113103,TRUE,622342,622340,FALSE,1720
"1721","A6-Wild5B_75","A6-Wild5B_59",0.0416381312239541,"X",6802665,6802665,"X",5113101,5113105,6802665,5113103,TRUE,1689562,1689560,FALSE,1721
"1722","A6-Wild5B_79","A6-Wild5B_59",0.0416381312239541,"X",11176209,11176209,"X",5113101,5113105,11176209,5113103,TRUE,6063106,6063104,FALSE,1722
"1723","A6-Wild5B_78","A6-Wild5B_70",0.0416381312239541,"X",7978988,7978988,"X",17275315,17275315,7978988,17275315,TRUE,9296327,9296327,FALSE,1723
"1724","A6-Wild5B_78","A6-Wild5B_71",0.0416381312239541,"X",7978988,7978988,"X",4490761,4490761,7978988,4490761,TRUE,3488227,3488227,FALSE,1724
"1725","A6-Wild5B_78","A6-Wild5B_75",0.0416381312239541,"X",7978988,7978988,"X",6802665,6802665,7978988,6802665,TRUE,1176323,1176323,FALSE,1725
"1726","A6-Wild5B_79","A6-Wild5B_78",0.0416381312239541,"X",11176209,11176209,"X",7978988,7978988,11176209,7978988,TRUE,3197221,3197221,FALSE,1726
"1727","A6-Wild5B_82","A6-Wild5B_69",0.0416538001709955,"X",12348619,12348619,"X",14960688,14960688,12348619,14960688,TRUE,2612069,2612069,FALSE,1727
"1728","A6-Wild5B_17","A6-Wild5B_13",0.0416614177297186,"3L",17612244,17612244,"3L",10006312,10006312,17612244,10006312,TRUE,7605932,7605932,FALSE,1728
"1729","A6-Wild5B_115","A6-Wild5B_106",0.041662840881256,"3R",17494003,17494003,"3R",6228695,6228695,17494003,6228695,TRUE,11265308,11265308,FALSE,1729
"1730","A6-Wild5B_31","A6-Wild5B_26",0.041668053466649,"2L",15077860,15077860,"2L",10933389,10933389,15077860,10933389,TRUE,4144471,4144471,FALSE,1730
"1731","A6-Wild5B_34","A6-Wild5B_26",0.041668053466649,"2L",17945784,17945784,"2L",10933389,10933389,17945784,10933389,TRUE,7012395,7012395,FALSE,1731
"1732","A6-Wild5B_50","A6-Wild5B_26",0.041668053466649,"2L",12245969,12245969,"2L",10933389,10933389,12245969,10933389,TRUE,1312580,1312580,FALSE,1732
"1733","A6-Wild5B_51","A6-Wild5B_26",0.041668053466649,"2L",14671836,14671836,"2L",10933389,10933389,14671836,10933389,TRUE,3738447,3738447,FALSE,1733
"1734","A6-Wild5B_54","A6-Wild5B_26",0.041668053466649,"2L",17088368,17088368,"2L",10933389,10933389,17088368,10933389,TRUE,6154979,6154979,FALSE,1734
"1735","A6-Wild5B_31","A6-Wild5B_29",0.041668053466649,"2L",15077860,15077860,"2L",12325056,12325056,15077860,12325056,TRUE,2752804,2752804,FALSE,1735
"1736","A6-Wild5B_34","A6-Wild5B_29",0.041668053466649,"2L",17945784,17945784,"2L",12325056,12325056,17945784,12325056,TRUE,5620728,5620728,FALSE,1736
"1737","A6-Wild5B_50","A6-Wild5B_29",0.041668053466649,"2L",12245969,12245969,"2L",12325056,12325056,12245969,12325056,TRUE,79087,79087,FALSE,1737
"1738","A6-Wild5B_51","A6-Wild5B_29",0.041668053466649,"2L",14671836,14671836,"2L",12325056,12325056,14671836,12325056,TRUE,2346780,2346780,FALSE,1738
"1739","A6-Wild5B_54","A6-Wild5B_29",0.041668053466649,"2L",17088368,17088368,"2L",12325056,12325056,17088368,12325056,TRUE,4763312,4763312,FALSE,1739
"1740","A6-Wild5B_13","A6-Wild5B_6",0.041668053466649,"3L",10006312,10006312,"3L",19413146,19413146,10006312,19413146,TRUE,9406834,9406834,FALSE,1740
"1741","A6-Wild5B_102","A6-Wild5B_88",0.041668053466649,"3R",28957954,28957954,"3R",2387287,2387287,28957954,2387287,TRUE,26570667,26570667,FALSE,1741
"1742","A6-Wild5B_107","A6-Wild5B_88",0.041668053466649,"3R",10918807,10918807,"3R",2387287,2387287,10918807,2387287,TRUE,8531520,8531520,FALSE,1742
"1743","A6-Wild5B_112","A6-Wild5B_88",0.041668053466649,"3R",17216226,17216226,"3R",2387287,2387287,17216226,2387287,TRUE,14828939,14828939,FALSE,1743
"1744","A6-Wild5B_119","A6-Wild5B_88",0.041668053466649,"3R",21338431,21338431,"3R",2387287,2387287,21338431,2387287,TRUE,18951144,18951144,FALSE,1744
"1745","A6-Wild5B_124","A6-Wild5B_88",0.041668053466649,"3R",27485330,27485331,"3R",2387287,2387287,27485330.5,2387287,TRUE,25098043.5,25098043,FALSE,1745
"1746","A6-Wild5B_125","A6-Wild5B_88",0.041668053466649,"3R",27856815,27858239,"3R",2387287,2387287,27857527,2387287,TRUE,25470240,25469528,FALSE,1746
"1747","A6-Wild5B_104","A6-Wild5B_89",0.041668053466649,"3R",29691953,29691953,"3R",4759777,4761207,29691953,4760492,TRUE,24931461,24930746,FALSE,1747
"1748","A6-Wild5B_126","A6-Wild5B_89",0.041668053466649,"3R",30183667,30183667,"3R",4759777,4761207,30183667,4760492,TRUE,25423175,25422460,FALSE,1748
"1749","A6-Wild5B_102","A6-Wild5B_93",0.041668053466649,"3R",28957954,28957954,"3R",20526431,20526431,28957954,20526431,TRUE,8431523,8431523,FALSE,1749
"1750","A6-Wild5B_107","A6-Wild5B_93",0.041668053466649,"3R",10918807,10918807,"3R",20526431,20526431,10918807,20526431,TRUE,9607624,9607624,FALSE,1750
"1751","A6-Wild5B_112","A6-Wild5B_93",0.041668053466649,"3R",17216226,17216226,"3R",20526431,20526431,17216226,20526431,TRUE,3310205,3310205,FALSE,1751
"1752","A6-Wild5B_119","A6-Wild5B_93",0.041668053466649,"3R",21338431,21338431,"3R",20526431,20526431,21338431,20526431,TRUE,812000,812000,FALSE,1752
"1753","A6-Wild5B_124","A6-Wild5B_93",0.041668053466649,"3R",27485330,27485331,"3R",20526431,20526431,27485330.5,20526431,TRUE,6958899.5,6958899,FALSE,1753
"1754","A6-Wild5B_125","A6-Wild5B_93",0.041668053466649,"3R",27856815,27858239,"3R",20526431,20526431,27857527,20526431,TRUE,7331096,7330384,FALSE,1754
"1755","A6-Wild5B_126","A6-Wild5B_101",0.041668053466649,"3R",30183667,30183667,"3R",28754073,28754073,30183667,28754073,TRUE,1429594,1429594,FALSE,1755
"1756","A6-Wild5B_116","A6-Wild5B_102",0.041668053466649,"3R",17900927,17900927,"3R",28957954,28957954,17900927,28957954,TRUE,11057027,11057027,FALSE,1756
"1757","A6-Wild5B_116","A6-Wild5B_107",0.041668053466649,"3R",17900927,17900927,"3R",10918807,10918807,17900927,10918807,TRUE,6982120,6982120,FALSE,1757
"1758","A6-Wild5B_116","A6-Wild5B_112",0.041668053466649,"3R",17900927,17900927,"3R",17216226,17216226,17900927,17216226,TRUE,684701,684701,FALSE,1758
"1759","A6-Wild5B_119","A6-Wild5B_116",0.041668053466649,"3R",21338431,21338431,"3R",17900927,17900927,21338431,17900927,TRUE,3437504,3437504,FALSE,1759
"1760","A6-Wild5B_124","A6-Wild5B_116",0.041668053466649,"3R",27485330,27485331,"3R",17900927,17900927,27485330.5,17900927,TRUE,9584403.5,9584403,FALSE,1760
"1761","A6-Wild5B_125","A6-Wild5B_116",0.041668053466649,"3R",27856815,27858239,"3R",17900927,17900927,27857527,17900927,TRUE,9956600,9955888,FALSE,1761
"1762","A6-Wild5B_126","A6-Wild5B_117",0.041668053466649,"3R",30183667,30183667,"3R",18699956,18699956,30183667,18699956,TRUE,11483711,11483711,FALSE,1762
"1763","A6-Wild5B_70","A6-Wild5B_63",0.041668053466649,"X",17275315,17275315,"X",9440961,9440963,17275315,9440962,TRUE,7834353,7834352,FALSE,1763
"1764","A6-Wild5B_71","A6-Wild5B_63",0.041668053466649,"X",4490761,4490761,"X",9440961,9440963,4490761,9440962,TRUE,4950201,4950200,FALSE,1764
"1765","A6-Wild5B_75","A6-Wild5B_63",0.041668053466649,"X",6802665,6802665,"X",9440961,9440963,6802665,9440962,TRUE,2638297,2638296,FALSE,1765
"1766","A6-Wild5B_79","A6-Wild5B_63",0.041668053466649,"X",11176209,11176209,"X",9440961,9440963,11176209,9440962,TRUE,1735247,1735246,FALSE,1766
"1767","A6-Wild5B_13","A6-Wild5B_10",0.0416754964268998,"3L",10006312,10006312,"3L",5716940,5716940,10006312,5716940,TRUE,4289372,4289372,FALSE,1767
"1768","A6-Wild5B_17","A6-Wild5B_1",0.0416913732428894,"3L",17612244,17612244,"3L",5280021,5280021,17612244,5280021,TRUE,12332223,12332223,FALSE,1768
"1769","A6-Wild5B_17","A6-Wild5B_12",0.0416913732428894,"3L",17612244,17612244,"3L",9169049,9169049,17612244,9169049,TRUE,8443195,8443195,FALSE,1769
"1770","A6-Wild5B_114","A6-Wild5B_106",0.0416927994854235,"3R",17271847,17271847,"3R",6228695,6228695,17271847,6228695,TRUE,11043152,11043152,FALSE,1770
"1771","A6-Wild5B_123","A6-Wild5B_115",0.0416927994854235,"3R",25937673,25937673,"3R",17494003,17494003,25937673,17494003,TRUE,8443670,8443670,FALSE,1771
"1772","A6-Wild5B_24","A6-Wild5B_22",0.0416980187587898,"2L",6587078,6587081,"2L",262632,262632,6587079.5,262632,TRUE,6324447.5,6324446,FALSE,1772
"1773","A6-Wild5B_30","A6-Wild5B_22",0.0416980187587898,"2L",13575158,13575158,"2L",262632,262632,13575158,262632,TRUE,13312526,13312526,FALSE,1773
"1774","A6-Wild5B_32","A6-Wild5B_22",0.0416980187587898,"2L",15142559,15142559,"2L",262632,262632,15142559,262632,TRUE,14879927,14879927,FALSE,1774
"1775","A6-Wild5B_37","A6-Wild5B_22",0.0416980187587898,"2L",19890229,19890229,"2L",262632,262632,19890229,262632,TRUE,19627597,19627597,FALSE,1775
"1776","A6-Wild5B_48","A6-Wild5B_22",0.0416980187587898,"2L",9564503,9564503,"2L",262632,262632,9564503,262632,TRUE,9301871,9301871,FALSE,1776
"1777","A6-Wild5B_52","A6-Wild5B_22",0.0416980187587898,"2L",14887432,14887432,"2L",262632,262632,14887432,262632,TRUE,14624800,14624800,FALSE,1777
"1778","A6-Wild5B_53","A6-Wild5B_22",0.0416980187587898,"2L",15931742,15931742,"2L",262632,262632,15931742,262632,TRUE,15669110,15669110,FALSE,1778
"1779","A6-Wild5B_31","A6-Wild5B_27",0.0416980187587898,"2L",15077860,15077860,"2L",11155310,11155311,15077860,11155310.5,TRUE,3922549.5,3922549,FALSE,1779
"1780","A6-Wild5B_34","A6-Wild5B_27",0.0416980187587898,"2L",17945784,17945784,"2L",11155310,11155311,17945784,11155310.5,TRUE,6790473.5,6790473,FALSE,1780
"1781","A6-Wild5B_50","A6-Wild5B_27",0.0416980187587898,"2L",12245969,12245969,"2L",11155310,11155311,12245969,11155310.5,TRUE,1090658.5,1090658,FALSE,1781
"1782","A6-Wild5B_51","A6-Wild5B_27",0.0416980187587898,"2L",14671836,14671836,"2L",11155310,11155311,14671836,11155310.5,TRUE,3516525.5,3516525,FALSE,1782
"1783","A6-Wild5B_54","A6-Wild5B_27",0.0416980187587898,"2L",17088368,17088368,"2L",11155310,11155311,17088368,11155310.5,TRUE,5933057.5,5933057,FALSE,1783
"1784","A6-Wild5B_143","A6-Wild5B_129",0.0416980187587898,"2R",14518122,14518122,"2R",7479086,7479086,14518122,7479086,TRUE,7039036,7039036,FALSE,1784
"1785","A6-Wild5B_12","A6-Wild5B_6",0.0416980187587898,"3L",9169049,9169049,"3L",19413146,19413146,9169049,19413146,TRUE,10244097,10244097,FALSE,1785
"1786","A6-Wild5B_89","A6-Wild5B_88",0.0416980187587898,"3R",4759777,4761207,"3R",2387287,2387287,4760492,2387287,TRUE,2373205,2372490,FALSE,1786
"1787","A6-Wild5B_101","A6-Wild5B_88",0.0416980187587898,"3R",28754073,28754073,"3R",2387287,2387287,28754073,2387287,TRUE,26366786,26366786,FALSE,1787
"1788","A6-Wild5B_117","A6-Wild5B_88",0.0416980187587898,"3R",18699956,18699956,"3R",2387287,2387287,18699956,2387287,TRUE,16312669,16312669,FALSE,1788
"1789","A6-Wild5B_93","A6-Wild5B_89",0.0416980187587898,"3R",20526431,20526431,"3R",4759777,4761207,20526431,4760492,TRUE,15765939,15765224,FALSE,1789
"1790","A6-Wild5B_116","A6-Wild5B_89",0.0416980187587898,"3R",17900927,17900927,"3R",4759777,4761207,17900927,4760492,TRUE,13140435,13139720,FALSE,1790
"1791","A6-Wild5B_101","A6-Wild5B_93",0.0416980187587898,"3R",28754073,28754073,"3R",20526431,20526431,28754073,20526431,TRUE,8227642,8227642,FALSE,1791
"1792","A6-Wild5B_117","A6-Wild5B_93",0.0416980187587898,"3R",18699956,18699956,"3R",20526431,20526431,18699956,20526431,TRUE,1826475,1826475,FALSE,1792
"1793","A6-Wild5B_116","A6-Wild5B_101",0.0416980187587898,"3R",17900927,17900927,"3R",28754073,28754073,17900927,28754073,TRUE,10853146,10853146,FALSE,1793
"1794","A6-Wild5B_117","A6-Wild5B_116",0.0416980187587898,"3R",18699956,18699956,"3R",17900927,17900927,18699956,17900927,TRUE,799029,799029,FALSE,1794
"1795","A6-Wild5B_56","A6-Wild5B_24",0.0417054726837979,"2L",18901797,18901797,"2L",6587078,6587081,18901797,6587079.5,TRUE,12314717.5,12314716,FALSE,1795
"1796","A6-Wild5B_56","A6-Wild5B_32",0.0417054726837979,"2L",18901797,18901797,"2L",15142559,15142559,18901797,15142559,TRUE,3759238,3759238,FALSE,1796
"1797","A6-Wild5B_56","A6-Wild5B_37",0.0417054726837979,"2L",18901797,18901797,"2L",19890229,19890229,18901797,19890229,TRUE,988432,988432,FALSE,1797
"1798","A6-Wild5B_56","A6-Wild5B_48",0.0417054726837979,"2L",18901797,18901797,"2L",9564503,9564503,18901797,9564503,TRUE,9337294,9337294,FALSE,1798
"1799","A6-Wild5B_56","A6-Wild5B_52",0.0417054726837979,"2L",18901797,18901797,"2L",14887432,14887432,18901797,14887432,TRUE,4014365,4014365,FALSE,1799
"1800","A6-Wild5B_56","A6-Wild5B_53",0.0417054726837979,"2L",18901797,18901797,"2L",15931742,15931742,18901797,15931742,TRUE,2970055,2970055,FALSE,1800
"1801","A6-Wild5B_143","A6-Wild5B_131",0.0417054726837979,"2R",14518122,14518122,"2R",17375432,17375432,14518122,17375432,TRUE,2857310,2857310,FALSE,1801
"1802","A6-Wild5B_144","A6-Wild5B_131",0.0417054726837979,"2R",15722342,15722427,"2R",17375432,17375432,15722384.5,17375432,TRUE,1653047.5,1653005,FALSE,1802
"1803","A6-Wild5B_10","A6-Wild5B_1",0.0417054726837979,"3L",5716940,5716940,"3L",5280021,5280021,5716940,5280021,TRUE,436919,436919,FALSE,1803
"1804","A6-Wild5B_12","A6-Wild5B_10",0.0417054726837979,"3L",9169049,9169049,"3L",5716940,5716940,9169049,5716940,TRUE,3452109,3452109,FALSE,1804
"1805","A6-Wild5B_86","A6-Wild5B_62",0.0417054726837979,"X",19817401,19817401,"X",8035110,8035112,19817401,8035111,TRUE,11782290,11782289,FALSE,1805
"1806","A6-Wild5B_78","A6-Wild5B_66",0.0417054726837979,"X",7978988,7978988,"X",12634045,12634045,7978988,12634045,TRUE,4655057,4655057,FALSE,1806
"1807","A6-Wild5B_86","A6-Wild5B_67",0.0417054726837979,"X",19817401,19817401,"X",13431448,13431448,19817401,13431448,TRUE,6385953,6385953,FALSE,1807
"1808","A6-Wild5B_86","A6-Wild5B_76",0.0417054726837979,"X",19817401,19817401,"X",6944927,6944927,19817401,6944927,TRUE,12872474,12872474,FALSE,1808
"1809","A6-Wild5B_86","A6-Wild5B_83",0.0417054726837979,"X",19817401,19817401,"X",14990159,14990159,19817401,14990159,TRUE,4827242,4827242,FALSE,1809
"1810","A6-Wild5B_56","A6-Wild5B_28",0.0417137338805514,"2L",18901797,18901797,"2L",11770331,11770331,18901797,11770331,TRUE,7131466,7131466,FALSE,1810
"1811","A6-Wild5B_66","A6-Wild5B_58",0.0417137338805514,"X",12634045,12634045,"X",3311241,3311241,12634045,3311241,TRUE,9322804,9322804,FALSE,1811
"1812","A6-Wild5B_66","A6-Wild5B_60",0.0417137338805514,"X",12634045,12634045,"X",5232063,5232063,12634045,5232063,TRUE,7401982,7401982,FALSE,1812
"1813","A6-Wild5B_68","A6-Wild5B_66",0.0417137338805514,"X",13703301,13703301,"X",12634045,12634045,13703301,12634045,TRUE,1069256,1069256,FALSE,1813
"1814","A6-Wild5B_95","A6-Wild5B_94",0.0417228012193609,"3R",22164432,22164442,"3R",20782843,20782843,22164437,20782843,TRUE,1381594,1381589,FALSE,1814
"1815","A6-Wild5B_111","A6-Wild5B_94",0.0417228012193609,"3R",14873309,14873309,"3R",20782843,20782843,14873309,20782843,TRUE,5909534,5909534,FALSE,1815
"1816","A6-Wild5B_120","A6-Wild5B_95",0.0417228012193609,"3R",22494566,22494566,"3R",22164432,22164442,22494566,22164437,TRUE,330129,330124,FALSE,1816
"1817","A6-Wild5B_120","A6-Wild5B_111",0.0417228012193609,"3R",22494566,22494566,"3R",14873309,14873309,22494566,14873309,TRUE,7621257,7621257,FALSE,1817
"1818","A6-Wild5B_123","A6-Wild5B_114",0.0417228012193609,"3R",25937673,25937673,"3R",17271847,17271847,25937673,17271847,TRUE,8665826,8665826,FALSE,1818
"1819","A6-Wild5B_26","A6-Wild5B_22",0.0417280271933746,"2L",10933389,10933389,"2L",262632,262632,10933389,262632,TRUE,10670757,10670757,FALSE,1819
"1820","A6-Wild5B_29","A6-Wild5B_22",0.0417280271933746,"2L",12325056,12325056,"2L",262632,262632,12325056,262632,TRUE,12062424,12062424,FALSE,1820
"1821","A6-Wild5B_56","A6-Wild5B_26",0.0417354921073883,"2L",18901797,18901797,"2L",10933389,10933389,18901797,10933389,TRUE,7968408,7968408,FALSE,1821
"1822","A6-Wild5B_56","A6-Wild5B_29",0.0417354921073883,"2L",18901797,18901797,"2L",12325056,12325056,18901797,12325056,TRUE,6576741,6576741,FALSE,1822
"1823","A6-Wild5B_56","A6-Wild5B_44",0.0417354921073883,"2L",18901797,18901797,"2L",6115657,6115657,18901797,6115657,TRUE,12786140,12786140,FALSE,1823
"1824","A6-Wild5B_66","A6-Wild5B_62",0.0417354921073883,"X",12634045,12634045,"X",8035110,8035112,12634045,8035111,TRUE,4598934,4598933,FALSE,1824
"1825","A6-Wild5B_67","A6-Wild5B_66",0.0417354921073883,"X",13431448,13431448,"X",12634045,12634045,13431448,12634045,TRUE,797403,797403,FALSE,1825
"1826","A6-Wild5B_76","A6-Wild5B_66",0.0417354921073883,"X",6944927,6944927,"X",12634045,12634045,6944927,12634045,TRUE,5689118,5689118,FALSE,1826
"1827","A6-Wild5B_83","A6-Wild5B_66",0.0417354921073883,"X",14990159,14990159,"X",12634045,12634045,14990159,12634045,TRUE,2356114,2356114,FALSE,1827
"1828","A6-Wild5B_69","A6-Wild5B_57",0.0417528461763032,"X",14960688,14960688,"X",996839,996839,14960688,996839,TRUE,13963849,13963849,FALSE,1828
"1829","A6-Wild5B_69","A6-Wild5B_65",0.0417528461763032,"X",14960688,14960688,"X",11427328,11427328,14960688,11427328,TRUE,3533360,3533360,FALSE,1829
"1830","A6-Wild5B_27","A6-Wild5B_22",0.0417580788636696,"2L",11155310,11155311,"2L",262632,262632,11155310.5,262632,TRUE,10892678.5,10892678,FALSE,1830
"1831","A6-Wild5B_56","A6-Wild5B_27",0.0417655547910084,"2L",18901797,18901797,"2L",11155310,11155311,18901797,11155310.5,TRUE,7746486.5,7746486,FALSE,1831
"1832","A6-Wild5B_56","A6-Wild5B_33",0.0417655547910084,"2L",18901797,18901797,"2L",17080016,17080016,18901797,17080016,TRUE,1821781,1821781,FALSE,1832
"1833","A6-Wild5B_145","A6-Wild5B_131",0.0417655547910084,"2R",19518677,19518677,"2R",17375432,17375432,19518677,17375432,TRUE,2143245,2143245,FALSE,1833
"1834","A6-Wild5B_105","A6-Wild5B_87",0.0419344947169034,"3R",4821131,4821131,"3R",1331799,1331799,4821131,1331799,TRUE,3489332,3489332,FALSE,1834
"1835","A6-Wild5B_42","A6-Wild5B_30",0.0422703152271329,"2L",259124,259126,"2L",13575158,13575158,259125,13575158,TRUE,13316033,13316032,FALSE,1835
"1836","A6-Wild5B_144","A6-Wild5B_133",0.0423506425717641,"2R",15722342,15722427,"2R",19073594,19073594,15722384.5,19073594,TRUE,3351209.5,3351167,FALSE,1836
"1837","A6-Wild5B_144","A6-Wild5B_132",0.0423810734111664,"2R",15722342,15722427,"2R",19053462,19053462,15722384.5,19053462,TRUE,3331077.5,3331035,FALSE,1837
"1838","A6-Wild5B_102","A6-Wild5B_97",0.0423810734111664,"3R",28957954,28957954,"3R",25086787,25086787,28957954,25086787,TRUE,3871167,3871167,FALSE,1838
"1839","A6-Wild5B_107","A6-Wild5B_97",0.0423810734111664,"3R",10918807,10918807,"3R",25086787,25086787,10918807,25086787,TRUE,14167980,14167980,FALSE,1839
"1840","A6-Wild5B_112","A6-Wild5B_97",0.0423810734111664,"3R",17216226,17216226,"3R",25086787,25086787,17216226,25086787,TRUE,7870561,7870561,FALSE,1840
"1841","A6-Wild5B_119","A6-Wild5B_97",0.0423810734111664,"3R",21338431,21338431,"3R",25086787,25086787,21338431,25086787,TRUE,3748356,3748356,FALSE,1841
"1842","A6-Wild5B_124","A6-Wild5B_97",0.0423810734111664,"3R",27485330,27485331,"3R",25086787,25086787,27485330.5,25086787,TRUE,2398543.5,2398543,FALSE,1842
"1843","A6-Wild5B_125","A6-Wild5B_97",0.0423810734111664,"3R",27856815,27858239,"3R",25086787,25086787,27857527,25086787,TRUE,2770740,2770028,FALSE,1843
"1844","A6-Wild5B_49","A6-Wild5B_36",0.0423873560219569,"2L",10442061,10442061,"2L",19629864,19629864,10442061,19629864,TRUE,9187803,9187803,FALSE,1844
"1845","A6-Wild5B_110","A6-Wild5B_95",0.0423873560219569,"3R",14096156,14096156,"3R",22164432,22164442,14096156,22164437,TRUE,8068281,8068276,FALSE,1845
"1846","A6-Wild5B_111","A6-Wild5B_110",0.0423873560219569,"3R",14873309,14873309,"3R",14096156,14096156,14873309,14096156,TRUE,777153,777153,FALSE,1846
"1847","A6-Wild5B_81","A6-Wild5B_59",0.0423890578044135,"X",12314203,12314203,"X",5113101,5113105,12314203,5113103,TRUE,7201100,7201098,FALSE,1847
"1848","A6-Wild5B_44","A6-Wild5B_31",0.0424115480274381,"2L",6115657,6115657,"2L",15077860,15077860,6115657,15077860,TRUE,8962203,8962203,FALSE,1848
"1849","A6-Wild5B_44","A6-Wild5B_34",0.0424115480274381,"2L",6115657,6115657,"2L",17945784,17945784,6115657,17945784,TRUE,11830127,11830127,FALSE,1849
"1850","A6-Wild5B_50","A6-Wild5B_44",0.0424115480274381,"2L",12245969,12245969,"2L",6115657,6115657,12245969,6115657,TRUE,6130312,6130312,FALSE,1850
"1851","A6-Wild5B_51","A6-Wild5B_44",0.0424115480274381,"2L",14671836,14671836,"2L",6115657,6115657,14671836,6115657,TRUE,8556179,8556179,FALSE,1851
"1852","A6-Wild5B_54","A6-Wild5B_44",0.0424115480274381,"2L",17088368,17088368,"2L",6115657,6115657,17088368,6115657,TRUE,10972711,10972711,FALSE,1852
"1853","A6-Wild5B_145","A6-Wild5B_133",0.0424115480274381,"2R",19518677,19518677,"2R",19073594,19073594,19518677,19073594,TRUE,445083,445083,FALSE,1853
"1854","A6-Wild5B_97","A6-Wild5B_89",0.0424115480274381,"3R",25086787,25086787,"3R",4759777,4761207,25086787,4760492,TRUE,20326295,20325580,FALSE,1854
"1855","A6-Wild5B_102","A6-Wild5B_91",0.0424115480274381,"3R",28957954,28957954,"3R",10914458,10914458,28957954,10914458,TRUE,18043496,18043496,FALSE,1855
"1856","A6-Wild5B_107","A6-Wild5B_91",0.0424115480274381,"3R",10918807,10918807,"3R",10914458,10914458,10918807,10914458,TRUE,4349,4349,FALSE,1856
"1857","A6-Wild5B_112","A6-Wild5B_91",0.0424115480274381,"3R",17216226,17216226,"3R",10914458,10914458,17216226,10914458,TRUE,6301768,6301768,FALSE,1857
"1858","A6-Wild5B_119","A6-Wild5B_91",0.0424115480274381,"3R",21338431,21338431,"3R",10914458,10914458,21338431,10914458,TRUE,10423973,10423973,FALSE,1858
"1859","A6-Wild5B_124","A6-Wild5B_91",0.0424115480274381,"3R",27485330,27485331,"3R",10914458,10914458,27485330.5,10914458,TRUE,16570872.5,16570872,FALSE,1859
"1860","A6-Wild5B_125","A6-Wild5B_91",0.0424115480274381,"3R",27856815,27858239,"3R",10914458,10914458,27857527,10914458,TRUE,16943069,16942357,FALSE,1860
"1861","A6-Wild5B_101","A6-Wild5B_97",0.0424115480274381,"3R",28754073,28754073,"3R",25086787,25086787,28754073,25086787,TRUE,3667286,3667286,FALSE,1861
"1862","A6-Wild5B_117","A6-Wild5B_97",0.0424115480274381,"3R",18699956,18699956,"3R",25086787,25086787,18699956,25086787,TRUE,6386831,6386831,FALSE,1862
"1863","A6-Wild5B_102","A6-Wild5B_100",0.0424115480274381,"3R",28957954,28957954,"3R",28106715,28106715,28957954,28106715,TRUE,851239,851239,FALSE,1863
"1864","A6-Wild5B_107","A6-Wild5B_100",0.0424115480274381,"3R",10918807,10918807,"3R",28106715,28106715,10918807,28106715,TRUE,17187908,17187908,FALSE,1864
"1865","A6-Wild5B_112","A6-Wild5B_100",0.0424115480274381,"3R",17216226,17216226,"3R",28106715,28106715,17216226,28106715,TRUE,10890489,10890489,FALSE,1865
"1866","A6-Wild5B_119","A6-Wild5B_100",0.0424115480274381,"3R",21338431,21338431,"3R",28106715,28106715,21338431,28106715,TRUE,6768284,6768284,FALSE,1866
"1867","A6-Wild5B_124","A6-Wild5B_100",0.0424115480274381,"3R",27485330,27485331,"3R",28106715,28106715,27485330.5,28106715,TRUE,621384.5,621384,FALSE,1867
"1868","A6-Wild5B_125","A6-Wild5B_100",0.0424115480274381,"3R",27856815,27858239,"3R",28106715,28106715,27857527,28106715,TRUE,249188,248476,FALSE,1868
"1869","A6-Wild5B_121","A6-Wild5B_102",0.0424115480274381,"3R",23293133,23293133,"3R",28957954,28957954,23293133,28957954,TRUE,5664821,5664821,FALSE,1869
"1870","A6-Wild5B_122","A6-Wild5B_102",0.0424115480274381,"3R",25184558,25184558,"3R",28957954,28957954,25184558,28957954,TRUE,3773396,3773396,FALSE,1870
"1871","A6-Wild5B_121","A6-Wild5B_107",0.0424115480274381,"3R",23293133,23293133,"3R",10918807,10918807,23293133,10918807,TRUE,12374326,12374326,FALSE,1871
"1872","A6-Wild5B_122","A6-Wild5B_107",0.0424115480274381,"3R",25184558,25184558,"3R",10918807,10918807,25184558,10918807,TRUE,14265751,14265751,FALSE,1872
"1873","A6-Wild5B_121","A6-Wild5B_112",0.0424115480274381,"3R",23293133,23293133,"3R",17216226,17216226,23293133,17216226,TRUE,6076907,6076907,FALSE,1873
"1874","A6-Wild5B_122","A6-Wild5B_112",0.0424115480274381,"3R",25184558,25184558,"3R",17216226,17216226,25184558,17216226,TRUE,7968332,7968332,FALSE,1874
"1875","A6-Wild5B_121","A6-Wild5B_119",0.0424115480274381,"3R",23293133,23293133,"3R",21338431,21338431,23293133,21338431,TRUE,1954702,1954702,FALSE,1875
"1876","A6-Wild5B_122","A6-Wild5B_119",0.0424115480274381,"3R",25184558,25184558,"3R",21338431,21338431,25184558,21338431,TRUE,3846127,3846127,FALSE,1876
"1877","A6-Wild5B_124","A6-Wild5B_121",0.0424115480274381,"3R",27485330,27485331,"3R",23293133,23293133,27485330.5,23293133,TRUE,4192197.5,4192197,FALSE,1877
"1878","A6-Wild5B_125","A6-Wild5B_121",0.0424115480274381,"3R",27856815,27858239,"3R",23293133,23293133,27857527,23293133,TRUE,4564394,4563682,FALSE,1878
"1879","A6-Wild5B_124","A6-Wild5B_122",0.0424115480274381,"3R",27485330,27485331,"3R",25184558,25184558,27485330.5,25184558,TRUE,2300772.5,2300772,FALSE,1879
"1880","A6-Wild5B_125","A6-Wild5B_122",0.0424115480274381,"3R",27856815,27858239,"3R",25184558,25184558,27857527,25184558,TRUE,2672969,2672257,FALSE,1880
"1881","A6-Wild5B_70","A6-Wild5B_62",0.0424115480274381,"X",17275315,17275315,"X",8035110,8035112,17275315,8035111,TRUE,9240204,9240203,FALSE,1881
"1882","A6-Wild5B_71","A6-Wild5B_62",0.0424115480274381,"X",4490761,4490761,"X",8035110,8035112,4490761,8035111,TRUE,3544350,3544349,FALSE,1882
"1883","A6-Wild5B_75","A6-Wild5B_62",0.0424115480274381,"X",6802665,6802665,"X",8035110,8035112,6802665,8035111,TRUE,1232446,1232445,FALSE,1883
"1884","A6-Wild5B_79","A6-Wild5B_62",0.0424115480274381,"X",11176209,11176209,"X",8035110,8035112,11176209,8035111,TRUE,3141098,3141097,FALSE,1884
"1885","A6-Wild5B_70","A6-Wild5B_67",0.0424115480274381,"X",17275315,17275315,"X",13431448,13431448,17275315,13431448,TRUE,3843867,3843867,FALSE,1885
"1886","A6-Wild5B_71","A6-Wild5B_67",0.0424115480274381,"X",4490761,4490761,"X",13431448,13431448,4490761,13431448,TRUE,8940687,8940687,FALSE,1886
"1887","A6-Wild5B_75","A6-Wild5B_67",0.0424115480274381,"X",6802665,6802665,"X",13431448,13431448,6802665,13431448,TRUE,6628783,6628783,FALSE,1887
"1888","A6-Wild5B_79","A6-Wild5B_67",0.0424115480274381,"X",11176209,11176209,"X",13431448,13431448,11176209,13431448,TRUE,2255239,2255239,FALSE,1888
"1889","A6-Wild5B_76","A6-Wild5B_70",0.0424115480274381,"X",6944927,6944927,"X",17275315,17275315,6944927,17275315,TRUE,10330388,10330388,FALSE,1889
"1890","A6-Wild5B_83","A6-Wild5B_70",0.0424115480274381,"X",14990159,14990159,"X",17275315,17275315,14990159,17275315,TRUE,2285156,2285156,FALSE,1890
"1891","A6-Wild5B_76","A6-Wild5B_71",0.0424115480274381,"X",6944927,6944927,"X",4490761,4490761,6944927,4490761,TRUE,2454166,2454166,FALSE,1891
"1892","A6-Wild5B_83","A6-Wild5B_71",0.0424115480274381,"X",14990159,14990159,"X",4490761,4490761,14990159,4490761,TRUE,10499398,10499398,FALSE,1892
"1893","A6-Wild5B_76","A6-Wild5B_75",0.0424115480274381,"X",6944927,6944927,"X",6802665,6802665,6944927,6802665,TRUE,142262,142262,FALSE,1893
"1894","A6-Wild5B_83","A6-Wild5B_75",0.0424115480274381,"X",14990159,14990159,"X",6802665,6802665,14990159,6802665,TRUE,8187494,8187494,FALSE,1894
"1895","A6-Wild5B_79","A6-Wild5B_76",0.0424115480274381,"X",11176209,11176209,"X",6944927,6944927,11176209,6944927,TRUE,4231282,4231282,FALSE,1895
"1896","A6-Wild5B_83","A6-Wild5B_79",0.0424115480274381,"X",14990159,14990159,"X",11176209,11176209,14990159,11176209,TRUE,3813950,3813950,FALSE,1896
"1897","A6-Wild5B_81","A6-Wild5B_63",0.0424195441832507,"X",12314203,12314203,"X",9440961,9440963,12314203,9440962,TRUE,2873241,2873240,FALSE,1897
"1898","A6-Wild5B_108","A6-Wild5B_98",0.0424379561062029,"3R",12789257,12789257,"3R",25371229,25371229,12789257,25371229,TRUE,12581972,12581972,FALSE,1898
"1899","A6-Wild5B_33","A6-Wild5B_31",0.0424420665151408,"2L",17080016,17080016,"2L",15077860,15077860,17080016,15077860,TRUE,2002156,2002156,FALSE,1899
"1900","A6-Wild5B_34","A6-Wild5B_33",0.0424420665151408,"2L",17945784,17945784,"2L",17080016,17080016,17945784,17080016,TRUE,865768,865768,FALSE,1900
"1901","A6-Wild5B_50","A6-Wild5B_33",0.0424420665151408,"2L",12245969,12245969,"2L",17080016,17080016,12245969,17080016,TRUE,4834047,4834047,FALSE,1901
"1902","A6-Wild5B_51","A6-Wild5B_33",0.0424420665151408,"2L",14671836,14671836,"2L",17080016,17080016,14671836,17080016,TRUE,2408180,2408180,FALSE,1902
"1903","A6-Wild5B_54","A6-Wild5B_33",0.0424420665151408,"2L",17088368,17088368,"2L",17080016,17080016,17088368,17080016,TRUE,8352,8352,FALSE,1903
"1904","A6-Wild5B_144","A6-Wild5B_129",0.0424420665151408,"2R",15722342,15722427,"2R",7479086,7479086,15722384.5,7479086,TRUE,8243298.5,8243256,FALSE,1904
"1905","A6-Wild5B_145","A6-Wild5B_132",0.0424420665151408,"2R",19518677,19518677,"2R",19053462,19053462,19518677,19053462,TRUE,465215,465215,FALSE,1905
"1906","A6-Wild5B_6","A6-Wild5B_1",0.0424420665151408,"3L",19413146,19413146,"3L",5280021,5280021,19413146,5280021,TRUE,14133125,14133125,FALSE,1906
"1907","A6-Wild5B_91","A6-Wild5B_89",0.0424420665151408,"3R",10914458,10914458,"3R",4759777,4761207,10914458,4760492,TRUE,6153966,6153251,FALSE,1907
"1908","A6-Wild5B_100","A6-Wild5B_89",0.0424420665151408,"3R",28106715,28106715,"3R",4759777,4761207,28106715,4760492,TRUE,23346223,23345508,FALSE,1908
"1909","A6-Wild5B_121","A6-Wild5B_89",0.0424420665151408,"3R",23293133,23293133,"3R",4759777,4761207,23293133,4760492,TRUE,18532641,18531926,FALSE,1909
"1910","A6-Wild5B_122","A6-Wild5B_89",0.0424420665151408,"3R",25184558,25184558,"3R",4759777,4761207,25184558,4760492,TRUE,20424066,20423351,FALSE,1910
"1911","A6-Wild5B_101","A6-Wild5B_91",0.0424420665151408,"3R",28754073,28754073,"3R",10914458,10914458,28754073,10914458,TRUE,17839615,17839615,FALSE,1911
"1912","A6-Wild5B_117","A6-Wild5B_91",0.0424420665151408,"3R",18699956,18699956,"3R",10914458,10914458,18699956,10914458,TRUE,7785498,7785498,FALSE,1912
"1913","A6-Wild5B_101","A6-Wild5B_100",0.0424420665151408,"3R",28754073,28754073,"3R",28106715,28106715,28754073,28106715,TRUE,647358,647358,FALSE,1913
"1914","A6-Wild5B_117","A6-Wild5B_100",0.0424420665151408,"3R",18699956,18699956,"3R",28106715,28106715,18699956,28106715,TRUE,9406759,9406759,FALSE,1914
"1915","A6-Wild5B_121","A6-Wild5B_101",0.0424420665151408,"3R",23293133,23293133,"3R",28754073,28754073,23293133,28754073,TRUE,5460940,5460940,FALSE,1915
"1916","A6-Wild5B_122","A6-Wild5B_101",0.0424420665151408,"3R",25184558,25184558,"3R",28754073,28754073,25184558,28754073,TRUE,3569515,3569515,FALSE,1916
"1917","A6-Wild5B_121","A6-Wild5B_117",0.0424420665151408,"3R",23293133,23293133,"3R",18699956,18699956,23293133,18699956,TRUE,4593177,4593177,FALSE,1917
"1918","A6-Wild5B_122","A6-Wild5B_117",0.0424420665151408,"3R",25184558,25184558,"3R",18699956,18699956,25184558,18699956,TRUE,6484602,6484602,FALSE,1918
"1919","A6-Wild5B_109","A6-Wild5B_108",0.0424685135126959,"3R",13498897,13498897,"3R",12789257,12789257,13498897,12789257,TRUE,709640,709640,FALSE,1919
"1920","A6-Wild5B_44","A6-Wild5B_22",0.0424726289691086,"2L",6115657,6115657,"2L",262632,262632,6115657,262632,TRUE,5853025,5853025,FALSE,1920
"1921","A6-Wild5B_33","A6-Wild5B_22",0.0425032354844491,"2L",17080016,17080016,"2L",262632,262632,17080016,262632,TRUE,16817384,16817384,FALSE,1921
"1922","A6-Wild5B_145","A6-Wild5B_129",0.0425032354844491,"2R",19518677,19518677,"2R",7479086,7479086,19518677,7479086,TRUE,12039591,12039591,FALSE,1922
"1923","A6-Wild5B_86","A6-Wild5B_74",0.0425112670843434,"X",19817401,19817401,"X",6466846,6466846,19817401,6466846,TRUE,13350555,13350555,FALSE,1923
"1924","A6-Wild5B_74","A6-Wild5B_61",0.0425507847591027,"X",6466846,6466846,"X",6307214,6307214,6466846,6307214,TRUE,159632,159632,FALSE,1924
"1925","A6-Wild5B_110","A6-Wild5B_87",0.0426025736224554,"3R",14096156,14096156,"3R",1331799,1331799,14096156,1331799,TRUE,12764357,12764357,FALSE,1925
"1926","A6-Wild5B_42","A6-Wild5B_24",0.0430261732697938,"2L",259124,259126,"2L",6587078,6587081,259125,6587079.5,TRUE,6327954.5,6327952,FALSE,1926
"1927","A6-Wild5B_42","A6-Wild5B_32",0.0430261732697938,"2L",259124,259126,"2L",15142559,15142559,259125,15142559,TRUE,14883434,14883433,FALSE,1927
"1928","A6-Wild5B_42","A6-Wild5B_37",0.0430261732697938,"2L",259124,259126,"2L",19890229,19890229,259125,19890229,TRUE,19631104,19631103,FALSE,1928
"1929","A6-Wild5B_48","A6-Wild5B_42",0.0430261732697938,"2L",9564503,9564503,"2L",259124,259126,9564503,259125,TRUE,9305378,9305377,FALSE,1929
"1930","A6-Wild5B_52","A6-Wild5B_42",0.0430261732697938,"2L",14887432,14887432,"2L",259124,259126,14887432,259125,TRUE,14628307,14628306,FALSE,1930
"1931","A6-Wild5B_53","A6-Wild5B_42",0.0430261732697938,"2L",15931742,15931742,"2L",259124,259126,15931742,259125,TRUE,15672617,15672616,FALSE,1931
"1932","A6-Wild5B_13","A6-Wild5B_7",0.0430261732697938,"3L",10006312,10006312,"3L",3081513,3081513,10006312,3081513,TRUE,6924799,6924799,FALSE,1932
"1933","A6-Wild5B_18","A6-Wild5B_13",0.0430261732697938,"3L",18063281,18063281,"3L",10006312,10006312,18063281,10006312,TRUE,8056969,8056969,FALSE,1933
"1934","A6-Wild5B_42","A6-Wild5B_26",0.0430575842490675,"2L",259124,259126,"2L",10933389,10933389,259125,10933389,TRUE,10674264,10674263,FALSE,1934
"1935","A6-Wild5B_42","A6-Wild5B_29",0.0430575842490675,"2L",259124,259126,"2L",12325056,12325056,259125,12325056,TRUE,12065931,12065930,FALSE,1935
"1936","A6-Wild5B_44","A6-Wild5B_42",0.0430575842490675,"2L",6115657,6115657,"2L",259124,259126,6115657,259125,TRUE,5856532,5856531,FALSE,1936
"1937","A6-Wild5B_7","A6-Wild5B_1",0.0430575842490675,"3L",3081513,3081513,"3L",5280021,5280021,3081513,5280021,TRUE,2198508,2198508,FALSE,1937
"1938","A6-Wild5B_18","A6-Wild5B_1",0.0430575842490675,"3L",18063281,18063281,"3L",5280021,5280021,18063281,5280021,TRUE,12783260,12783260,FALSE,1938
"1939","A6-Wild5B_12","A6-Wild5B_7",0.0430575842490675,"3L",9169049,9169049,"3L",3081513,3081513,9169049,3081513,TRUE,6087536,6087536,FALSE,1939
"1940","A6-Wild5B_18","A6-Wild5B_12",0.0430575842490675,"3L",18063281,18063281,"3L",9169049,9169049,18063281,9169049,TRUE,8894232,8894232,FALSE,1940
"1941","A6-Wild5B_42","A6-Wild5B_27",0.043089041140685,"2L",259124,259126,"2L",11155310,11155311,259125,11155310.5,TRUE,10896185.5,10896184,FALSE,1941
"1942","A6-Wild5B_42","A6-Wild5B_33",0.043089041140685,"2L",259124,259126,"2L",17080016,17080016,259125,17080016,TRUE,16820891,16820890,FALSE,1942
"1943","A6-Wild5B_115","A6-Wild5B_104",0.0431026629847333,"3R",17494003,17494003,"3R",29691953,29691953,17494003,29691953,TRUE,12197950,12197950,FALSE,1943
"1944","A6-Wild5B_115","A6-Wild5B_97",0.0431336595801473,"3R",17494003,17494003,"3R",25086787,25086787,17494003,25086787,TRUE,7592784,7592784,FALSE,1944
"1945","A6-Wild5B_114","A6-Wild5B_104",0.0431336595801473,"3R",17271847,17271847,"3R",29691953,29691953,17271847,29691953,TRUE,12420106,12420106,FALSE,1945
"1946","A6-Wild5B_126","A6-Wild5B_115",0.0431336595801473,"3R",30183667,30183667,"3R",17494003,17494003,30183667,17494003,TRUE,12689664,12689664,FALSE,1946
"1947","A6-Wild5B_81","A6-Wild5B_78",0.0431336595801473,"X",12314203,12314203,"X",7978988,7978988,12314203,7978988,TRUE,4335215,4335215,FALSE,1947
"1948","A6-Wild5B_86","A6-Wild5B_58",0.043156149803172,"X",19817401,19817401,"X",3311241,3311241,19817401,3311241,TRUE,16506160,16506160,FALSE,1948
"1949","A6-Wild5B_86","A6-Wild5B_60",0.043156149803172,"X",19817401,19817401,"X",5232063,5232063,19817401,5232063,TRUE,14585338,14585338,FALSE,1949
"1950","A6-Wild5B_86","A6-Wild5B_68",0.043156149803172,"X",19817401,19817401,"X",13703301,13703301,19817401,13703301,TRUE,6114100,6114100,FALSE,1950
"1951","A6-Wild5B_115","A6-Wild5B_88",0.0431647008040303,"3R",17494003,17494003,"3R",2387287,2387287,17494003,2387287,TRUE,15106716,15106716,FALSE,1951
"1952","A6-Wild5B_115","A6-Wild5B_91",0.0431647008040303,"3R",17494003,17494003,"3R",10914458,10914458,17494003,10914458,TRUE,6579545,6579545,FALSE,1952
"1953","A6-Wild5B_115","A6-Wild5B_93",0.0431647008040303,"3R",17494003,17494003,"3R",20526431,20526431,17494003,20526431,TRUE,3032428,3032428,FALSE,1953
"1954","A6-Wild5B_114","A6-Wild5B_97",0.0431647008040303,"3R",17271847,17271847,"3R",25086787,25086787,17271847,25086787,TRUE,7814940,7814940,FALSE,1954
"1955","A6-Wild5B_115","A6-Wild5B_100",0.0431647008040303,"3R",17494003,17494003,"3R",28106715,28106715,17494003,28106715,TRUE,10612712,10612712,FALSE,1955
"1956","A6-Wild5B_126","A6-Wild5B_114",0.0431647008040303,"3R",30183667,30183667,"3R",17271847,17271847,30183667,17271847,TRUE,12911820,12911820,FALSE,1956
"1957","A6-Wild5B_116","A6-Wild5B_115",0.0431647008040303,"3R",17900927,17900927,"3R",17494003,17494003,17900927,17494003,TRUE,406924,406924,FALSE,1957
"1958","A6-Wild5B_121","A6-Wild5B_115",0.0431647008040303,"3R",23293133,23293133,"3R",17494003,17494003,23293133,17494003,TRUE,5799130,5799130,FALSE,1958
"1959","A6-Wild5B_122","A6-Wild5B_115",0.0431647008040303,"3R",25184558,25184558,"3R",17494003,17494003,25184558,17494003,TRUE,7690555,7690555,FALSE,1959
"1960","A6-Wild5B_81","A6-Wild5B_62",0.0431647008040303,"X",12314203,12314203,"X",8035110,8035112,12314203,8035111,TRUE,4279092,4279091,FALSE,1960
"1961","A6-Wild5B_81","A6-Wild5B_67",0.0431647008040303,"X",12314203,12314203,"X",13431448,13431448,12314203,13431448,TRUE,1117245,1117245,FALSE,1961
"1962","A6-Wild5B_81","A6-Wild5B_76",0.0431647008040303,"X",12314203,12314203,"X",6944927,6944927,12314203,6944927,TRUE,5369276,5369276,FALSE,1962
"1963","A6-Wild5B_83","A6-Wild5B_81",0.0431647008040303,"X",14990159,14990159,"X",12314203,12314203,14990159,12314203,TRUE,2675956,2675956,FALSE,1963
"1964","A6-Wild5B_28","A6-Wild5B_25",0.0431957867528668,"2L",11770331,11770331,"2L",10567015,10567015,11770331,10567015,TRUE,1203316,1203316,FALSE,1964
"1965","A6-Wild5B_39","A6-Wild5B_28",0.0431957867528668,"2L",20952528,20952528,"2L",11770331,11770331,20952528,11770331,TRUE,9182197,9182197,FALSE,1965
"1966","A6-Wild5B_47","A6-Wild5B_28",0.0431957867528668,"2L",7966456,7966456,"2L",11770331,11770331,7966456,11770331,TRUE,3803875,3803875,FALSE,1966
"1967","A6-Wild5B_14","A6-Wild5B_4",0.0431957867528668,"3L",13614883,13614883,"3L",12008163,12008163,13614883,12008163,TRUE,1606720,1606720,FALSE,1967
"1968","A6-Wild5B_14","A6-Wild5B_9",0.0431957867528668,"3L",13614883,13614883,"3L",4840417,4840417,13614883,4840417,TRUE,8774466,8774466,FALSE,1968
"1969","A6-Wild5B_114","A6-Wild5B_88",0.0431957867528668,"3R",17271847,17271847,"3R",2387287,2387287,17271847,2387287,TRUE,14884560,14884560,FALSE,1969
"1970","A6-Wild5B_114","A6-Wild5B_91",0.0431957867528668,"3R",17271847,17271847,"3R",10914458,10914458,17271847,10914458,TRUE,6357389,6357389,FALSE,1970
"1971","A6-Wild5B_114","A6-Wild5B_93",0.0431957867528668,"3R",17271847,17271847,"3R",20526431,20526431,17271847,20526431,TRUE,3254584,3254584,FALSE,1971
"1972","A6-Wild5B_99","A6-Wild5B_98",0.0431957867528668,"3R",27859546,27859546,"3R",25371229,25371229,27859546,25371229,TRUE,2488317,2488317,FALSE,1972
"1973","A6-Wild5B_103","A6-Wild5B_98",0.0431957867528668,"3R",29470824,29470824,"3R",25371229,25371229,29470824,25371229,TRUE,4099595,4099595,FALSE,1973
"1974","A6-Wild5B_114","A6-Wild5B_100",0.0431957867528668,"3R",17271847,17271847,"3R",28106715,28106715,17271847,28106715,TRUE,10834868,10834868,FALSE,1974
"1975","A6-Wild5B_116","A6-Wild5B_114",0.0431957867528668,"3R",17900927,17900927,"3R",17271847,17271847,17900927,17271847,TRUE,629080,629080,FALSE,1975
"1976","A6-Wild5B_121","A6-Wild5B_114",0.0431957867528668,"3R",23293133,23293133,"3R",17271847,17271847,23293133,17271847,TRUE,6021286,6021286,FALSE,1976
"1977","A6-Wild5B_122","A6-Wild5B_114",0.0431957867528668,"3R",25184558,25184558,"3R",17271847,17271847,25184558,17271847,TRUE,7912711,7912711,FALSE,1977
"1978","A6-Wild5B_61","A6-Wild5B_58",0.0431957867528668,"X",6307214,6307214,"X",3311241,3311241,6307214,3311241,TRUE,2995973,2995973,FALSE,1978
"1979","A6-Wild5B_61","A6-Wild5B_60",0.0431957867528668,"X",6307214,6307214,"X",5232063,5232063,6307214,5232063,TRUE,1075151,1075151,FALSE,1979
"1980","A6-Wild5B_68","A6-Wild5B_61",0.0431957867528668,"X",13703301,13703301,"X",6307214,6307214,13703301,6307214,TRUE,7396087,7396087,FALSE,1980
"1981","A6-Wild5B_74","A6-Wild5B_70",0.0432183412624436,"X",6466846,6466846,"X",17275315,17275315,6466846,17275315,TRUE,10808469,10808469,FALSE,1981
"1982","A6-Wild5B_74","A6-Wild5B_71",0.0432183412624436,"X",6466846,6466846,"X",4490761,4490761,6466846,4490761,TRUE,1976085,1976085,FALSE,1982
"1983","A6-Wild5B_79","A6-Wild5B_74",0.0432183412624436,"X",11176209,11176209,"X",6466846,6466846,11176209,6466846,TRUE,4709363,4709363,FALSE,1983
"1984","A6-Wild5B_109","A6-Wild5B_99",0.0432269175234208,"3R",13498897,13498897,"3R",27859546,27859546,13498897,27859546,TRUE,14360649,14360649,FALSE,1984
"1985","A6-Wild5B_109","A6-Wild5B_103",0.0432269175234208,"3R",13498897,13498897,"3R",29470824,29470824,13498897,29470824,TRUE,15971927,15971927,FALSE,1985
"1986","A6-Wild5B_75","A6-Wild5B_74",0.0432495042797021,"X",6802665,6802665,"X",6466846,6466846,6802665,6466846,TRUE,335819,335819,FALSE,1986
"1987","A6-Wild5B_85","A6-Wild5B_74",0.0433119653756684,"X",19790921,19790921,"X",6466846,6466846,19790921,6466846,TRUE,13324075,13324075,FALSE,1987
"1988","A6-Wild5B_102","A6-Wild5B_87",0.0433466217907169,"3R",28957954,28957954,"3R",1331799,1331799,28957954,1331799,TRUE,27626155,27626155,FALSE,1988
"1989","A6-Wild5B_107","A6-Wild5B_87",0.0433466217907169,"3R",10918807,10918807,"3R",1331799,1331799,10918807,1331799,TRUE,9587008,9587008,FALSE,1989
"1990","A6-Wild5B_112","A6-Wild5B_87",0.0433466217907169,"3R",17216226,17216226,"3R",1331799,1331799,17216226,1331799,TRUE,15884427,15884427,FALSE,1990
"1991","A6-Wild5B_119","A6-Wild5B_87",0.0433466217907169,"3R",21338431,21338431,"3R",1331799,1331799,21338431,1331799,TRUE,20006632,20006632,FALSE,1991
"1992","A6-Wild5B_124","A6-Wild5B_87",0.0433466217907169,"3R",27485330,27485331,"3R",1331799,1331799,27485330.5,1331799,TRUE,26153531.5,26153531,FALSE,1992
"1993","A6-Wild5B_125","A6-Wild5B_87",0.0433466217907169,"3R",27856815,27858239,"3R",1331799,1331799,27857527,1331799,TRUE,26525728,26525016,FALSE,1993
"1994","A6-Wild5B_89","A6-Wild5B_87",0.0433785017809375,"3R",4759777,4761207,"3R",1331799,1331799,4760492,1331799,TRUE,3428693,3427978,FALSE,1994
"1995","A6-Wild5B_101","A6-Wild5B_87",0.0433785017809375,"3R",28754073,28754073,"3R",1331799,1331799,28754073,1331799,TRUE,27422274,27422274,FALSE,1995
"1996","A6-Wild5B_117","A6-Wild5B_87",0.0433785017809375,"3R",18699956,18699956,"3R",1331799,1331799,18699956,1331799,TRUE,17368157,17368157,FALSE,1996
"1997","A6-Wild5B_34","A6-Wild5B_28",0.0438619922147367,"2L",17945784,17945784,"2L",11770331,11770331,17945784,11770331,TRUE,6175453,6175453,FALSE,1997
"1998","A6-Wild5B_54","A6-Wild5B_28",0.0438619922147367,"2L",17088368,17088368,"2L",11770331,11770331,17088368,11770331,TRUE,5318037,5318037,FALSE,1998
"1999","A6-Wild5B_107","A6-Wild5B_98",0.0438619922147367,"3R",10918807,10918807,"3R",25371229,25371229,10918807,25371229,TRUE,14452422,14452422,FALSE,1999
"2000","A6-Wild5B_112","A6-Wild5B_98",0.0438619922147367,"3R",17216226,17216226,"3R",25371229,25371229,17216226,25371229,TRUE,8155003,8155003,FALSE,2000
"2001","A6-Wild5B_119","A6-Wild5B_98",0.0438619922147367,"3R",21338431,21338431,"3R",25371229,25371229,21338431,25371229,TRUE,4032798,4032798,FALSE,2001
"2002","A6-Wild5B_124","A6-Wild5B_98",0.0438619922147367,"3R",27485330,27485331,"3R",25371229,25371229,27485330.5,25371229,TRUE,2114101.5,2114101,FALSE,2002
"2003","A6-Wild5B_70","A6-Wild5B_58",0.0438619922147367,"X",17275315,17275315,"X",3311241,3311241,17275315,3311241,TRUE,13964074,13964074,FALSE,2003
"2004","A6-Wild5B_71","A6-Wild5B_58",0.0438619922147367,"X",4490761,4490761,"X",3311241,3311241,4490761,3311241,TRUE,1179520,1179520,FALSE,2004
"2005","A6-Wild5B_79","A6-Wild5B_58",0.0438619922147367,"X",11176209,11176209,"X",3311241,3311241,11176209,3311241,TRUE,7864968,7864968,FALSE,2005
"2006","A6-Wild5B_70","A6-Wild5B_60",0.0438619922147367,"X",17275315,17275315,"X",5232063,5232063,17275315,5232063,TRUE,12043252,12043252,FALSE,2006
"2007","A6-Wild5B_71","A6-Wild5B_60",0.0438619922147367,"X",4490761,4490761,"X",5232063,5232063,4490761,5232063,TRUE,741302,741302,FALSE,2007
"2008","A6-Wild5B_79","A6-Wild5B_60",0.0438619922147367,"X",11176209,11176209,"X",5232063,5232063,11176209,5232063,TRUE,5944146,5944146,FALSE,2008
"2009","A6-Wild5B_70","A6-Wild5B_68",0.0438619922147367,"X",17275315,17275315,"X",13703301,13703301,17275315,13703301,TRUE,3572014,3572014,FALSE,2009
"2010","A6-Wild5B_71","A6-Wild5B_68",0.0438619922147367,"X",4490761,4490761,"X",13703301,13703301,4490761,13703301,TRUE,9212540,9212540,FALSE,2010
"2011","A6-Wild5B_79","A6-Wild5B_68",0.0438619922147367,"X",11176209,11176209,"X",13703301,13703301,11176209,13703301,TRUE,2527092,2527092,FALSE,2011
"2012","A6-Wild5B_31","A6-Wild5B_28",0.0438935642940613,"2L",15077860,15077860,"2L",11770331,11770331,15077860,11770331,TRUE,3307529,3307529,FALSE,2012
"2013","A6-Wild5B_50","A6-Wild5B_28",0.0438935642940613,"2L",12245969,12245969,"2L",11770331,11770331,12245969,11770331,TRUE,475638,475638,FALSE,2013
"2014","A6-Wild5B_51","A6-Wild5B_28",0.0438935642940613,"2L",14671836,14671836,"2L",11770331,11770331,14671836,11770331,TRUE,2901505,2901505,FALSE,2014
"2015","A6-Wild5B_14","A6-Wild5B_6",0.0438935642940613,"3L",13614883,13614883,"3L",19413146,19413146,13614883,19413146,TRUE,5798263,5798263,FALSE,2015
"2016","A6-Wild5B_101","A6-Wild5B_98",0.0438935642940613,"3R",28754073,28754073,"3R",25371229,25371229,28754073,25371229,TRUE,3382844,3382844,FALSE,2016
"2017","A6-Wild5B_102","A6-Wild5B_98",0.0438935642940613,"3R",28957954,28957954,"3R",25371229,25371229,28957954,25371229,TRUE,3586725,3586725,FALSE,2017
"2018","A6-Wild5B_117","A6-Wild5B_98",0.0438935642940613,"3R",18699956,18699956,"3R",25371229,25371229,18699956,25371229,TRUE,6671273,6671273,FALSE,2018
"2019","A6-Wild5B_125","A6-Wild5B_98",0.0438935642940613,"3R",27856815,27858239,"3R",25371229,25371229,27857527,25371229,TRUE,2486298,2485586,FALSE,2019
"2020","A6-Wild5B_109","A6-Wild5B_107",0.0438935642940613,"3R",13498897,13498897,"3R",10918807,10918807,13498897,10918807,TRUE,2580090,2580090,FALSE,2020
"2021","A6-Wild5B_112","A6-Wild5B_109",0.0438935642940613,"3R",17216226,17216226,"3R",13498897,13498897,17216226,13498897,TRUE,3717329,3717329,FALSE,2021
"2022","A6-Wild5B_119","A6-Wild5B_109",0.0438935642940613,"3R",21338431,21338431,"3R",13498897,13498897,21338431,13498897,TRUE,7839534,7839534,FALSE,2022
"2023","A6-Wild5B_124","A6-Wild5B_109",0.0438935642940613,"3R",27485330,27485331,"3R",13498897,13498897,27485330.5,13498897,TRUE,13986433.5,13986433,FALSE,2023
"2024","A6-Wild5B_75","A6-Wild5B_58",0.0438935642940613,"X",6802665,6802665,"X",3311241,3311241,6802665,3311241,TRUE,3491424,3491424,FALSE,2024
"2025","A6-Wild5B_75","A6-Wild5B_60",0.0438935642940613,"X",6802665,6802665,"X",5232063,5232063,6802665,5232063,TRUE,1570602,1570602,FALSE,2025
"2026","A6-Wild5B_75","A6-Wild5B_68",0.0438935642940613,"X",6802665,6802665,"X",13703301,13703301,6802665,13703301,TRUE,6900636,6900636,FALSE,2026
"2027","A6-Wild5B_49","A6-Wild5B_45",0.0438999810787166,"2L",10442061,10442061,"2L",6316693,6316694,10442061,6316693.5,TRUE,4125367.5,4125367,FALSE,2027
"2028","A6-Wild5B_77","A6-Wild5B_59",0.043901862096507,"X",7620286,7620286,"X",5113101,5113105,7620286,5113103,TRUE,2507183,2507181,FALSE,2028
"2029","A6-Wild5B_77","A6-Wild5B_69",0.043920885673034,"X",7620286,7620286,"X",14960688,14960688,7620286,14960688,TRUE,7340402,7340402,FALSE,2029
"2030","A6-Wild5B_28","A6-Wild5B_22",0.0439251818727474,"2L",11770331,11770331,"2L",262632,262632,11770331,262632,TRUE,11507699,11507699,FALSE,2030
"2031","A6-Wild5B_38","A6-Wild5B_28",0.0439251818727474,"2L",20715244,20715244,"2L",11770331,11770331,20715244,11770331,TRUE,8944913,8944913,FALSE,2031
"2032","A6-Wild5B_41","A6-Wild5B_28",0.0439251818727474,"2L",21783487,21783487,"2L",11770331,11770331,21783487,11770331,TRUE,10013156,10013156,FALSE,2032
"2033","A6-Wild5B_98","A6-Wild5B_89",0.0439251818727474,"3R",25371229,25371229,"3R",4759777,4761207,25371229,4760492,TRUE,20610737,20610022,FALSE,2033
"2034","A6-Wild5B_109","A6-Wild5B_101",0.0439251818727474,"3R",13498897,13498897,"3R",28754073,28754073,13498897,28754073,TRUE,15255176,15255176,FALSE,2034
"2035","A6-Wild5B_109","A6-Wild5B_102",0.0439251818727474,"3R",13498897,13498897,"3R",28957954,28957954,13498897,28957954,TRUE,15459057,15459057,FALSE,2035
"2036","A6-Wild5B_117","A6-Wild5B_109",0.0439251818727474,"3R",18699956,18699956,"3R",13498897,13498897,18699956,13498897,TRUE,5201059,5201059,FALSE,2036
"2037","A6-Wild5B_125","A6-Wild5B_109",0.0439251818727474,"3R",27856815,27858239,"3R",13498897,13498897,27857527,13498897,TRUE,14358630,14357918,FALSE,2037
"2038","A6-Wild5B_74","A6-Wild5B_64",0.0439251818727474,"X",6466846,6466846,"X",10644563,10644563,6466846,10644563,TRUE,4177717,4177717,FALSE,2038
"2039","A6-Wild5B_77","A6-Wild5B_63",0.0439334919311733,"X",7620286,7620286,"X",9440961,9440963,7620286,9440962,TRUE,1820676,1820675,FALSE,2039
"2040","A6-Wild5B_109","A6-Wild5B_89",0.0439568450492546,"3R",13498897,13498897,"3R",4759777,4761207,13498897,4760492,TRUE,8738405,8737690,FALSE,2040
"2041","A6-Wild5B_105","A6-Wild5B_98",0.0439568450492546,"3R",4821131,4821131,"3R",25371229,25371229,4821131,25371229,TRUE,20550098,20550098,FALSE,2041
"2042","A6-Wild5B_85","A6-Wild5B_58",0.0439568450492546,"X",19790921,19790921,"X",3311241,3311241,19790921,3311241,TRUE,16479680,16479680,FALSE,2042
"2043","A6-Wild5B_85","A6-Wild5B_60",0.0439568450492546,"X",19790921,19790921,"X",5232063,5232063,19790921,5232063,TRUE,14558858,14558858,FALSE,2043
"2044","A6-Wild5B_85","A6-Wild5B_68",0.0439568450492546,"X",19790921,19790921,"X",13703301,13703301,19790921,13703301,TRUE,6087620,6087620,FALSE,2044
"2045","A6-Wild5B_82","A6-Wild5B_74",0.0439568450492546,"X",12348619,12348619,"X",6466846,6466846,12348619,6466846,TRUE,5881773,5881773,FALSE,2045
"2046","A6-Wild5B_109","A6-Wild5B_105",0.0439885539223264,"3R",13498897,13498897,"3R",4821131,4821131,13498897,4821131,TRUE,8677766,8677766,FALSE,2046
"2047","A6-Wild5B_74","A6-Wild5B_57",0.044060468509465,"X",6466846,6466846,"X",996839,996839,6466846,996839,TRUE,5470007,5470007,FALSE,2047
"2048","A6-Wild5B_74","A6-Wild5B_65",0.044060468509465,"X",6466846,6466846,"X",11427328,11427328,6466846,11427328,TRUE,4960482,4960482,FALSE,2048
"2049","A6-Wild5B_115","A6-Wild5B_87",0.0441171785432779,"3R",17494003,17494003,"3R",1331799,1331799,17494003,1331799,TRUE,16162204,16162204,FALSE,2049
"2050","A6-Wild5B_114","A6-Wild5B_87",0.0441496525243472,"3R",17271847,17271847,"3R",1331799,1331799,17271847,1331799,TRUE,15940048,15940048,FALSE,2050
"2051","A6-Wild5B_21","A6-Wild5B_5",0.0443259218342616,"3L",23179215,23180642,"3L",13686794,13686795,23179928.5,13686794.5,TRUE,9493134,9492420,FALSE,2051
"2052","A6-Wild5B_21","A6-Wild5B_15",0.0443581664263689,"3L",23179215,23180642,"3L",13686395,13686395,23179928.5,13686395,TRUE,9493533.5,9492820,FALSE,2052
"2053","A6-Wild5B_14","A6-Wild5B_7",0.0445628388835791,"3L",13614883,13614883,"3L",3081513,3081513,13614883,3081513,TRUE,10533370,10533370,FALSE,2053
"2054","A6-Wild5B_35","A6-Wild5B_28",0.044567602398318,"2L",18025740,18025740,"2L",11770331,11770331,18025740,11770331,TRUE,6255409,6255409,FALSE,2054
"2055","A6-Wild5B_113","A6-Wild5B_98",0.044567602398318,"3R",17243575,17243575,"3R",25371229,25371229,17243575,25371229,TRUE,8127654,8127654,FALSE,2055
"2056","A6-Wild5B_64","A6-Wild5B_58",0.044567602398318,"X",10644563,10644563,"X",3311241,3311241,10644563,3311241,TRUE,7333322,7333322,FALSE,2056
"2057","A6-Wild5B_64","A6-Wild5B_60",0.044567602398318,"X",10644563,10644563,"X",5232063,5232063,10644563,5232063,TRUE,5412500,5412500,FALSE,2057
"2058","A6-Wild5B_68","A6-Wild5B_64",0.044567602398318,"X",13703301,13703301,"X",10644563,10644563,13703301,10644563,TRUE,3058738,3058738,FALSE,2058
"2059","A6-Wild5B_42","A6-Wild5B_28",0.0445954296895196,"2L",259124,259126,"2L",11770331,11770331,259125,11770331,TRUE,11511206,11511205,FALSE,2059
"2060","A6-Wild5B_18","A6-Wild5B_14",0.0445954296895196,"3L",18063281,18063281,"3L",13614883,13614883,18063281,13614883,TRUE,4448398,4448398,FALSE,2060
"2061","A6-Wild5B_43","A6-Wild5B_28",0.0445996729081774,"2L",3773642,3773642,"2L",11770331,11770331,3773642,11770331,TRUE,7996689,7996689,FALSE,2061
"2062","A6-Wild5B_14","A6-Wild5B_2",0.0445996729081774,"3L",13614883,13614883,"3L",5841802,5841802,13614883,5841802,TRUE,7773081,7773081,FALSE,2062
"2063","A6-Wild5B_16","A6-Wild5B_14",0.0445996729081774,"3L",17566666,17566666,"3L",13614883,13614883,17566666,13614883,TRUE,3951783,3951783,FALSE,2063
"2064","A6-Wild5B_113","A6-Wild5B_109",0.0445996729081774,"3R",17243575,17243575,"3R",13498897,13498897,17243575,13498897,TRUE,3744678,3744678,FALSE,2064
"2065","A6-Wild5B_82","A6-Wild5B_58",0.0445996729081774,"X",12348619,12348619,"X",3311241,3311241,12348619,3311241,TRUE,9037378,9037378,FALSE,2065
"2066","A6-Wild5B_82","A6-Wild5B_60",0.0445996729081774,"X",12348619,12348619,"X",5232063,5232063,12348619,5232063,TRUE,7116556,7116556,FALSE,2066
"2067","A6-Wild5B_82","A6-Wild5B_68",0.0445996729081774,"X",12348619,12348619,"X",13703301,13703301,12348619,13703301,TRUE,1354682,1354682,FALSE,2067
"2068","A6-Wild5B_115","A6-Wild5B_95",0.0446045326321864,"3R",17494003,17494003,"3R",22164432,22164442,17494003,22164437,TRUE,4670434,4670429,FALSE,2068
"2069","A6-Wild5B_115","A6-Wild5B_111",0.0446045326321864,"3R",17494003,17494003,"3R",14873309,14873309,17494003,14873309,TRUE,2620694,2620694,FALSE,2069
"2070","A6-Wild5B_17","A6-Wild5B_14",0.0446181422737777,"3L",17612244,17612244,"3L",13614883,13614883,17612244,13614883,TRUE,3997361,3997361,FALSE,2070
"2071","A6-Wild5B_14","A6-Wild5B_8",0.0446317896223407,"3L",13614883,13614883,"3L",4001152,4001152,13614883,4001152,TRUE,9613731,9613731,FALSE,2071
"2072","A6-Wild5B_114","A6-Wild5B_95",0.0446366576379936,"3R",17271847,17271847,"3R",22164432,22164442,17271847,22164437,TRUE,4892590,4892585,FALSE,2072
"2073","A6-Wild5B_114","A6-Wild5B_111",0.0446366576379936,"3R",17271847,17271847,"3R",14873309,14873309,17271847,14873309,TRUE,2398538,2398538,FALSE,2073
"2074","A6-Wild5B_81","A6-Wild5B_69",0.0446366576379936,"X",12314203,12314203,"X",14960688,14960688,12314203,14960688,TRUE,2646485,2646485,FALSE,2074
"2075","A6-Wild5B_45","A6-Wild5B_30",0.0446486882248986,"2L",6316693,6316694,"2L",13575158,13575158,6316693.5,13575158,TRUE,7258464.5,7258464,FALSE,2075
"2076","A6-Wild5B_77","A6-Wild5B_62",0.0446486882248986,"X",7620286,7620286,"X",8035110,8035112,7620286,8035111,TRUE,414825,414824,FALSE,2076
"2077","A6-Wild5B_77","A6-Wild5B_67",0.0446486882248986,"X",7620286,7620286,"X",13431448,13431448,7620286,13431448,TRUE,5811162,5811162,FALSE,2077
"2078","A6-Wild5B_77","A6-Wild5B_76",0.0446486882248986,"X",7620286,7620286,"X",6944927,6944927,7620286,6944927,TRUE,675359,675359,FALSE,2078
"2079","A6-Wild5B_78","A6-Wild5B_77",0.0446486882248986,"X",7978988,7978988,"X",7620286,7620286,7978988,7620286,TRUE,358702,358702,FALSE,2079
"2080","A6-Wild5B_83","A6-Wild5B_77",0.0446486882248986,"X",14990159,14990159,"X",7620286,7620286,14990159,7620286,TRUE,7369873,7369873,FALSE,2080
"2081","A6-Wild5B_14","A6-Wild5B_3",0.0446639526407645,"3L",13614883,13614883,"3L",9319648,9319648,13614883,9319648,TRUE,4295235,4295235,FALSE,2081
"2082","A6-Wild5B_14","A6-Wild5B_10",0.0446639526407645,"3L",13614883,13614883,"3L",5716940,5716940,13614883,5716940,TRUE,7897943,7897943,FALSE,2082
"2083","A6-Wild5B_98","A6-Wild5B_94",0.0447042293438692,"3R",25371229,25371229,"3R",20782843,20782843,25371229,20782843,TRUE,4588386,4588386,FALSE,2083
"2084","A6-Wild5B_120","A6-Wild5B_98",0.0447042293438692,"3R",22494566,22494566,"3R",25371229,25371229,22494566,25371229,TRUE,2876663,2876663,FALSE,2084
"2085","A6-Wild5B_58","A6-Wild5B_57",0.0447042293438692,"X",3311241,3311241,"X",996839,996839,3311241,996839,TRUE,2314402,2314402,FALSE,2085
"2086","A6-Wild5B_60","A6-Wild5B_57",0.0447042293438692,"X",5232063,5232063,"X",996839,996839,5232063,996839,TRUE,4235224,4235224,FALSE,2086
"2087","A6-Wild5B_68","A6-Wild5B_57",0.0447042293438692,"X",13703301,13703301,"X",996839,996839,13703301,996839,TRUE,12706462,12706462,FALSE,2087
"2088","A6-Wild5B_65","A6-Wild5B_58",0.0447042293438692,"X",11427328,11427328,"X",3311241,3311241,11427328,3311241,TRUE,8116087,8116087,FALSE,2088
"2089","A6-Wild5B_65","A6-Wild5B_60",0.0447042293438692,"X",11427328,11427328,"X",5232063,5232063,11427328,5232063,TRUE,6195265,6195265,FALSE,2089
"2090","A6-Wild5B_68","A6-Wild5B_65",0.0447042293438692,"X",13703301,13703301,"X",11427328,11427328,13703301,11427328,TRUE,2275973,2275973,FALSE,2090
"2091","A6-Wild5B_28","A6-Wild5B_23",0.0447364972181177,"2L",11770331,11770331,"2L",2003771,2003771,11770331,2003771,TRUE,9766560,9766560,FALSE,2091
"2092","A6-Wild5B_55","A6-Wild5B_28",0.0447364972181177,"2L",18286654,18286654,"2L",11770331,11770331,18286654,11770331,TRUE,6516323,6516323,FALSE,2092
"2093","A6-Wild5B_14","A6-Wild5B_11",0.0447364972181177,"3L",13614883,13614883,"3L",8894574,8894574,13614883,8894574,TRUE,4720309,4720309,FALSE,2093
"2094","A6-Wild5B_19","A6-Wild5B_14",0.0447364972181177,"3L",20713459,20713459,"3L",13614883,13614883,20713459,13614883,TRUE,7098576,7098576,FALSE,2094
"2095","A6-Wild5B_20","A6-Wild5B_14",0.0447364972181177,"3L",22204693,22204693,"3L",13614883,13614883,22204693,13614883,TRUE,8589810,8589810,FALSE,2095
"2096","A6-Wild5B_109","A6-Wild5B_94",0.0447364972181177,"3R",13498897,13498897,"3R",20782843,20782843,13498897,20782843,TRUE,7283946,7283946,FALSE,2096
"2097","A6-Wild5B_118","A6-Wild5B_98",0.0447364972181177,"3R",20778651,20778651,"3R",25371229,25371229,20778651,25371229,TRUE,4592578,4592578,FALSE,2097
"2098","A6-Wild5B_120","A6-Wild5B_109",0.0447364972181177,"3R",22494566,22494566,"3R",13498897,13498897,22494566,13498897,TRUE,8995669,8995669,FALSE,2098
"2099","A6-Wild5B_40","A6-Wild5B_28",0.0447688117247884,"2L",21078116,21078116,"2L",11770331,11770331,21078116,11770331,TRUE,9307785,9307785,FALSE,2099
"2100","A6-Wild5B_46","A6-Wild5B_28",0.0447688117247884,"2L",7934109,7934109,"2L",11770331,11770331,7934109,11770331,TRUE,3836222,3836222,FALSE,2100
"2101","A6-Wild5B_98","A6-Wild5B_90",0.0447688117247884,"3R",25371229,25371229,"3R",10496725,10496725,25371229,10496725,TRUE,14874504,14874504,FALSE,2101
"2102","A6-Wild5B_118","A6-Wild5B_109",0.0447688117247884,"3R",20778651,20778651,"3R",13498897,13498897,20778651,13498897,TRUE,7279754,7279754,FALSE,2102
"2103","A6-Wild5B_109","A6-Wild5B_90",0.0448011729650778,"3R",13498897,13498897,"3R",10496725,10496725,13498897,10496725,TRUE,3002172,3002172,FALSE,2103
"2104","A6-Wild5B_80","A6-Wild5B_69",0.0448953338483283,"X",11420634,11420634,"X",14960688,14960688,11420634,14960688,TRUE,3540054,3540054,FALSE,2104
"2105","A6-Wild5B_36","A6-Wild5B_28",0.0453639308781645,"2L",19629864,19629864,"2L",11770331,11770331,19629864,11770331,TRUE,7859533,7859533,FALSE,2105
"2106","A6-Wild5B_110","A6-Wild5B_98",0.0453639308781645,"3R",14096156,14096156,"3R",25371229,25371229,14096156,25371229,TRUE,11275073,11275073,FALSE,2106
"2107","A6-Wild5B_45","A6-Wild5B_24",0.04539663152069,"2L",6316693,6316694,"2L",6587078,6587081,6316693.5,6587079.5,TRUE,270386,270384,FALSE,2107
"2108","A6-Wild5B_45","A6-Wild5B_32",0.04539663152069,"2L",6316693,6316694,"2L",15142559,15142559,6316693.5,15142559,TRUE,8825865.5,8825865,FALSE,2108
"2109","A6-Wild5B_45","A6-Wild5B_37",0.04539663152069,"2L",6316693,6316694,"2L",19890229,19890229,6316693.5,19890229,TRUE,13573535.5,13573535,FALSE,2109
"2110","A6-Wild5B_48","A6-Wild5B_45",0.04539663152069,"2L",9564503,9564503,"2L",6316693,6316694,9564503,6316693.5,TRUE,3247809.5,3247809,FALSE,2110
"2111","A6-Wild5B_52","A6-Wild5B_45",0.04539663152069,"2L",14887432,14887432,"2L",6316693,6316694,14887432,6316693.5,TRUE,8570738.5,8570738,FALSE,2111
"2112","A6-Wild5B_53","A6-Wild5B_45",0.04539663152069,"2L",15931742,15931742,"2L",6316693,6316694,15931742,6316693.5,TRUE,9615048.5,9615048,FALSE,2112
"2113","A6-Wild5B_110","A6-Wild5B_109",0.04539663152069,"3R",14096156,14096156,"3R",13498897,13498897,14096156,13498897,TRUE,597259,597259,FALSE,2113
"2114","A6-Wild5B_45","A6-Wild5B_26",0.0454293793595846,"2L",6316693,6316694,"2L",10933389,10933389,6316693.5,10933389,TRUE,4616695.5,4616695,FALSE,2114
"2115","A6-Wild5B_45","A6-Wild5B_29",0.0454293793595846,"2L",6316693,6316694,"2L",12325056,12325056,6316693.5,12325056,TRUE,6008362.5,6008362,FALSE,2115
"2116","A6-Wild5B_45","A6-Wild5B_44",0.0454293793595846,"2L",6316693,6316694,"2L",6115657,6115657,6316693.5,6115657,TRUE,201036.5,201036,FALSE,2116
"2117","A6-Wild5B_45","A6-Wild5B_27",0.0454621744971376,"2L",6316693,6316694,"2L",11155310,11155311,6316693.5,11155310.5,TRUE,4838617,4838616,FALSE,2117
"2118","A6-Wild5B_45","A6-Wild5B_33",0.0454621744971376,"2L",6316693,6316694,"2L",17080016,17080016,6316693.5,17080016,TRUE,10763322.5,10763322,FALSE,2118
"2119","A6-Wild5B_21","A6-Wild5B_1",0.0458164746628379,"3L",23179215,23180642,"3L",5280021,5280021,23179928.5,5280021,TRUE,17899907.5,17899194,FALSE,2119
"2120","A6-Wild5B_21","A6-Wild5B_12",0.0458164746628379,"3L",23179215,23180642,"3L",9169049,9169049,23179928.5,9169049,TRUE,14010879.5,14010166,FALSE,2120
"2121","A6-Wild5B_21","A6-Wild5B_13",0.0458164746628379,"3L",23179215,23180642,"3L",10006312,10006312,23179928.5,10006312,TRUE,13173616.5,13172903,FALSE,2121
"2122","A6-Wild5B_45","A6-Wild5B_28",0.0468853458455462,"2L",6316693,6316694,"2L",11770331,11770331,6316693.5,11770331,TRUE,5453637.5,5453637,FALSE,2122
"2123","A6-Wild5B_81","A6-Wild5B_74",0.0469531086972849,"X",12314203,12314203,"X",6466846,6466846,12314203,6466846,TRUE,5847357,5847357,FALSE,2123
"2124","A6-Wild5B_77","A6-Wild5B_74",0.0469772973450797,"X",7620286,7620286,"X",6466846,6466846,7620286,6466846,TRUE,1153440,1153440,FALSE,2124
"2125","A6-Wild5B_80","A6-Wild5B_74",0.0472261310323874,"X",11420634,11420634,"X",6466846,6466846,11420634,6466846,TRUE,4953788,4953788,FALSE,2125
"2126","A6-Wild5B_115","A6-Wild5B_98",0.0475914544596623,"3R",17494003,17494003,"3R",25371229,25371229,17494003,25371229,TRUE,7877226,7877226,FALSE,2126
"2127","A6-Wild5B_81","A6-Wild5B_58",0.0475914544596623,"X",12314203,12314203,"X",3311241,3311241,12314203,3311241,TRUE,9002962,9002962,FALSE,2127
"2128","A6-Wild5B_81","A6-Wild5B_60",0.0475914544596623,"X",12314203,12314203,"X",5232063,5232063,12314203,5232063,TRUE,7082140,7082140,FALSE,2128
"2129","A6-Wild5B_81","A6-Wild5B_68",0.0475914544596623,"X",12314203,12314203,"X",13703301,13703301,12314203,13703301,TRUE,1389098,1389098,FALSE,2129
"2130","A6-Wild5B_114","A6-Wild5B_98",0.047625810544652,"3R",17271847,17271847,"3R",25371229,25371229,17271847,25371229,TRUE,8099382,8099382,FALSE,2130
"2131","A6-Wild5B_115","A6-Wild5B_109",0.047625810544652,"3R",17494003,17494003,"3R",13498897,13498897,17494003,13498897,TRUE,3995106,3995106,FALSE,2131
"2132","A6-Wild5B_77","A6-Wild5B_58",0.0476507322124059,"X",7620286,7620286,"X",3311241,3311241,7620286,3311241,TRUE,4309045,4309045,FALSE,2132
"2133","A6-Wild5B_77","A6-Wild5B_60",0.0476507322124059,"X",7620286,7620286,"X",5232063,5232063,7620286,5232063,TRUE,2388223,2388223,FALSE,2133
"2134","A6-Wild5B_77","A6-Wild5B_68",0.0476507322124059,"X",7620286,7620286,"X",13703301,13703301,7620286,13703301,TRUE,6083015,6083015,FALSE,2134
"2135","A6-Wild5B_114","A6-Wild5B_109",0.047660216288795,"3R",17271847,17271847,"3R",13498897,13498897,17271847,13498897,TRUE,3772950,3772950,FALSE,2135
"2136","A6-Wild5B_80","A6-Wild5B_58",0.0479024560479396,"X",11420634,11420634,"X",3311241,3311241,11420634,3311241,TRUE,8109393,8109393,FALSE,2136
"2137","A6-Wild5B_80","A6-Wild5B_60",0.0479024560479396,"X",11420634,11420634,"X",5232063,5232063,11420634,5232063,TRUE,6188571,6188571,FALSE,2137
"2138","A6-Wild5B_80","A6-Wild5B_68",0.0479024560479396,"X",11420634,11420634,"X",13703301,13703301,11420634,13703301,TRUE,2282667,2282667,FALSE,2138
"2139","A6-Wild5B_21","A6-Wild5B_14",0.04810238980967,"3L",23179215,23180642,"3L",13614883,13614883,23179928.5,13614883,TRUE,9565045.5,9564332,FALSE,2139
"2140","A6-Wild5B_136","A6-Wild5B_130",0.0521323014601442,"2R",5309166,5310613,"2R",13543833,13543833,5309889.5,13543833,TRUE,8233943.5,8233220,FALSE,2140
"2141","A6-Wild5B_136","A6-Wild5B_135",0.0535674571275272,"2R",5309166,5310613,"2R",25105373,25105373,5309889.5,25105373,TRUE,19795483.5,19794760,FALSE,2141
"2142","A6-Wild5B_140","A6-Wild5B_136",0.0535674571275272,"2R",8301454,8301454,"2R",5309166,5310613,8301454,5309889.5,TRUE,2991564.5,2990841,FALSE,2142
"2143","A6-Wild5B_145","A6-Wild5B_136",0.0543928249802305,"2R",19518677,19518677,"2R",5309166,5310613,19518677,5309889.5,TRUE,14208787.5,14208064,FALSE,2143
"2144","A6-Wild5B_143","A6-Wild5B_136",0.0550613797524703,"2R",14518122,14518122,"2R",5309166,5310613,14518122,5309889.5,TRUE,9208232.5,9207509,FALSE,2144
"2145","A6-Wild5B_144","A6-Wild5B_136",0.0550613797524703,"2R",15722342,15722427,"2R",5309166,5310613,15722384.5,5309889.5,TRUE,10412495,10411729,FALSE,2145
"2146","A6-Wild5B_130","A6-Wild5B_127",0.0589578021335345,"2R",13543833,13543833,"2R",589337,590755,13543833,590046,TRUE,12953787,12953078,FALSE,2146
"2147","A6-Wild5B_135","A6-Wild5B_127",0.0612261248913468,"2R",25105373,25105373,"2R",589337,590755,25105373,590046,TRUE,24515327,24514618,FALSE,2147
"2148","A6-Wild5B_140","A6-Wild5B_127",0.0612261248913468,"2R",8301454,8301454,"2R",589337,590755,8301454,590046,TRUE,7711408,7710699,FALSE,2148
"2149","A6-Wild5B_143","A6-Wild5B_127",0.0627538771396564,"2R",14518122,14518122,"2R",589337,590755,14518122,590046,TRUE,13928076,13927367,FALSE,2149
"2150","A6-Wild5B_144","A6-Wild5B_127",0.0627538771396564,"2R",15722342,15722427,"2R",589337,590755,15722384.5,590046,TRUE,15132338.5,15131587,FALSE,2150
"2151","A6-Wild5B_145","A6-Wild5B_127",0.0627538771396564,"2R",19518677,19518677,"2R",589337,590755,19518677,590046,TRUE,18928631,18927922,FALSE,2151
