sequence_id	superfamily	classification	length	original_header
Academ-1_Testu_tp	Academ	DNA/Academ-1	1591	Academ-1_Testu_tp#DNA/Academ-1  Dfam:DF0004380 cds_range:651-5424 [Testudines]
Academ-2_Testu_tp	Academ	DNA/Academ-1	1654	Academ-2_Testu_tp#DNA/Academ-1  Dfam:DF0004381 cds_range:917-5879 [Testudines]
UN-AcademH-2_PGr_p1	Academ	DNA/Academ-H	913	UN-AcademH-2_PGr_p1#DNA/Academ-H   via genewise with 4 introns (861:924, 1399:1481, 2522:2583, 3107:3169) [Puccinia graminis]
UN-AcademH-3_PGr_p1	Academ	DNA/Academ-H	906	UN-AcademH-3_PGr_p1#DNA/Academ-H   via genewise with 3 introns (793:867, 2357:2423, 2953:3022) [Puccinia graminis]
UN-AcademH-6_PGr_p1	Academ	DNA/Academ-H	919	UN-AcademH-6_PGr_p1#DNA/Academ-H   via genewise with 3 introns (1632:1699, 3175:3239, 3769:3839) [Puccinia graminis]
Academ-1_AMi_tp	Academ	DNA/Academ-1	1571	Academ-1_AMi_tp#DNA/Academ-1 RBRM:Academ-1_AMi frameshifts:1 stops:1 cds_range:463-5175 via tfasty with Academ-1_NV_tp [Crocodylia]
Academ-1_AP_tp	Academ	DNA/Academ-1	1471	Academ-1_AP_tp#DNA/Academ-1 RBRM:Academ-1_AP stops:1 cds_range:1919-6332 via tfasty with Academ-1_NV_tp [Acyrthosiphon pisum]
Academ-1_CGi_tp	Academ	DNA/Academ-1	1352	Academ-1_CGi_tp#DNA/Academ-1 RBRM:Academ-1_CGi cds_range:1100-5156 [Crassostrea gigas]
Academ-1_CSa_tp	Academ	DNA/Academ-1	1534	Academ-1_CSa_tp#DNA/Academ-1 RBRM:Academ-1_CSa cds_range:1271-6114 exons:1271-4968;5058-5406;5467-5675;5765-6114 via genewise with Academ-1_AP_tp#DNA/Academ [Ciona savignyi]
Academ-1_CTe_tp	Academ	DNA/Academ-1	1035	Academ-1_CTe_tp#DNA/Academ-1 RBRM:Academ-1_CTe frameshifts:4 stops:5 cds_range:821-3924 via tfasty with Academ-1_AP [Capitella teleta]
Academ-1_DPu_tp	Academ	DNA/Academ-1	1367	Academ-1_DPu_tp#DNA/Academ-1 RBRM:Academ-1_DPu frameshifts:2 stops:1 cds_range:532-5460 exons:532-877;940-1524;1581-1931;1978-2535;3084-3570;3626-5185;5243-5460 via genewise with Academ-1_AP_tp#DNA/Academ, Probably misses first exon. [Daphnia pulex]
Academ-1_GA_tp	Academ	DNA/Academ-1	1232	Academ-1_GA_tp#DNA/Academ-1 RBRM:Academ-1_GA frameshifts:5 stops:7 cds_range:538-4231 via tfasty with Academ-1_SP_tp [Gasterosteus aculeatus]
Academ-1_HM_tp	Academ	DNA/Academ-1	1459	Academ-1_HM_tp#DNA/Academ-1 RBRM:Academ-1_HM frameshifts:3 cds_range:948-6333 exons:948-2683;2876-3119;3358-3644;3830-4071;4217-5461;5706-6333 via genewise with Academ-1_SP_tp#DNA/Academ [Hydra vulgaris]
Academ-1_NV_tp	Academ	DNA/Academ-1	1581	Academ-1_NV_tp#DNA/Academ-1 RBRM:Academ-1_NV stops:1 cds_range:898-5641 via tfasty with Academ-1_SP_tp [Nematostella vectensis]
Academ-1_SP_tp	Academ	DNA/Academ-1	1522	Academ-1_SP_tp#DNA/Academ-1 RBRM:Academ-1_SP cds_range:2061-6627 [Strongylocentrotus purpuratus]
Academ-2_CCri_2p	Academ	DNA/Academ-1	384	Academ-2_CCri_2p#DNA/Academ-1 RBRM:Academ-2_CCri rev:1 cds_range:7668-6516 [Chondrus crispus]
Academ-2_SK_tp	Academ	DNA/Academ-1	1312	Academ-2_SK_tp#DNA/Academ-1 RBRM:Academ-2_SK cds_range:1379-5811 exons:1379-1639;1911-3663;3771-4110;4226-5811 via genewise with Academ-1_AP_tp [Saccoglossus kowalevskii]
Academ-3_CCri_2p	Academ	DNA/Academ-1	370	Academ-3_CCri_2p#DNA/Academ-1 RBRM:Academ-3_CCri rev:1 cds_range:7546-6436 [Chondrus crispus]
Academ-4_CCri_2p	Academ	DNA/Academ-1	337	Academ-4_CCri_2p#DNA/Academ-1 RBRM:Academ-4_CCri rev:1 cds_range:7643-6632 [Chondrus crispus]
Academ-4_SK_tp	Academ	DNA/Academ-1	1377	Academ-4_SK_tp#DNA/Academ-1 RBRM:Academ-4_SK cds_range:2315-6446 [Saccoglossus kowalevskii]
Academ-5_CCri_2p	Academ	DNA/Academ-1	341	Academ-5_CCri_2p#DNA/Academ-1 RBRM:Academ-5_CCri rev:1 cds_range:7663-6640 [Chondrus crispus]
Academ-5_SK_tp	Academ	DNA/Academ-1	1529	Academ-5_SK_tp#DNA/Academ-1 RBRM:Academ-5_SK stops:4 cds_range:524-5111 via tfasty with Academ-1_CSa_tp [Saccoglossus kowalevskii]
Academ-6_CCri_2p	Academ	DNA/Academ-1	346	Academ-6_CCri_2p#DNA/Academ-1 RBRM:Academ-6_CCri rev:1 cds_range:7753-6715 [Chondrus crispus]
Academ-7_CCri_2p	Academ	DNA/Academ-1	324	Academ-7_CCri_2p#DNA/Academ-1 RBRM:Academ-7_CCri rev:1 cds_range:8135-7163 [Chondrus crispus]
Academ-7_SK_tp	Academ	DNA/Academ-1	1360	Academ-7_SK_tp#DNA/Academ-1 RBRM:Academ-7_SK cds_range:2497-6577 [Saccoglossus kowalevskii]
Academ-9_CCri_2p	Academ	DNA/Academ-1	270	Academ-9_CCri_2p#DNA/Academ-1 RBRM:Academ-9_CCri rev:1 cds_range:7675-6865 [Chondrus crispus]
Academ-11_CCri_2p	Academ	DNA/Academ-1	342	Academ-11_CCri_2p#DNA/Academ-1 RBRM:Academ-11_CCri rev:1 cds_range:7658-6632 [Chondrus crispus]
Academ-1_PGr_p1	Academ	DNA/Academ-H	886	Academ-1_PGr_p1#DNA/Academ-H RBRM:Academ-1_PGr frameshifts:2 cds_range:412-3428 exons:412-459;603-831;899-2371;2448-2977;3043-3428 via genewise with AcademH-3_PGr_p1 [Puccinia graminis]
AcademH-4_PGr_p1	Academ	DNA/Academ-H	894	AcademH-4_PGr_p1#DNA/Academ-H RBRM:AcademH-4_PGr frameshifts:2 cds_range:529-3437 exons:529-810;894-2357;2425-2954;3031-3437 via genewise with AcademH-6_PGr_p1 [Puccinia graminis]
AcademH-5_PGr_p1	Academ	DNA/Academ-H	888	AcademH-5_PGr_p1#DNA/Academ-H RBRM:AcademH-5_PGr frameshifts:2 cds_range:125-3020 exons:125-373;465-1922;1991-2520;2587-3020 via genewise with AcademH-4_PGr_p1 [Puccinia graminis]
Academ-2_CGi_p1	Academ	DNA/Academ-2	984	Academ-2_CGi_p1#DNA/Academ-2 RBRM:Academ-2_CGi cds_range:176-5110 exons:176-751;1646-2114;2319-2507;2924-3225;3323-3450;3583-3714;3948-5110 Genscan prediction, 4103-5110 [Crassostrea gigas]
Chapaev-1_CE	CMC-Chapaev	DNA/CMC-Chapaev	798	Chapaev-1_CE#DNA/CMC-Chapaev  Dfam:DF0001399 frameshifts:1 cds_range:1076-3814 exons:1076-1366;1711-3814 via genewise with Chapaev-2_CE [Caenorhabditis elegans]
Chapaev-2_CE	CMC-Chapaev	DNA/CMC-Chapaev	824	Chapaev-2_CE#DNA/CMC-Chapaev  Dfam:DF0001514 cds_range:1555-4027 [Caenorhabditis elegans]
Chapaev-1_AA	CMC-Chapaev	DNA/CMC-Chapaev	679	Chapaev-1_AA#DNA/CMC-Chapaev RBRM:Chapaev-1_AA cds_range:623-2726 exons:623-2335;2401-2726 via genewise with Chapaev-2_HM [Aedes aegypti]
Chapaev-1_ACa	CMC-Chapaev	DNA/CMC-Chapaev	938	Chapaev-1_ACa#DNA/CMC-Chapaev RBRM:Chapaev-1_ACa cds_range:726-3540 [Aplysia californica]
Chapaev-1_BF	CMC-Chapaev	DNA/CMC-Chapaev	1081	Chapaev-1_BF#DNA/CMC-Chapaev RBRM:Chapaev-1_BF cds_range:1040-5568 exons:1040-2233;2473-2757;2869-3097;3297-3537;3645-3737;3856-4068;4182-4554;4691-4832;4963-5168;5292-5568 GENSCAN_predicted_peptide_1|1081_aa [Branchiostoma floridae]
Chapaev-1_HM	CMC-Chapaev	DNA/CMC-Chapaev	654	Chapaev-1_HM#DNA/CMC-Chapaev RBRM:Chapaev-1_HM cds_range:376-2433 exons:376-961;1056-2433 (One Genscan-predicted intron) [Hydra vulgaris]
Chapaev-2_ACa	CMC-Chapaev	DNA/CMC-Chapaev	946	Chapaev-2_ACa#DNA/CMC-Chapaev RBRM:Chapaev-2_ACa cds_range:604-3442 [Aplysia californica]
Chapaev-2_BF	CMC-Chapaev	DNA/CMC-Chapaev	1107	Chapaev-2_BF#DNA/CMC-Chapaev RBRM:Chapaev-2_BF cds_range:810-5203 exons:810-2000;2211-2495;2601-2820;2934-3171;3282-3371;3466-3675;3768-4140;4246-4450;4534-4739;4891-5203 GENSCAN_predicted_peptide_1|1036_aa [Branchiostoma floridae]
Chapaev-2_HM	CMC-Chapaev	DNA/CMC-Chapaev	679	Chapaev-2_HM#DNA/CMC-Chapaev RBRM:Chapaev-2_HM cds_range:772-2916 exons:772-1414;1521-2916 (One Genscan-predicted intron) [Hydra vulgaris]
Chapaev-3_ACa	CMC-Chapaev	DNA/CMC-Chapaev	999	Chapaev-3_ACa#DNA/CMC-Chapaev RBRM:Chapaev-3_ACa cds_range:544-3541 [Aplysia californica]
Chapaev-3_HM	CMC-Chapaev	DNA/CMC-Chapaev	864	Chapaev-3_HM#DNA/CMC-Chapaev RBRM:Chapaev-3_HM cds_range:450-4857 exons:450-1391;1940-2170;2553-2793;2902-2979;3066-3272;3379-3709;3800-3956;4131-4327;4641-4857 ( predicted by genewise using Chapaev-3B_HM) [Hydra vulgaris]
Chapaev-3A_HM	CMC-Chapaev	DNA/CMC-Chapaev	898	Chapaev-3A_HM#DNA/CMC-Chapaev RBRM:Chapaev-3A_HM cds_range:450-5517 exons:450-1361;1910-2113;2302-2542;2652-2729;2835-3041;4073-4419;4539-4717;4809-5042;5217-5517 (; predicted by genewise using Chapaev-2_BF; added large first exon, first intron predicted by Genscan) [Hydra vulgaris]
Chapaev-3B_HM	CMC-Chapaev	DNA/CMC-Chapaev	874	Chapaev-3B_HM#DNA/CMC-Chapaev RBRM:Chapaev-3B_HM stops:1 cds_range:455-4410 exons:455-1381;1843-2070;2163-2403;2489-2566;2685-2891;3061-3434;3511-3651;3871-4069;4175-4410 ( predicted by genewise using Chapaev-3A_HM) [Hydra vulgaris]
Chapaev-4_HM	CMC-Chapaev	DNA/CMC-Chapaev	871	Chapaev-4_HM#DNA/CMC-Chapaev RBRM:Chapaev-4_HM cds_range:461-4666 exons:461-1356;1980-2193;2306-2546;2637-2714;2866-3072;3161-3491;3654-3856;4009-4190;4397-4666 ( predicted by genewise using Chapaev-3B_HM) [Hydra vulgaris]
Chapaev-5_HM	CMC-Chapaev	DNA/CMC-Chapaev	687	Chapaev-5_HM#DNA/CMC-Chapaev RBRM:Chapaev-5_HM cds_range:546-2607 [Hydra vulgaris]
Chapaev-5_HMa	CMC-Chapaev	DNA/CMC-Chapaev	660	Chapaev-5_HMa#DNA/CMC-Chapaev RBRM:Chapaev-5_HMa cds_range:360-2418 exons:360-945;1023-2418 via genewise with Chapaev-16_HM [Hydra vulgaris]
Chapaev-6_HM	CMC-Chapaev	DNA/CMC-Chapaev	907	Chapaev-6_HM#DNA/CMC-Chapaev RBRM:Chapaev-6_HM cds_range:465-4883 exons:465-1426;1919-2132;2258-2498;2687-2764;2871-3071;3233-3563;3724-3883;4122-4315;4535-4883 ( predicted by genewise using Chapaev-3B_HM) [Hydra vulgaris]
Chapaev-7_HM	CMC-Chapaev	DNA/CMC-Chapaev	890	Chapaev-7_HM#DNA/CMC-Chapaev RBRM:Chapaev-7_HM cds_range:461-4429 exons:461-1381;1859-2116;2235-2475;2555-2632;2773-2982;3064-3394;3522-3678;3804-3992;4136-4429 ( predicted by genewise using Chapaev-3B_HM) [Hydra vulgaris]
Chapaev-8_HM	CMC-Chapaev	DNA/CMC-Chapaev	899	Chapaev-8_HM#DNA/CMC-Chapaev RBRM:Chapaev-8_HM frameshifts:1 cds_range:674-5660 exons:674-1724;2177-2358;2526-2769;2949-3026;3468-3671;3758-4101;4498-4657;5076-5269;5411-5660 ( predicted by genewise using Chapaev-3B_HM) [Hydra vulgaris]
Chapaev-9_HM	CMC-Chapaev	DNA/CMC-Chapaev	487	Chapaev-9_HM#DNA/CMC-Chapaev RBRM:Chapaev-9_HM cds_range:1065-2526 [Hydra vulgaris]
Chapaev-10_HM	CMC-Chapaev	DNA/CMC-Chapaev	543	Chapaev-10_HM#DNA/CMC-Chapaev RBRM:Chapaev-10_HM cds_range:867-2496 (fragment) [Hydra vulgaris]
Chapaev-11_HM	CMC-Chapaev	DNA/CMC-Chapaev	565	Chapaev-11_HM#DNA/CMC-Chapaev RBRM:Chapaev-11_HM cds_range:857-2626 exons:857-1060;1134-2626 Via genewise with Chapaev-10_HM (1 intron, N-terminus missing) [Hydra vulgaris]
Chapaev-12_HM	CMC-Chapaev	DNA/CMC-Chapaev	615	Chapaev-12_HM#DNA/CMC-Chapaev RBRM:Chapaev-12_HM cds_range:2061-4219 exons:2061-3286;3599-4219 Via genewise with Chapaev-3_ACa [Hydra vulgaris]
Chapaev-13_HM	CMC-Chapaev	DNA/CMC-Chapaev	695	Chapaev-13_HM#DNA/CMC-Chapaev RBRM:Chapaev-13_HM cds_range:317-2462 exons:317-1010;1070-2462 Via genewise with Chapaev-2_HM (1 59 bp intron) [Hydra vulgaris]
Chapaev-14_HM	CMC-Chapaev	DNA/CMC-Chapaev	659	Chapaev-14_HM#DNA/CMC-Chapaev RBRM:Chapaev-14_HM frameshifts:1 cds_range:1329-3505 exons:1329-1911;2111-3505 via genewise with Chapaev-2_HM [Hydra vulgaris]
Chapaev-15_HM	CMC-Chapaev	DNA/CMC-Chapaev	654	Chapaev-15_HM#DNA/CMC-Chapaev RBRM:Chapaev-15_HM frameshifts:2 stops:1 cds_range:501-2540 exons:501-1083;1158-2540 via genewise with Chapaev-2_HM [Hydra vulgaris]
Chapaev-16_HM	CMC-Chapaev	DNA/CMC-Chapaev	656	Chapaev-16_HM#DNA/CMC-Chapaev RBRM:Chapaev-16_HM cds_range:513-2584 exons:513-1095;1198-2584 via genewise with Chapaev-1_HM [Hydra vulgaris]
Chapaev-17_HM	CMC-Chapaev	DNA/CMC-Chapaev	715	Chapaev-17_HM#DNA/CMC-Chapaev RBRM:Chapaev-17_HM frameshifts:1 stops:6 cds_range:749-2893 via tfasty with Chapaev-1_HM (potenitally a damaged intron missed). [Hydra vulgaris]
Chapaev-18_HM	CMC-Chapaev	DNA/CMC-Chapaev	667	Chapaev-18_HM#DNA/CMC-Chapaev RBRM:Chapaev-18_HM cds_range:449-2659 exons:449-1055;1264-2659 via genewise with Chapaev-13_HM [Hydra vulgaris]
Chapaev-19_HM	CMC-Chapaev	DNA/CMC-Chapaev	647	Chapaev-19_HM#DNA/CMC-Chapaev RBRM:Chapaev-19_HM frameshifts:1 cds_range:368-2383 exons:368-950;1023-2383 via genewise with Chapaev-16_HM#DNA/Chapaev [Hydra vulgaris]
Chapaev-21_HM	CMC-Chapaev	DNA/CMC-Chapaev	651	Chapaev-21_HM#DNA/CMC-Chapaev RBRM:Chapaev-21_HM frameshifts:2 cds_range:429-2446 exons:429-1013;1080-2446 via genewise with Chapaev-1_HM#DNA/Chapaev [Hydra vulgaris]
Chapaev3-1_AA	CMC-Chapaev	DNA/CMC-Chapaev-3	590	Chapaev3-1_AA#DNA/CMC-Chapaev-3 RBRM:Chapaev3-1_AA cds_range:1524-3294 [Aedes aegypti]
Chapaev3-1_AC	CMC-Chapaev	DNA/CMC-Chapaev-3	479	Chapaev3-1_AC#DNA/CMC-Chapaev-3 RBRM:Chapaev3-1_AC frameshifts:1 stops:1 cds_range:233-1671 via tfasty with Chapaev3-1_AA (may contain a 100 bp intron, but stopcodon (small x) is within conserved translated region and no proper donor site can be found) [Anolis carolinensis]
Chapaev3-1_DA	CMC-Chapaev	DNA/CMC-Chapaev-3	554	Chapaev3-1_DA#DNA/CMC-Chapaev-3 RBRM:Chapaev3-1_DA cds_range:909-2640 exons:909-2322;2391-2640 (One Genscan-predicted intron) [Drosophila ananassae]
Chapaev3-1_DW	CMC-Chapaev	DNA/CMC-Chapaev-3	537	Chapaev3-1_DW#DNA/CMC-Chapaev-3 RBRM:Chapaev3-1_DW frameshifts:4 stops:1 cds_range:978-2587 via tfasty with Chapaev3-1_AA [Drosophila willistoni]
Chapaev3-1_ET	CMC-Chapaev	DNA/CMC-Chapaev-3	453	Chapaev3-1_ET#DNA/CMC-Chapaev-3 RBRM:Chapaev3-1_ET cds_range:218-1577 [Echinops telfairi]
Chapaev3-1_HM	CMC-Chapaev	DNA/CMC-Chapaev-3	558	Chapaev3-1_HM#DNA/CMC-Chapaev-3 RBRM:Chapaev3-3_PM cds_range:208-1882 [Hydra magnipapillata]
Chapaev3-1_HR	CMC-Chapaev	DNA/CMC-Chapaev-3	559	Chapaev3-1_HR#DNA/CMC-Chapaev-3 RBRM:Chapaev3-1_HR frameshifts:1 cds_range:459-2135 via tfasty with Chapaev3-1_AA [Helobdella robusta]
Chapaev3-1_NVi	CMC-Chapaev	DNA/CMC-Chapaev-3	583	Chapaev3-1_NVi#DNA/CMC-Chapaev-3 RBRM:Chapaev3-1_NVi stops:1 cds_range:1014-2763 via tfasty with Chapaev3-1_AA [Nasonia vitripennis]
Chapaev3-1_OL	CMC-Chapaev	DNA/CMC-Chapaev-3	459	Chapaev3-1_OL#DNA/CMC-Chapaev-3 RBRM:Chapaev3-1_OL frameshifts:2 cds_range:439-1818 via tfasty with Chapaev3-1_AA (probably has a 100 AA deletion at N terminus (300 bp missing in consensus) [Oryzias latipes]
Chapaev3-1_PM	CMC-Chapaev	DNA/CMC-Chapaev-3	562	Chapaev3-1_PM#DNA/CMC-Chapaev-3 RBRM:Chapaev3-1_PM cds_range:311-2185 exons:311-518;706-2185 (One Genscan-predicted intron) [Petromyzon marinus]
Chapaev3-1_SM	CMC-Chapaev	DNA/CMC-Chapaev-3	562	Chapaev3-1_SM#DNA/CMC-Chapaev-3 RBRM:Chapaev3-1_SM cds_range:384-2070 [Schmidtea mediterranea]
Chapaev3-2_AA	CMC-Chapaev	DNA/CMC-Chapaev-3	552	Chapaev3-2_AA#DNA/CMC-Chapaev-3 RBRM:Chapaev3-2_AA cds_range:1248-3042 exons:1248-1474;1552-2745;2808-3042 (Two introns; one Genscan-predicted) [Aedes aegypti]
Chapaev3-2_AC	CMC-Chapaev	DNA/CMC-Chapaev-3	561	Chapaev3-2_AC#DNA/CMC-Chapaev-3 RBRM:Chapaev3-2_AC cds_range:426-2109 [Anolis carolinensis]
Chapaev3-2_HM	CMC-Chapaev	DNA/CMC-Chapaev-3	559	Chapaev3-2_HM#DNA/CMC-Chapaev-3 RBRM:Chapaev3-4_PM cds_range:364-2041 [Hydra magnipapillata]
Chapaev3-2_HR	CMC-Chapaev	DNA/CMC-Chapaev-3	558	Chapaev3-2_HR#DNA/CMC-Chapaev-3 RBRM:Chapaev3-2_HR cds_range:398-2072 [Helobdella robusta]
Chapaev3-2_NVi	CMC-Chapaev	DNA/CMC-Chapaev-3	431	Chapaev3-2_NVi#DNA/CMC-Chapaev-3 RBRM:Chapaev3-2_NVi stops:1 cds_range:522-1815 via tfasty with Chapaev3-1_NVi [Nasonia vitripennis]
Chapaev3-2_PM	CMC-Chapaev	DNA/CMC-Chapaev-3	562	Chapaev3-2_PM#DNA/CMC-Chapaev-3 RBRM:Chapaev3-2_PM frameshifts:1 cds_range:510-2197 via tfasty with Chapaev3-1_SM [Petromyzon marinus]
Chapaev3-3_AA	CMC-Chapaev	DNA/CMC-Chapaev-3	578	Chapaev3-3_AA#DNA/CMC-Chapaev-3 RBRM:Chapaev3-3_AA stops:1 cds_range:876-2610 One stopcodon, probably in an unspliced intron (poor donor site) [Aedes aegypti]
Chapaev3-3_HM	CMC-Chapaev	DNA/CMC-Chapaev-3	558	Chapaev3-3_HM#DNA/CMC-Chapaev-3 RBRM:Chapaev3-5_PM cds_range:251-1925 [Hydra magnipapillata]
Chapaev3-3_HR	CMC-Chapaev	DNA/CMC-Chapaev-3	566	Chapaev3-3_HR#DNA/CMC-Chapaev-3 RBRM:Chapaev3-3_HR cds_range:213-1911 [Helobdella robusta]
Chapaev3-4_HM	CMC-Chapaev	DNA/CMC-Chapaev-3	550	Chapaev3-4_HM#DNA/CMC-Chapaev-3 RBRM:Chapaev3-4_HM cds_range:453-2103 [Hydra vulgaris]
Chapaev3-5_HM	CMC-Chapaev	DNA/CMC-Chapaev-3	560	Chapaev3-5_HM#DNA/CMC-Chapaev-3 RBRM:Chapaev3-5_HM cds_range:472-2152 [Hydra vulgaris]
Chapaev3-6_HM	CMC-Chapaev	DNA/CMC-Chapaev-3	594	Chapaev3-6_HM#DNA/CMC-Chapaev-3 RBRM:Chapaev3-6_HM frameshifts:1 cds_range:155-1936 via tfasty with Chapaev3-5_HM [Hydra vulgaris]
Chapaev-1_HSal	CMC-Chapaev	DNA/CMC-Chapaev-3	576	Chapaev-1_HSal#DNA/CMC-Chapaev-3 RBRM:Chapaev-1_HSal frameshifts:3 cds_range:539-2779 exons:539-729;1240-2779 via genewise with Chapaev3-5_HM [Harpegnathos saltator]
Chapaev-4_HMa	CMC-Chapaev	DNA/CMC-Chapaev-3	565	Chapaev-4_HMa#DNA/CMC-Chapaev-3 RBRM:Chapaev-4_HMa frameshifts:1 cds_range:1286-2982 via tfasty with Chapaev3-2_HM [Hydra vulgaris]
Chapaev-20_HM	CMC-Chapaev	DNA/CMC-Chapaev-3	563	Chapaev-20_HM#DNA/CMC-Chapaev-3 RBRM:Chapaev-20_HM cds_range:361-2050 [Hydra vulgaris]
EnSpm-1_DF	CMC-Chapaev	DNA/CMC-Chapaev-3	528	EnSpm-1_DF#DNA/CMC-Chapaev-3 RBRM:EnSpm-1_DF frameshifts:1 cds_range:833-2488 exons:833-1430;1502-2488 via genewise with Chapaev3-1_HM [Drosophila ficusphila]
EnSpm-1_LMi	CMC-Chapaev	DNA/CMC-Chapaev-3	553	EnSpm-1_LMi#DNA/CMC-Chapaev-3 RBRM:EnSpm-1_LMi cds_range:354-2013 [Locusta migratoria]
EnSpm-1_RPr	CMC-Chapaev	DNA/CMC-Chapaev-3	553	EnSpm-1_RPr#DNA/CMC-Chapaev-3 RBRM:EnSpm-1_RPr frameshifts:2 cds_range:295-2026 exons:295-502;576-2026 via genewise with Chapaev3-2_AA [Rhodnius prolixus]
EnSpm-2_LMi	CMC-Chapaev	DNA/CMC-Chapaev-3	557	EnSpm-2_LMi#DNA/CMC-Chapaev-3 RBRM:EnSpm-2_LMi cds_range:299-1970 [Locusta migratoria]
EnSpm1_DR_tp	CMC-EnSpm	DNA/CMC-EnSpm	1180	EnSpm1_DR_tp#DNA/CMC-EnSpm  Dfam:DF0003681 stops:1 cds_range:1987-5680 exons:1987-4645;4702-5261;5360-5680 via genewise with EnSpm-7_DR_tp [Danio rerio]
EnSpm-2_DR_p1	CMC-EnSpm	DNA/CMC-EnSpm	815	EnSpm-2_DR_p1#DNA/CMC-EnSpm  Dfam:DF0003911 cds_range:5073-7518 (may have more exons) [Danio rerio]
EnSpm-3_DR_tp	CMC-EnSpm	DNA/CMC-EnSpm	1214	EnSpm-3_DR_tp#DNA/CMC-EnSpm  Dfam:DF0002739 frameshifts:1 cds_range:2114-5851 exons:2114-4753;4846-5851 via genewise with EnSpm-7_DR_1p [Danio rerio]
EnSpm-5_DR_p1	CMC-EnSpm	DNA/CMC-EnSpm	810	EnSpm-5_DR_p1#DNA/CMC-EnSpm  Dfam:DF0003773 cds_range:4628-7058 (may have more exons) [Danio rerio]
EnSpm-7_DR_tp	CMC-EnSpm	DNA/CMC-EnSpm	1250	EnSpm-7_DR_tp#DNA/CMC-EnSpm  Dfam:DF0003172 frameshifts:1 cds_range:3156-7061 exons:3156-5864;6017-7061 via genewise with EnSpm-9_DR_1p [Danio rerio]
EnSpm-9_DR_tp	CMC-EnSpm	DNA/CMC-EnSpm	1250	EnSpm-9_DR_tp#DNA/CMC-EnSpm  Dfam:DF0002817 cds_range:1939-5924 exons:1939-4583;4818-5924 via genewise with EnSpm-7_DR_tp [Danio rerio]
EnSpm-12_DR_tp	CMC-EnSpm	DNA/CMC-EnSpm	1228	EnSpm-12_DR_tp#DNA/CMC-EnSpm  Dfam:DF0002847 cds_range:1251-4992 exons:1251-3923;3980-4992 via genewise with EnSpm1_DR_tp [Danio rerio]
EnSpm-13_DR_tp	CMC-EnSpm	DNA/CMC-EnSpm	1249	EnSpm-13_DR_tp#DNA/CMC-EnSpm  Dfam:DF0002632 cds_range:398-4454 exons:398-872;1031-3224;3374-4454 via genewise with EnSpm-7_DR_tp [Danio rerio]
EnSpm-14_DR_tp	CMC-EnSpm	DNA/CMC-EnSpm	1227	EnSpm-14_DR_tp#DNA/CMC-EnSpm  Dfam:DF0003053 frameshifts:2 stops:1 cds_range:588-4428 exons:588-3249;3408-4428 via genewise with EnSpm-13_DR_tp, 1 intron [Danio rerio]
UN-ATEnSpm9	CMC-EnSpm	DNA/CMC-EnSpm	1544	UN-ATEnSpm9#DNA/CMC-EnSpm   [Arabidopsis]
UN-Candystripe1_SB_p2	CMC-EnSpm	DNA/CMC-EnSpm	699	UN-Candystripe1_SB_p2#DNA/CMC-EnSpm   via tfasty with EnSpm-30_SBi_p2, 1 frameshift. [Sorghum bicolor] Appears to have a 200 AA t deletion around AA 420.
UN-EnSpm3_OS_p2	CMC-EnSpm	DNA/CMC-EnSpm	599	UN-EnSpm3_OS_p2#DNA/CMC-EnSpm   putative transposon protein (perhaps spliced to p1) [Oryza sativa]
UN-EnSpm5_SB_p2	CMC-EnSpm	DNA/CMC-EnSpm	425	UN-EnSpm5_SB_p2#DNA/CMC-EnSpm   via genewise with mRNA, 4 introns (6375:6463, 6620:6759, 6946:7034, 7209:7284) This is actually the translation of gi 242096375, as the consensus contains frameshifts etc. [Sorghum bicolor]
ATEnSpm1A_p2	CMC-EnSpm	DNA/CMC-EnSpm	428	ATEnSpm1A_p2#DNA/CMC-EnSpm RBRM:ATENSPM1A cds_range:1583-3773 exons:1583-1854;2071-2198;2275-2566;2662-2884;3400-3773 Needs to be genewised; may be too poor [Arabidopsis]
ATEnSpm2	CMC-EnSpm	DNA/CMC-EnSpm	1021	ATEnSpm2#DNA/CMC-EnSpm RBRM:ATENSPM2 frameshifts:2 stops:2 cds_range:559-3987 exons:559-2591;2651-2687;2805-3343;3441-3529;3620-3987 genewise with BREnSpm1 and ATEnSpm9. EnSpm-1_EPa_tp over 85% similar and broken. [Arabidopsis]
ATEnSpm3	CMC-EnSpm	DNA/CMC-EnSpm	1647	ATEnSpm3#DNA/CMC-EnSpm RBRM:ATENSPM3 frameshifts:1 stops:5 cds_range:1364-7911 exons:1364-2232;2325-3001;3079-3705;3808-3833;3899-4093;4194-4304;4466-4978;5286-5653;5728-5927;6165-6273;6348-6638;6718-7016;7124-7557;7677-7911 Genewise with atenspm7 protein [Arabidopsis]
ATEnSpm6	CMC-EnSpm	DNA/CMC-EnSpm	1556	ATEnSpm6#DNA/CMC-EnSpm RBRM:ATENSPM6 frameshifts:1 cds_range:527-7995 exons:527-689;752-2663;2737-3086;3150-3330;3406-3506;3586-3977;4197-4333;5506-5899;6677-6863;6948-7236;7340-7568;7649-7995 almost identical to ATEnSpm5, 90% identical to ATEnSpm9 genewise with the latter [Arabidopsis]
ATEnSpm7	CMC-EnSpm	DNA/CMC-EnSpm	1675	ATEnSpm7#DNA/CMC-EnSpm RBRM:ATENSPM7 cds_range:1111-7901 exons:1111-1142;1226-2135;2228-2904;2997-3623;3711-3736;3802-3996;4075-4185;4349-4861;5148-5493;5575-5779;6023-6131;6206-6458;6539-6578;6665-6965;7060-7520;7667-7901 from RepBase [Arabidopsis]
ATENSPM10	CMC-EnSpm	DNA/CMC-EnSpm	1515	ATENSPM10#DNA/CMC-EnSpm RBRM:ATENSPM10 stops:1 cds_range:1227-7742 exons:1227-2102;2192-2837;2912-3543;3690-3904;3962-4106;4222-4758;5202-5567;5637-5874;6079-6187;6257-6512;7022-7300;7485-7742 via genewise with ATEnSpm11#DNA/CMC-EnSpm [Arabidopsis]
ATEnSpm11	CMC-EnSpm	DNA/CMC-EnSpm	1499	ATEnSpm11#DNA/CMC-EnSpm RBRM:ATENSPM11 frameshifts:2 stops:2 cds_range:1283-7664 exons:1283-2163;2253-2913;2997-3642;3803-4002;4062-4183;4347-4886;5159-5505;5579-5818;6055-6152;6225-6484;6985-7236;7402-7664 Genewise with atenspm7 protein [Arabidopsis]
ATEnSpm12	CMC-EnSpm	DNA/CMC-EnSpm	1718	ATEnSpm12#DNA/CMC-EnSpm RBRM:ATENSPM12 cds_range:1574-8506 exons:1574-3233;3331-4232;4334-4444;4622-5125;5527-5576;5609-5905;5991-6195;6452-6560;6767-7019;7098-7137;7214-7511;7587-8092;8275-8506 genewise with ATEnSpm7 protein [Arabidopsis thaliana]
BREnSpm1	CMC-EnSpm	DNA/CMC-EnSpm	703	BREnSpm1#DNA/CMC-EnSpm RBRM:BRENSPM1 cds_range:435-2544 (fragment) [Brassica rapa]
CACTA-1_Mlaricis	CMC-EnSpm	DNA/CMC-EnSpm	687	CACTA-1_Mlaricis#DNA/CMC-EnSpm RBRM:CACTA-1_Mlaricis cds_range:1523-3584 [Melampsora laricis]
CACTA-1_Roryzae	CMC-EnSpm	DNA/CMC-EnSpm	818	CACTA-1_Roryzae#DNA/CMC-EnSpm RBRM:CACTA-1_Roryzae cds_range:2583-5037 [Rhizopus oryzae]
CACTA-2_Mlaricis	CMC-EnSpm	DNA/CMC-EnSpm	727	CACTA-2_Mlaricis#DNA/CMC-EnSpm RBRM:CACTA-2_Mlaricis cds_range:4852-7033 [Melampsora laricis]
CACTA_LP_p1	CMC-EnSpm	DNA/CMC-EnSpm	1212	CACTA_LP_p1#DNA/CMC-EnSpm RBRM:CACTA_LP frameshifts:7 stops:3 cds_range:1088-4719 via tfasty with EnSpm2_OS_p1 [Lolium perenne]
CACTA_LP_p2	CMC-EnSpm	DNA/CMC-EnSpm	648	CACTA_LP_p2#DNA/CMC-EnSpm RBRM:CACTA_LP frameshifts:2 stops:4 cds_range:6882-8828 via tfasty with EnSpm2_OS_p2 [Lolium perenne]
DOPPIA4_ZM	CMC-EnSpm	DNA/CMC-EnSpm	854	DOPPIA4_ZM#DNA/CMC-EnSpm RBRM:DOPPIA4_ZM cds_range:1514-4076 [Zea mays]
EN1_ZM	CMC-EnSpm	DNA/CMC-EnSpm	1025	EN1_ZM#DNA/CMC-EnSpm RBRM:EN1_ZM cds_range:1417-4611 exons:1417-4043;4162-4611 Via genewise with PSL,. [Zea mays]
ENS1_Cis	CMC-EnSpm	DNA/CMC-EnSpm	813	ENS1_Cis#DNA/CMC-EnSpm RBRM:ENS1_Cis cds_range:469-2908 [Ciona savignyi]
EnSpm1_PT	CMC-EnSpm	DNA/CMC-EnSpm	1158	EnSpm1_PT#DNA/CMC-EnSpm RBRM:ENSPM1_PT cds_range:1105-4877 exons:1105-3389;3477-3795;3898-3998;4105-4877 [Populus trichocarpa]
EnSpm1_SB_p1	CMC-EnSpm	DNA/CMC-EnSpm	1208	EnSpm1_SB_p1#DNA/CMC-EnSpm RBRM:EnSpm1_SB cds_range:1155-4779 [Sorghum bicolor]
EnSpm1_SB_p2	CMC-EnSpm	DNA/CMC-EnSpm	1177	EnSpm1_SB_p2#DNA/CMC-EnSpm RBRM:EnSpm1_SB cds_range:10094-14133 exons:10094-10414;10507-12927;13007-13271;13361-13472;13564-13649;13692-13827;13937-14133 via genewise with mRNA [Sorghum bicolor]
EnSpm1_TD	CMC-EnSpm	DNA/CMC-EnSpm	1060	EnSpm1_TD#DNA/CMC-EnSpm RBRM:EnSpm1_TD frameshifts:4 stops:1 cds_range:7116-10466 exons:7116-9701;9792-9957;10039-10466 via genewise with EnSpm-10_ZM_p1 and PRL [Triticum durum]
EnSpm1B_PT	CMC-EnSpm	DNA/CMC-EnSpm	299	EnSpm1B_PT#DNA/CMC-EnSpm RBRM:EnSpm1B_PT cds_range:1965-3106 exons:1965-2041;2131-2405;2484-2604;2679-3106 Fragment, via genewise with EnSpm2_PTr [Populus trichocarpa]
EnSpm2_HV	CMC-EnSpm	DNA/CMC-EnSpm	1123	EnSpm2_HV#DNA/CMC-EnSpm RBRM:EnSpm2_HV frameshifts:1 cds_range:557-3927 via tfasty with EnSpm-3_HV_p1 [Hordeum vulgare]
EnSpm2_MT	CMC-EnSpm	DNA/CMC-EnSpm	1064	EnSpm2_MT#DNA/CMC-EnSpm RBRM:ENSPM2_MT cds_range:2871-6063 [Medicago truncatula]
EnSpm2_OS_p1	CMC-EnSpm	DNA/CMC-EnSpm	1081	EnSpm2_OS_p1#DNA/CMC-EnSpm RBRM:ENSPM2_OS cds_range:612-3855 [Oryza sativa]
EnSpm2_OS_p2	CMC-EnSpm	DNA/CMC-EnSpm	591	EnSpm2_OS_p2#DNA/CMC-EnSpm RBRM:ENSPM2_OS frameshifts:1 cds_range:7261-9433 exons:7261-7989;8065-8396;8535-8985;9168-9433 via genewise with EnSpm3_OS_p2 [Oryza sativa]
EnSpm2_PTr	CMC-EnSpm	DNA/CMC-EnSpm	1589	EnSpm2_PTr#DNA/CMC-EnSpm RBRM:EnSpm2_PTr cds_range:4932-11866 exons:4932-7222;7296-7611;7683-7783;7892-8571;9950-10170;10217-10410;10725-11055;11136-11247;11337-11866 via genewise with ATEnSpm6, and based on mRNAs [Populus trichocarpa]
EnSpm2_SB_p1	CMC-EnSpm	DNA/CMC-EnSpm	1136	EnSpm2_SB_p1#DNA/CMC-EnSpm RBRM:EnSpm2_SB cds_range:1332-4740 [Sorghum bicolor]
EnSpm2_SB_p2	CMC-EnSpm	DNA/CMC-EnSpm	822	EnSpm2_SB_p2#DNA/CMC-EnSpm RBRM:EnSpm2_SB cds_range:8025-10628 exons:8025-9451;9588-10628 via genewise with SPMLIKE [Sorghum bicolor]
EnSpm2_TM_p2	CMC-EnSpm	DNA/CMC-EnSpm	733	EnSpm2_TM_p2#DNA/CMC-EnSpm RBRM:EnSpm2_TM stops:8 cds_range:8777-10976 via tfasty with EnSpm-4_HV_p2 [Triticum monococcum]
EnSpm2_ZM	CMC-EnSpm	DNA/CMC-EnSpm	854	EnSpm2_ZM#DNA/CMC-EnSpm RBRM:ENSPM2_ZM cds_range:1316-3878 [Zea mays]
EnSpm3_OS_p1	CMC-EnSpm	DNA/CMC-EnSpm	1073	EnSpm3_OS_p1#DNA/CMC-EnSpm RBRM:ENSPM3_OS cds_range:675-3894 (perhaps spliced to p2) EnSpom2_OS_p1 93% identical [Oryza sativa]
EnSpm3_SB_p2	CMC-EnSpm	DNA/CMC-EnSpm	791	EnSpm3_SB_p2#DNA/CMC-EnSpm RBRM:EnSpm3_SB frameshifts:2 cds_range:1578-4232 exons:1578-3062;3234-3629;3741-4232 via genewise with SPMLIKE_p2 [Sorghum bicolor]
EnSpm3_ZM	CMC-EnSpm	DNA/CMC-EnSpm	1058	EnSpm3_ZM#DNA/CMC-EnSpm RBRM:ENSPM3_ZM frameshifts:3 cds_range:1162-4333 via tfasty with EnSpm3_OS_p1 [Zea mays]
EnSpm4_OS_p1	CMC-EnSpm	DNA/CMC-EnSpm	1095	EnSpm4_OS_p1#DNA/CMC-EnSpm RBRM:ENSPM4_OS cds_range:594-3879 [Oryza sativa]
EnSpm4_OS_p2	CMC-EnSpm	DNA/CMC-EnSpm	721	EnSpm4_OS_p2#DNA/CMC-EnSpm RBRM:ENSPM4_OS stops:1 cds_range:7816-9979 [Oryza sativa]
EnSpm4_SB_p1	CMC-EnSpm	DNA/CMC-EnSpm	1173	EnSpm4_SB_p1#DNA/CMC-EnSpm RBRM:EnSpm4_SB cds_range:1337-4856 [Sorghum bicolor]
EnSpm4_SB_p2	CMC-EnSpm	DNA/CMC-EnSpm	750	EnSpm4_SB_p2#DNA/CMC-EnSpm RBRM:EnSpm4_SB cds_range:7711-9961 [Sorghum bicolor]
EnSpm4_ZM	CMC-EnSpm	DNA/CMC-EnSpm	1123	EnSpm4_ZM#DNA/CMC-EnSpm RBRM:ENSPM4_ZM stops:1 cds_range:7166-10535 via tfasty with EnSpm7_OS_p1 [Zea mays]
EnSpm5_OS_p1	CMC-EnSpm	DNA/CMC-EnSpm	1139	EnSpm5_OS_p1#DNA/CMC-EnSpm RBRM:ENSPM5_OS cds_range:548-3965 EnSpm6_OS close. [Oryza sativa]
EnSpm5_OS_p2	CMC-EnSpm	DNA/CMC-EnSpm	758	EnSpm5_OS_p2#DNA/CMC-EnSpm RBRM:ENSPM5_OS cds_range:5606-7880 EnSpm6_OS close. [Oryza sativa]
EnSpm5_SB_p1	CMC-EnSpm	DNA/CMC-EnSpm	1045	EnSpm5_SB_p1#DNA/CMC-EnSpm RBRM:EnSpm5_SB frameshifts:3 cds_range:2272-5526 exons:2272-4809;4867-5024;5086-5526 via genewise with EnSpm1_TD [Sorghum bicolor]
EnSpm6_SB_p1	CMC-EnSpm	DNA/CMC-EnSpm	1160	EnSpm6_SB_p1#DNA/CMC-EnSpm RBRM:EnSpm6_SB cds_range:1101-4581 [Sorghum bicolor]
EnSpm6_SB_p2	CMC-EnSpm	DNA/CMC-EnSpm	783	EnSpm6_SB_p2#DNA/CMC-EnSpm RBRM:EnSpm6_SB cds_range:6739-9088 [Sorghum bicolor]
EnSpm7_OS_p1	CMC-EnSpm	DNA/CMC-EnSpm	1150	EnSpm7_OS_p1#DNA/CMC-EnSpm RBRM:ENSPM7_OS cds_range:1015-4465 [Oryza sativa]
EnSpm7_OS_p2	CMC-EnSpm	DNA/CMC-EnSpm	711	EnSpm7_OS_p2#DNA/CMC-EnSpm RBRM:ENSPM7_OS frameshifts:1 cds_range:7525-9730 exons:7525-9104;9160-9730 via tfasty with EnSpm5_OS_p2 [Oryza sativa]
EnSpm7_SB_p1	CMC-EnSpm	DNA/CMC-EnSpm	1121	EnSpm7_SB_p1#DNA/CMC-EnSpm RBRM:EnSpm7_SB cds_range:872-4235 [Sorghum bicolor]
EnSpm7_SB_p2	CMC-EnSpm	DNA/CMC-EnSpm	845	EnSpm7_SB_p2#DNA/CMC-EnSpm RBRM:EnSpm7_SB cds_range:7041-9729 exons:7041-8548;8701-9729 via genewise with EnSpm2_SB_p2 [Sorghum bicolor]
EnSpm8_SB	CMC-EnSpm	DNA/CMC-EnSpm	1102	EnSpm8_SB#DNA/CMC-EnSpm RBRM:EnSpm8_SB cds_range:2315-5869 exons:2315-4575;4663-4951;5030-5124;5202-5869 via genewise with EnSpm2_OS_p1, Maybe connected to p2-like exons around 6574-6816 and 8977-9213 [Sorghum bicolor]
EnSpm11_SB_p2	CMC-EnSpm	DNA/CMC-EnSpm	747	EnSpm11_SB_p2#DNA/CMC-EnSpm RBRM:EnSpm11_SB cds_range:7154-9395 [Sorghum bicolor]
EnSpm12_SB_p1	CMC-EnSpm	DNA/CMC-EnSpm	1150	EnSpm12_SB_p1#DNA/CMC-EnSpm RBRM:EnSpm12_SB cds_range:3191-6720 exons:3191-5727;5806-6720 via genewise with EnSpm-10_ZM_p1 [Sorghum bicolor]
EnSpm12_SB_p2	CMC-EnSpm	DNA/CMC-EnSpm	478	EnSpm12_SB_p2#DNA/CMC-EnSpm RBRM:EnSpm12_SB cds_range:6795-8655 exons:6795-7345;7422-7583;7767-7928;8019-8193;8267-8655 via genewise with EnSpm5_SB_p2 [Sorghum bicolor]
EnSpm-1_AA	CMC-EnSpm	DNA/CMC-EnSpm	666	EnSpm-1_AA#DNA/CMC-EnSpm RBRM:EnSpm-1_AA cds_range:7951-9949 [Aedes aegypti]
EnSpm-1_ADi	CMC-EnSpm	DNA/CMC-EnSpm	1155	EnSpm-1_ADi#DNA/CMC-EnSpm RBRM:EnSpm-1_ADi cds_range:1155-5559 exons:1155-2042;2981-5559 via genewise with EnSpm-18_HMa [Acropora digitifera]
EnSpm-1_AIp_tp	CMC-EnSpm	DNA/CMC-EnSpm	1145	EnSpm-1_AIp_tp#DNA/CMC-EnSpm RBRM:EnSpm-1_AIp frameshifts:1 cds_range:1455-4981 exons:1455-4059;4151-4981 via genewise with EnSpm_MT [Arachis ipaensis]
EnSpm-1_AP	CMC-EnSpm	DNA/CMC-EnSpm	661	EnSpm-1_AP#DNA/CMC-EnSpm RBRM:EnSpm-1_AP stops:1 cds_range:10-1993 via tfasty with EnSpm-6_DR [Acyrthosiphon pisum]
EnSpm-1_BDi	CMC-EnSpm	DNA/CMC-EnSpm	880	EnSpm-1_BDi#DNA/CMC-EnSpm RBRM:EnSpm-1_BDi cds_range:33-2673 [Brachypodium distachyon]
EnSpm-1_BF	CMC-EnSpm	DNA/CMC-EnSpm	737	EnSpm-1_BF#DNA/CMC-EnSpm RBRM:EnSpm-1_BF cds_range:3166-5377 (may have more exons) [Branchiostoma floridae]
EnSpm-1_CCri_3p	CMC-EnSpm	DNA/CMC-EnSpm	473	EnSpm-1_CCri_3p#DNA/CMC-EnSpm RBRM:EnSpm-1_CCri rev:1 cds_range:11292-9873 [Chondrus crispus]
EnSpm-1_CCri_tp	CMC-EnSpm	DNA/CMC-EnSpm	1310	EnSpm-1_CCri_tp#DNA/CMC-EnSpm RBRM:EnSpm-1_CCri cds_range:5830-9760 [Chondrus crispus]
EnSpm-1_CGi	CMC-EnSpm	DNA/CMC-EnSpm	824	EnSpm-1_CGi#DNA/CMC-EnSpm RBRM:EnSpm-1_CGi cds_range:12-2484 [Crassostrea gigas]
EnSpm-1_Cia_tp	CMC-EnSpm	DNA/CMC-EnSpm	1452	EnSpm-1_Cia_tp#DNA/CMC-EnSpm RBRM:EnSpm-1_Cia cds_range:2123-8093 exons:2123-4356;4452-4761;4843-4949;5031-5575;5968-6190;6290-6529;6799-7018;7261-7366;7623-7923;8014-8093 Genscan prediction, probably merger of transposase and p2 (partly confirmed with genewise) [Cicer arietinum]
EnSpm-1_DDi	CMC-EnSpm	DNA/CMC-EnSpm	839	EnSpm-1_DDi#DNA/CMC-EnSpm RBRM:EnSpm-1_DDi cds_range:998-3515 [Dictyostelium discoideum]
EnSpm-1_FV_tp	CMC-EnSpm	DNA/CMC-EnSpm	1125	EnSpm-1_FV_tp#DNA/CMC-EnSpm RBRM:EnSpm-1_FV cds_range:924-4454 exons:924-3190;3266-3639;3718-4454 via genewise with EnSpm-1_Mad [Fragaria vesca]
EnSpm-1_GM	CMC-EnSpm	DNA/CMC-EnSpm	1065	EnSpm-1_GM#DNA/CMC-EnSpm RBRM:EnSpm-1_GM cds_range:700-3895 [Glycine max]
EnSpm-1_GR	CMC-EnSpm	DNA/CMC-EnSpm	794	EnSpm-1_GR#DNA/CMC-EnSpm RBRM:EnSpm-1_GR cds_range:2938-5320 [Gossypium raimondii]
EnSpm-1_HM	CMC-EnSpm	DNA/CMC-EnSpm	347	EnSpm-1_HM#DNA/CMC-EnSpm RBRM:EnSpm-1_HM stops:1 cds_range:1634-2675 via tfasty with EnSpm-2_HM_p1 (fragment) [Hydra vulgaris]
EnSpm-1_HV_p1	CMC-EnSpm	DNA/CMC-EnSpm	794	EnSpm-1_HV_p1#DNA/CMC-EnSpm RBRM:EnSpm-1_HV cds_range:3034-5416 (may have more exons) [Hordeum vulgare]
EnSpm-1_LU	CMC-EnSpm	DNA/CMC-EnSpm	858	EnSpm-1_LU#DNA/CMC-EnSpm RBRM:EnSpm-1_LU cds_range:1356-3930 [Linum usitatissimum]
EnSpm-1_Mad	CMC-EnSpm	DNA/CMC-EnSpm	1121	EnSpm-1_Mad#DNA/CMC-EnSpm RBRM:EnSpm-1_Mad cds_range:568-4151 exons:568-2795;2896-3293;3412-4151 via genewise with EnSpm2_PTr [Malus domestica]
EnSpm-1_MN	CMC-EnSpm	DNA/CMC-EnSpm	843	EnSpm-1_MN#DNA/CMC-EnSpm RBRM:EnSpm-1_MN cds_range:1702-4231 [Morus notabilis]
EnSpm-1_NGr	CMC-EnSpm	DNA/CMC-EnSpm	1158	EnSpm-1_NGr#DNA/CMC-EnSpm RBRM:EnSpm-1_NGr cds_range:249-3723 [Naegleria gruberi]
EnSpm-1_NV	CMC-EnSpm	DNA/CMC-EnSpm	794	EnSpm-1_NV#DNA/CMC-EnSpm RBRM:EnSpm-1_NV cds_range:4406-6788 [Nematostella vectensis]
EnSpm-1_NVi	CMC-EnSpm	DNA/CMC-EnSpm	618	EnSpm-1_NVi#DNA/CMC-EnSpm RBRM:EnSpm-1_NVi frameshifts:2 cds_range:1706-3558 via tfasty with EnSpm-1_AA [Nasonia vitripennis]
EnSpm-1_PGr	CMC-EnSpm	DNA/CMC-EnSpm	801	EnSpm-1_PGr#DNA/CMC-EnSpm RBRM:EnSpm-1_PGr cds_range:256-2659 [Puccinia graminis f. sp. tritici crl 75-36-700-3]
EnSpm-1_PSt_tp	CMC-EnSpm	DNA/CMC-EnSpm	623	EnSpm-1_PSt_tp#DNA/CMC-EnSpm RBRM:EnSpm-1_PSt cds_range:106-1975 [Puccinia striiformis]
EnSpm-1_TA	CMC-EnSpm	DNA/CMC-EnSpm	1189	EnSpm-1_TA#DNA/CMC-EnSpm RBRM:EnSpm-1_TA frameshifts:2 stops:4 cds_range:1032-4597 via tfasty with CACTA_LP_p1 [Triticum aestivum]
EnSpm-1_TM_p1	CMC-EnSpm	DNA/CMC-EnSpm	1139	EnSpm-1_TM_p1#DNA/CMC-EnSpm RBRM:EnSpm-1_TM frameshifts:1 stops:1 cds_range:2990-6406 via tfasty with EnSpm2_OS_p1 [Triticum monococcum]
EnSpm-1_TM_p2	CMC-EnSpm	DNA/CMC-EnSpm	577	EnSpm-1_TM_p2#DNA/CMC-EnSpm RBRM:EnSpm-1_TM frameshifts:2 stops:2 cds_range:9306-10992 via tfasty with CACTA_LP_p2 [Triticum monococcum]
EnSpm-2_BDi	CMC-EnSpm	DNA/CMC-EnSpm	1141	EnSpm-2_BDi#DNA/CMC-EnSpm RBRM:EnSpm-2_BDi cds_range:837-4260 [Brachypodium distachyon]
EnSpm-2_BF	CMC-EnSpm	DNA/CMC-EnSpm	767	EnSpm-2_BF#DNA/CMC-EnSpm RBRM:EnSpm-2_BF cds_range:5809-8110 (may have more exons) [Branchiostoma floridae]
EnSpm-2_CGi	CMC-EnSpm	DNA/CMC-EnSpm	645	EnSpm-2_CGi#DNA/CMC-EnSpm RBRM:EnSpm-2_CGi cds_range:1515-3450 [Crassostrea gigas]
EnSpm-2_Cia_p2	CMC-EnSpm	DNA/CMC-EnSpm	669	EnSpm-2_Cia_p2#DNA/CMC-EnSpm RBRM:EnSpm-2_Cia cds_range:6941-11643 exons:6941-7222;7317-7527;7606-7855;8864-9431;9508-9732;9821-9986;11182-11249;11352-11470;11517-11643 via genscan and genewise with EnSpm7_OS_p2 [Cicer arietinum]
EnSpm-2_Cia_tp	CMC-EnSpm	DNA/CMC-EnSpm	1058	EnSpm-2_Cia_tp#DNA/CMC-EnSpm RBRM:EnSpm-2_Cia cds_range:3584-6758 [Cicer arietinum]
EnSpm-2_GM_tp	CMC-EnSpm	DNA/CMC-EnSpm	1064	EnSpm-2_GM_tp#DNA/CMC-EnSpm RBRM:EnSpm-2_GM cds_range:3601-6793 [Glycine max]
EnSpm-2_HM_p1	CMC-EnSpm	DNA/CMC-EnSpm	608	EnSpm-2_HM_p1#DNA/CMC-EnSpm RBRM:EnSpm-2_HM cds_range:1064-2888 (may have more exons) [Hydra vulgaris]
EnSpm-2_Mad	CMC-EnSpm	DNA/CMC-EnSpm	1124	EnSpm-2_Mad#DNA/CMC-EnSpm RBRM:EnSpm-2_Mad cds_range:1463-5115 exons:1463-3729;3819-4128;4217-4323;4424-5115 via genewise with EnSpm2_MT [Malus domestica]
EnSpm-2_NV	CMC-EnSpm	DNA/CMC-EnSpm	790	EnSpm-2_NV#DNA/CMC-EnSpm RBRM:EnSpm-2_NV cds_range:4136-6506 [Nematostella vectensis]
EnSpm-2_NVi	CMC-EnSpm	DNA/CMC-EnSpm	710	EnSpm-2_NVi#DNA/CMC-EnSpm RBRM:EnSpm-2_NVi cds_range:136-2266 Probably a fragment. [Nasonia vitripennis]
EnSpm-2_PGr	CMC-EnSpm	DNA/CMC-EnSpm	735	EnSpm-2_PGr#DNA/CMC-EnSpm RBRM:EnSpm-2_PGr frameshifts:1 cds_range:6758-9409 exons:6758-7208;7653-9409 Fragment via genewise with EnSpm-4_PGr [Puccinia graminis f. sp. tritici crl 75-36-700-3]
EnSpm-2_SIn	CMC-EnSpm	DNA/CMC-EnSpm	825	EnSpm-2_SIn#DNA/CMC-EnSpm RBRM:EnSpm-2_SIn cds_range:3619-6094 [Solenopsis invicta]
EnSpm-3_ADi	CMC-EnSpm	DNA/CMC-EnSpm	1284	EnSpm-3_ADi#DNA/CMC-EnSpm RBRM:EnSpm-3_ADi frameshifts:2 stops:1 cds_range:1177-6452 exons:1177-2067;2403-2628;3073-4085;4383-4586;4932-6452 via genewise with EnSpm-1_ADi [Acropora digitifera]
EnSpm-3_BF	CMC-EnSpm	DNA/CMC-EnSpm	1078	EnSpm-3_BF#DNA/CMC-EnSpm RBRM:EnSpm-3_BF cds_range:5707-8941 [Branchiostoma floridae]
EnSpm-3_Cia_p2	CMC-EnSpm	DNA/CMC-EnSpm	681	EnSpm-3_Cia_p2#DNA/CMC-EnSpm RBRM:EnSpm-3_Cia cds_range:5438-8938 exons:5438-5572;5726-5804;5890-6100;6191-6284;6373-6490;6577-6904;7030-7237;7366-7435;7515-7940;8300-8411;8499-8581;8659-8755;8844-8938 genscan prediction [] [Cicer arietinum]
EnSpm-3_Cia_tp	CMC-EnSpm	DNA/CMC-EnSpm	1075	EnSpm-3_Cia_tp#DNA/CMC-EnSpm RBRM:EnSpm-3_Cia frameshifts:1 cds_range:794-4020 via tfasty with EnSpm-13_VV_tp [Cicer arietinum]
EnSpm-3_GM_tp	CMC-EnSpm	DNA/CMC-EnSpm	1082	EnSpm-3_GM_tp#DNA/CMC-EnSpm RBRM:EnSpm-3_GM cds_range:5586-9054 exons:5586-7873;7919-8258;8356-8456;8534-9054 via genewise with EnSpm-2_Mad [Glycine max]
EnSpm-3_HM_p1	CMC-EnSpm	DNA/CMC-EnSpm	858	EnSpm-3_HM_p1#DNA/CMC-EnSpm RBRM:EnSpm-3_HM frameshifts:1 cds_range:252-2827 via tfasty with EnSpm-2_DR_p1 [Hydra vulgaris]
EnSpm-3_HV_p1	CMC-EnSpm	DNA/CMC-EnSpm	1105	EnSpm-3_HV_p1#DNA/CMC-EnSpm RBRM:EnSpm-3_HV cds_range:553-3868 [Triticeae]
EnSpm-3_HV_p2	CMC-EnSpm	DNA/CMC-EnSpm	796	EnSpm-3_HV_p2#DNA/CMC-EnSpm RBRM:EnSpm-3_HV cds_range:7673-10061 (may have more exons) [Triticeae]
EnSpm-3_Mad	CMC-EnSpm	DNA/CMC-EnSpm	767	EnSpm-3_Mad#DNA/CMC-EnSpm RBRM:EnSpm-3_Mad Probably a fragment. [Malus domestica]
EnSpm-3_MN	CMC-EnSpm	DNA/CMC-EnSpm	822	EnSpm-3_MN#DNA/CMC-EnSpm RBRM:EnSpm-3_MN cds_range:800-3266 [Morus notabilis]
EnSpm-3_NVe	CMC-EnSpm	DNA/CMC-EnSpm	1260	EnSpm-3_NVe#DNA/CMC-EnSpm RBRM:EnSpm-3_NVe cds_range:1112-5590 exons:1112-2011;2165-2393;2512-3509;3748-3952;4138-5590 via genewise with EnSpm-1_ADi [Nematostella vectensis]
EnSpm-3_PGr	CMC-EnSpm	DNA/CMC-EnSpm	777	EnSpm-3_PGr#DNA/CMC-EnSpm RBRM:EnSpm-3_PGr cds_range:6783-9831 exons:6783-7035;7752-9831 via genewise with EnSpm-4_PGr, 1 intron [Puccinia graminis f. sp. tritici crl 75-36-700-3]
EnSpm-3_VV	CMC-EnSpm	DNA/CMC-EnSpm	1078	EnSpm-3_VV#DNA/CMC-EnSpm RBRM:EnSpm-3_VV frameshifts:1 cds_range:4946-8344 exons:4946-7410;7500-7617;7689-8344 via genewise with EnSpm-5_FV [Vitis vinifera]
EnSpm-4_ADi	CMC-EnSpm	DNA/CMC-EnSpm	1057	EnSpm-4_ADi#DNA/CMC-EnSpm RBRM:EnSpm-4_ADi frameshifts:2 stops:1 cds_range:1133-5092 exons:1133-2027;2362-2587;2872-4037;4205-5092 via genewise with EnSpm-1_ADi [Acropora digitifera]
EnSpm-4_DR_p1	CMC-EnSpm	DNA/CMC-EnSpm	812	EnSpm-4_DR_p1#DNA/CMC-EnSpm RBRM:EnSpm-4_DR cds_range:5978-8414 (may have more exons) [Danio rerio]
EnSpm-4_GM_tp	CMC-EnSpm	DNA/CMC-EnSpm	1101	EnSpm-4_GM_tp#DNA/CMC-EnSpm RBRM:EnSpm-4_GM cds_range:4359-7904 exons:4359-6595;6680-6992;7077-7183;7255-7904 via genewise with EnSpm-2_Mad [Glycine max]
EnSpm-4_HM	CMC-EnSpm	DNA/CMC-EnSpm	694	EnSpm-4_HM#DNA/CMC-EnSpm RBRM:EnSpm-4_HM cds_range:2861-4943 [Hydra vulgaris]
EnSpm-4_HV_p1	CMC-EnSpm	DNA/CMC-EnSpm	1158	EnSpm-4_HV_p1#DNA/CMC-EnSpm RBRM:EnSpm-4_HV cds_range:1253-4727 (EnSpm2_TM coding region very similar and broken up) [Triticeae]
EnSpm-4_HV_p2	CMC-EnSpm	DNA/CMC-EnSpm	785	EnSpm-4_HV_p2#DNA/CMC-EnSpm RBRM:EnSpm-4_HV cds_range:7706-10061 (may have more exons) [Triticeae]
EnSpm-4_NVe	CMC-EnSpm	DNA/CMC-EnSpm	1256	EnSpm-4_NVe#DNA/CMC-EnSpm RBRM:EnSpm-4_NVe cds_range:1016-4784 [Nematostella vectensis]
EnSpm-4_PGr	CMC-EnSpm	DNA/CMC-EnSpm	806	EnSpm-4_PGr#DNA/CMC-EnSpm RBRM:EnSpm-4_PGr cds_range:1862-4280 [Puccinia graminis]
EnSpm-4_VV_tp	CMC-EnSpm	DNA/CMC-EnSpm	1073	EnSpm-4_VV_tp#DNA/CMC-EnSpm RBRM:EnSpm-4_VV cds_range:1407-4792 exons:1407-3874;3961-4067;4146-4792 via genewise with EnSpm-5_FV [Vitis vinifera]
EnSpm-5_FV	CMC-EnSpm	DNA/CMC-EnSpm	1092	EnSpm-5_FV#DNA/CMC-EnSpm RBRM:EnSpm-5_FV cds_range:229-3732 exons:229-2681;2796-2902;3014-3732 via genewise with EnSpm2_MT [Fragaria vesca]
EnSpm-5_HM	CMC-EnSpm	DNA/CMC-EnSpm	660	EnSpm-5_HM#DNA/CMC-EnSpm RBRM:EnSpm-5_HM cds_range:286-2266 [Hydra vulgaris]
EnSpm-5_NVe	CMC-EnSpm	DNA/CMC-EnSpm	1287	EnSpm-5_NVe#DNA/CMC-EnSpm RBRM:EnSpm-5_NVe cds_range:1061-5226 exons:1061-1794;1926-2428;2600-5226 via genewise with EnSpm-18_HMa [Nematostella vectensis]
EnSpm-5_PGr_tp	CMC-EnSpm	DNA/CMC-EnSpm	777	EnSpm-5_PGr_tp#DNA/CMC-EnSpm RBRM:EnSpm-5_PGr cds_range:1922-4253 [Puccinia graminis]
EnSpm-5_VV_tp	CMC-EnSpm	DNA/CMC-EnSpm	1074	EnSpm-5_VV_tp#DNA/CMC-EnSpm RBRM:EnSpm-5_VV cds_range:11885-15284 exons:11885-14358;14443-14549;14641-15284 via genewise with EnSpm-5_FV [Vitis vinifera]
EnSpm-5_ZM	CMC-EnSpm	DNA/CMC-EnSpm	850	EnSpm-5_ZM#DNA/CMC-EnSpm RBRM:ENSPM-5_ZM cds_range:1043-3593 [Zea mays]
EnSpm-6_DR	CMC-EnSpm	DNA/CMC-EnSpm	663	EnSpm-6_DR#DNA/CMC-EnSpm RBRM:ENSPM-6_DR cds_range:15511-17500 [Danio rerio]
EnSpm-6_HM	CMC-EnSpm	DNA/CMC-EnSpm	681	EnSpm-6_HM#DNA/CMC-EnSpm RBRM:EnSpm-6_HM cds_range:1317-3360 [Hydra vulgaris]
EnSpm-6_NVe	CMC-EnSpm	DNA/CMC-EnSpm	1022	EnSpm-6_NVe#DNA/CMC-EnSpm RBRM:EnSpm-6_NVe frameshifts:4 cds_range:526-3816 exons:526-1324;1806-3816 via genewise with EnSpm-1_ADi, Large gap near C-term. [Nematostella vectensis]
EnSpm-6_VV_p1	CMC-EnSpm	DNA/CMC-EnSpm	765	EnSpm-6_VV_p1#DNA/CMC-EnSpm RBRM:EnSpm-6_VV cds_range:5417-7712 (may have more exons) [Vitis vinifera]
EnSpm-6_ZM_p1	CMC-EnSpm	DNA/CMC-EnSpm	1168	EnSpm-6_ZM_p1#DNA/CMC-EnSpm RBRM:ENSPM-6_ZM cds_range:1542-5046 (may have more exons) EnSpm11_SB_p1 over 90% similar. [Zea mays]
EnSpm-6_ZM_p2	CMC-EnSpm	DNA/CMC-EnSpm	728	EnSpm-6_ZM_p2#DNA/CMC-EnSpm RBRM:ENSPM-6_ZM cds_range:7908-10092 (may have more exons) [Zea mays]
EnSpm-7_FV_tp	CMC-EnSpm	DNA/CMC-EnSpm	1201	EnSpm-7_FV_tp#DNA/CMC-EnSpm RBRM:EnSpm-7_FV cds_range:1483-5086 [Fragaria vesca]
EnSpm-7_HM	CMC-EnSpm	DNA/CMC-EnSpm	677	EnSpm-7_HM#DNA/CMC-EnSpm RBRM:EnSpm-7_HM cds_range:799-2830 [Hydra vulgaris]
EnSpm-7_MLP_tp	CMC-EnSpm	DNA/CMC-EnSpm	606	EnSpm-7_MLP_tp#DNA/CMC-EnSpm RBRM:EnSpm-7_MLP cds_range:603-2421 Appears to have a 90 AA or so internal deletion [Melampsora larici-populina]
EnSpm-7_ZM_p1	CMC-EnSpm	DNA/CMC-EnSpm	465	EnSpm-7_ZM_p1#DNA/CMC-EnSpm RBRM:ENSPM-7_ZM cds_range:4242-5637 (may have more exons) [Zea mays]
EnSpm-8_HM	CMC-EnSpm	DNA/CMC-EnSpm	617	EnSpm-8_HM#DNA/CMC-EnSpm RBRM:EnSpm-8_HM frameshifts:1 cds_range:7111-8963 via tfasty with EnSpm-5_HM [Hydra vulgaris]
EnSpm-8_ZM_p1	CMC-EnSpm	DNA/CMC-EnSpm	839	EnSpm-8_ZM_p1#DNA/CMC-EnSpm RBRM:ENSPM-8_ZM cds_range:1249-3766 (may have more exons) [Zea mays]
EnSpm-8N_VV_p1	CMC-EnSpm	DNA/CMC-EnSpm	735	EnSpm-8N_VV_p1#DNA/CMC-EnSpm RBRM:EnSpm-8N_VV (may have more exons) [Vitis vinifera]
EnSpm-9_HM	CMC-EnSpm	DNA/CMC-EnSpm	662	EnSpm-9_HM#DNA/CMC-EnSpm RBRM:EnSpm-9_HM cds_range:215-2201 [Hydra vulgaris]
EnSpm-9_OS_p1	CMC-EnSpm	DNA/CMC-EnSpm	732	EnSpm-9_OS_p1#DNA/CMC-EnSpm RBRM:EnSpm-9_OS cds_range:1526-3722 (may have more exons) [Oryza sativa]
EnSpm-9_ZM_p1	CMC-EnSpm	DNA/CMC-EnSpm	831	EnSpm-9_ZM_p1#DNA/CMC-EnSpm RBRM:ENSPM-9_ZM cds_range:4436-6929 (may have more exons) [Zea mays]
EnSpm-10_CCri_2p	CMC-EnSpm	DNA/CMC-EnSpm	414	EnSpm-10_CCri_2p#DNA/CMC-EnSpm RBRM:EnSpm-10_CCri rev:1 cds_range:6762-5520 [Chondrus crispus]
EnSpm-10_CCri_3p	CMC-EnSpm	DNA/CMC-EnSpm	1025	EnSpm-10_CCri_3p#DNA/CMC-EnSpm RBRM:EnSpm-10_CCri cds_range:7272-10347 [Chondrus crispus]
EnSpm-10_FV_tp	CMC-EnSpm	DNA/CMC-EnSpm	1068	EnSpm-10_FV_tp#DNA/CMC-EnSpm RBRM:EnSpm-10_FV cds_range:509-3825 exons:509-3096;3208-3825 via genewise with EnSpm-2_Mad [Fragaria vesca]
EnSpm-10_HM	CMC-EnSpm	DNA/CMC-EnSpm	647	EnSpm-10_HM#DNA/CMC-EnSpm RBRM:EnSpm-10_HM cds_range:1172-3113 [Hydra vulgaris]
EnSpm-10_OS_p1	CMC-EnSpm	DNA/CMC-EnSpm	858	EnSpm-10_OS_p1#DNA/CMC-EnSpm RBRM:EnSpm-10_OS cds_range:5837-8411 (may have more exons) [Oryza sativa]
EnSpm-10_ZM_p1	CMC-EnSpm	DNA/CMC-EnSpm	889	EnSpm-10_ZM_p1#DNA/CMC-EnSpm RBRM:EnSpm-10_ZM cds_range:1979-4646 (may have more exons) EnSpm-14_SBi very similar. [Zea mays]
EnSpm-11_HM	CMC-EnSpm	DNA/CMC-EnSpm	839	EnSpm-11_HM#DNA/CMC-EnSpm RBRM:EnSpm-11_HM cds_range:575-3092 [Hydra vulgaris]
EnSpm-11_OS_p1	CMC-EnSpm	DNA/CMC-EnSpm	842	EnSpm-11_OS_p1#DNA/CMC-EnSpm RBRM:EnSpm-11_OS cds_range:1318-3844 (may have more exons) [Oryza sativa]
EnSpm-11_ZM_p1	CMC-EnSpm	DNA/CMC-EnSpm	841	EnSpm-11_ZM_p1#DNA/CMC-EnSpm RBRM:EnSpm-11_ZM cds_range:1181-3704 (may have more exons) [Zea mays]
EnSpm-12_HM	CMC-EnSpm	DNA/CMC-EnSpm	651	EnSpm-12_HM#DNA/CMC-EnSpm RBRM:EnSpm-12_HM cds_range:178-2131 [Hydra vulgaris]
EnSpm-12_OS_p1	CMC-EnSpm	DNA/CMC-EnSpm	851	EnSpm-12_OS_p1#DNA/CMC-EnSpm RBRM:EnSpm-12_OS cds_range:1578-4131 (may have more exons) [Oryza sativa]
EnSpm-12_ZM_p1	CMC-EnSpm	DNA/CMC-EnSpm	844	EnSpm-12_ZM_p1#DNA/CMC-EnSpm RBRM:EnSpm-12_ZM cds_range:992-3524 (may have more exons) [Zea mays]
EnSpm-13_HM	CMC-EnSpm	DNA/CMC-EnSpm	664	EnSpm-13_HM#DNA/CMC-EnSpm RBRM:EnSpm-13_HM frameshifts:1 stops:1 cds_range:1212-3205 via tfasty with EnSpm-6_HM [Hydra vulgaris]
EnSpm-13_OS_p1	CMC-EnSpm	DNA/CMC-EnSpm	870	EnSpm-13_OS_p1#DNA/CMC-EnSpm RBRM:EnSpm-13_OS cds_range:6391-9001 (may have more exons) [Oryza sativa]
EnSpm-13_VV_tp	CMC-EnSpm	DNA/CMC-EnSpm	1078	EnSpm-13_VV_tp#DNA/CMC-EnSpm RBRM:EnSpm-13_VV frameshifts:1 stops:1 cds_range:2756-6150 exons:2756-5220;5309-5426;5495-6150 via genewise with EnSpm-5_FV [Vitis vinifera]
EnSpm-13_ZM_p1	CMC-EnSpm	DNA/CMC-EnSpm	927	EnSpm-13_ZM_p1#DNA/CMC-EnSpm RBRM:EnSpm-13_ZM cds_range:1740-4521 (may have more exons) [Zea mays]
EnSpm-14_HM	CMC-EnSpm	DNA/CMC-EnSpm	672	EnSpm-14_HM#DNA/CMC-EnSpm RBRM:EnSpm-14_HM cds_range:286-2302 [Hydra vulgaris]
EnSpm-14_OS_p1	CMC-EnSpm	DNA/CMC-EnSpm	855	EnSpm-14_OS_p1#DNA/CMC-EnSpm RBRM:EnSpm-14_OS cds_range:6004-8569 (may have more exons) [Oryza sativa]
EnSpm-14_SBi_p2	CMC-EnSpm	DNA/CMC-EnSpm	422	EnSpm-14_SBi_p2#DNA/CMC-EnSpm RBRM:EnSpm-14_SBi frameshifts:7 cds_range:4353-6018 exons:4353-4666;4750-4948;5092-5223;5307-5487;5579-6018 via genewise with EnSpm5_SB_p2 [Sorghum bicolor]
EnSpm-14_ZM	CMC-EnSpm	DNA/CMC-EnSpm	753	EnSpm-14_ZM#DNA/CMC-EnSpm RBRM:EnSpm-14_ZM cds_range:1303-3562 [Zea mays]
EnSpm-15_HM	CMC-EnSpm	DNA/CMC-EnSpm	783	EnSpm-15_HM#DNA/CMC-EnSpm RBRM:EnSpm-15_HM frameshifts:2 cds_range:355-2704 via tfasty with EnSpm-4_DR_p1 [Hydra vulgaris]
EnSpm-15_OS_p1	CMC-EnSpm	DNA/CMC-EnSpm	731	EnSpm-15_OS_p1#DNA/CMC-EnSpm RBRM:EnSpm-15_OS cds_range:1254-3447 (may have more exons) [Oryza sativa]
EnSpm-16_HM	CMC-EnSpm	DNA/CMC-EnSpm	787	EnSpm-16_HM#DNA/CMC-EnSpm RBRM:EnSpm-16_HM cds_range:1864-4225 [Hydra vulgaris]
EnSpm-16_OS_p1	CMC-EnSpm	DNA/CMC-EnSpm	856	EnSpm-16_OS_p1#DNA/CMC-EnSpm RBRM:EnSpm-16_OS cds_range:2116-4684 (may have more exons) [Oryza sativa]
EnSpm-17_CCri_2p	CMC-EnSpm	DNA/CMC-EnSpm	1138	EnSpm-17_CCri_2p#DNA/CMC-EnSpm RBRM:EnSpm-17_CCri cds_range:10461-13875 [Chondrus crispus]
EnSpm-17_HM	CMC-EnSpm	DNA/CMC-EnSpm	679	EnSpm-17_HM#DNA/CMC-EnSpm RBRM:EnSpm-17_HM frameshifts:1 cds_range:519-2557 via tfasty with EnSpm-6_DR [Hydra vulgaris]
EnSpm-18_CCri	CMC-EnSpm	DNA/CMC-EnSpm	1077	EnSpm-18_CCri#DNA/CMC-EnSpm RBRM:EnSpm-18_CCri cds_range:4315-7546 [Chondrus crispus]
EnSpm-18_HMa	CMC-EnSpm	DNA/CMC-EnSpm	1077	EnSpm-18_HMa#DNA/CMC-EnSpm RBRM:EnSpm-18_HMa cds_range:805-4160 exons:805-1439;1563-4160 Genscan predicition 1 intron. [Hydra vulgaris]
EnSpm-18_SBi_1p	CMC-EnSpm	DNA/CMC-EnSpm	1168	EnSpm-18_SBi_1p#DNA/CMC-EnSpm RBRM:EnSpm-18_SBi cds_range:739-4243 [Sorghum bicolor]
EnSpm-18_SBi_2p	CMC-EnSpm	DNA/CMC-EnSpm	606	EnSpm-18_SBi_2p#DNA/CMC-EnSpm RBRM:EnSpm-18_SBi cds_range:6615-8433 [Sorghum bicolor]
EnSpm-19_HMa	CMC-EnSpm	DNA/CMC-EnSpm	1052	EnSpm-19_HMa#DNA/CMC-EnSpm RBRM:EnSpm-19_HMa cds_range:1008-4984 exons:1008-1645;1756-1874;1989-2140;2460-2614;2888-4984 via genewise with EnSpm-18_HMa [Hydra vulgaris]
EnSpm-19_SBi_tp	CMC-EnSpm	DNA/CMC-EnSpm	900	EnSpm-19_SBi_tp#DNA/CMC-EnSpm RBRM:EnSpm-19_SBi cds_range:2592-5292 [Sorghum bicolor]
EnSpm-20_CCri_2p	CMC-EnSpm	DNA/CMC-EnSpm	1071	EnSpm-20_CCri_2p#DNA/CMC-EnSpm RBRM:EnSpm-20_CCri cds_range:7587-10800 [Chondrus crispus]
EnSpm-20_HMa	CMC-EnSpm	DNA/CMC-EnSpm	1048	EnSpm-20_HMa#DNA/CMC-EnSpm RBRM:EnSpm-20_HMa cds_range:740-5751 exons:740-1410;1479-1588;1699-1986;3673-5751 via genewise with EnSpm-18_HMa [Hydra vulgaris]
EnSpm-20_SBi_tp	CMC-EnSpm	DNA/CMC-EnSpm	913	EnSpm-20_SBi_tp#DNA/CMC-EnSpm RBRM:EnSpm-20_SBi cds_range:1024-3763 [Sorghum bicolor]
EnSpm-21_CCri_tp	CMC-EnSpm	DNA/CMC-EnSpm	1024	EnSpm-21_CCri_tp#DNA/CMC-EnSpm RBRM:EnSpm-21_CCri cds_range:1455-4527 [Chondrus crispus]
EnSpm-21_HMa	CMC-EnSpm	DNA/CMC-EnSpm	1048	EnSpm-21_HMa#DNA/CMC-EnSpm RBRM:EnSpm-21_HMa cds_range:909-4416 exons:909-1546;1909-4416 via genewise with EnSpm-18_HMa [Hydra vulgaris]
EnSpm-22_CCri_tp	CMC-EnSpm	DNA/CMC-EnSpm	1025	EnSpm-22_CCri_tp#DNA/CMC-EnSpm RBRM:EnSpm-22_CCri rev:1 cds_range:3667-592 [Chondrus crispus]
EnSpm-22_HMa	CMC-EnSpm	DNA/CMC-EnSpm	978	EnSpm-22_HMa#DNA/CMC-EnSpm RBRM:EnSpm-22_HMa frameshifts:9 stops:3 cds_range:708-5381 exons:708-1343;1568-1709;2947-3105;3246-3403;3547-5381 via genewise with EnSpm-19_HMa [Hydra vulgaris]
EnSpm-22_SBi_tp	CMC-EnSpm	DNA/CMC-EnSpm	1167	EnSpm-22_SBi_tp#DNA/CMC-EnSpm RBRM:EnSpm-22_SBi cds_range:1313-4814 [Sorghum bicolor]
EnSpm-23_CCri	CMC-EnSpm	DNA/CMC-EnSpm	1087	EnSpm-23_CCri#DNA/CMC-EnSpm RBRM:EnSpm-23_CCri cds_range:2888-6149 [Chondrus crispus]
EnSpm-26_CCri_2p	CMC-EnSpm	DNA/CMC-EnSpm	331	EnSpm-26_CCri_2p#DNA/CMC-EnSpm RBRM:EnSpm-26_CCri rev:1 cds_range:5574-4581 [Chondrus crispus]
EnSpm-26_CCri_3p	CMC-EnSpm	DNA/CMC-EnSpm	1123	EnSpm-26_CCri_3p#DNA/CMC-EnSpm RBRM:EnSpm-26_CCri cds_range:6197-9566 [Chondrus crispus]
EnSpm-26_SBi_tp	CMC-EnSpm	DNA/CMC-EnSpm	846	EnSpm-26_SBi_tp#DNA/CMC-EnSpm RBRM:EnSpm-26_SBi cds_range:2725-5263 [Sorghum bicolor]
EnSpm-27_CCri	CMC-EnSpm	DNA/CMC-EnSpm	1110	EnSpm-27_CCri#DNA/CMC-EnSpm RBRM:EnSpm-27_CCri cds_range:5392-8722 [Chondrus crispus]
EnSpm-30_SBi_env	CMC-EnSpm	DNA/CMC-EnSpm	542	EnSpm-30_SBi_env#DNA/CMC-EnSpm RBRM:EnSpm-30_SBi rev:1 cds_range:2554-928 [Sorghum bicolor]
EnSpm-30_SBi_p2	CMC-EnSpm	DNA/CMC-EnSpm	889	EnSpm-30_SBi_p2#DNA/CMC-EnSpm RBRM:EnSpm-30_SBi cds_range:27830-30497 [Sorghum bicolor]
EnSpm-34_CCri_1p	CMC-EnSpm	DNA/CMC-EnSpm	448	EnSpm-34_CCri_1p#DNA/CMC-EnSpm RBRM:EnSpm-34_CCri rev:1 cds_range:6393-5049 [Chondrus crispus]
EnSpm-34_SBi_1p	CMC-EnSpm	DNA/CMC-EnSpm	858	EnSpm-34_SBi_1p#DNA/CMC-EnSpm RBRM:EnSpm-34_SBi cds_range:1686-4260 [Sorghum bicolor]
EnSpm-36_SBi_1p	CMC-EnSpm	DNA/CMC-EnSpm	1178	EnSpm-36_SBi_1p#DNA/CMC-EnSpm RBRM:EnSpm-36_SBi cds_range:574-4108 [Sorghum bicolor]
EnSpm-36_SBi_2p	CMC-EnSpm	DNA/CMC-EnSpm	641	EnSpm-36_SBi_2p#DNA/CMC-EnSpm RBRM:EnSpm-36_SBi cds_range:6123-8046 [Sorghum bicolor]
EnSpm-39_SBi	CMC-EnSpm	DNA/CMC-EnSpm	844	EnSpm-39_SBi#DNA/CMC-EnSpm RBRM:EnSpm-39_SBi cds_range:1503-4035 [Sorghum bicolor]
EnSpm-40_SBi_1p	CMC-EnSpm	DNA/CMC-EnSpm	859	EnSpm-40_SBi_1p#DNA/CMC-EnSpm RBRM:EnSpm-40_SBi cds_range:1350-3927 [Sorghum bicolor]
EnSpm-41_SBi_1p	CMC-EnSpm	DNA/CMC-EnSpm	856	EnSpm-41_SBi_1p#DNA/CMC-EnSpm RBRM:EnSpm-41_SBi cds_range:1230-3798 [Sorghum bicolor]
EnSpm-44_SBi_1p	CMC-EnSpm	DNA/CMC-EnSpm	726	EnSpm-44_SBi_1p#DNA/CMC-EnSpm RBRM:EnSpm-44_SBi cds_range:1437-3615 [Sorghum bicolor]
EnSpm_AC	CMC-EnSpm	DNA/CMC-EnSpm	613	EnSpm_AC#DNA/CMC-EnSpm RBRM:ENSPM_AC frameshifts:7 cds_range:72-1908 via tfasty with EnSpm1_PT [Allium cepa]
EnSpm_CA	CMC-EnSpm	DNA/CMC-EnSpm	366	EnSpm_CA#DNA/CMC-EnSpm RBRM:ENSPM_CA frameshifts:1 cds_range:10-1109 (fragment of tp only) via tfasty with EnSpm_MT [Cicer arietinum]
EnSpm_MT	CMC-EnSpm	DNA/CMC-EnSpm	1186	EnSpm_MT#DNA/CMC-EnSpm RBRM:ENSPM_MT frameshifts:1 stops:1 cds_range:1876-5435 [Medicago truncatula]
EnSpm_OS	CMC-EnSpm	DNA/CMC-EnSpm	1115	EnSpm_OS#DNA/CMC-EnSpm RBRM:ENSPM_OS cds_range:841-4186 [Oryza sativa]
OShooter_p1	CMC-EnSpm	DNA/CMC-EnSpm	891	OShooter_p1#DNA/CMC-EnSpm RBRM:OSHOOTER cds_range:4446-7119 [Oryza sativa]
PSL	CMC-EnSpm	DNA/CMC-EnSpm	1127	PSL#DNA/CMC-EnSpm RBRM:PSL cds_range:1926-5647 exons:1926-3565;3655-4336;4409-4724;4814-4914;5004-5647 genewised with ATEnSpm6 (poly E removed) [Petunia]
Shooter_ZM	CMC-EnSpm	DNA/CMC-EnSpm	792	Shooter_ZM#DNA/CMC-EnSpm RBRM:SHOOTER_ZM cds_range:2681-5057 [Zea mays]
SmTRC1	CMC-EnSpm	DNA/CMC-EnSpm	560	SmTRC1#DNA/CMC-EnSpm RBRM:SmTRC1 cds_range:877-2557 [Schistosoma mansoni]
SPMLIKE_p1	CMC-EnSpm	DNA/CMC-EnSpm	1110	SPMLIKE_p1#DNA/CMC-EnSpm RBRM:SPMLIKE cds_range:892-4222 [Oryza sativa]
SPMLIKE_p2	CMC-EnSpm	DNA/CMC-EnSpm	840	SPMLIKE_p2#DNA/CMC-EnSpm RBRM:SPMLIKE cds_range:6829-9444 exons:6829-8250;8345-9444 via genewise with EnSpm-4_HV_p2, 1 intron. [Oryza sativa]
TDC1	CMC-EnSpm	DNA/CMC-EnSpm	520	TDC1#DNA/CMC-EnSpm RBRM:TDC1 cds_range:1373-2933 [Daucus carota]
EnSpm-2_CCri_4p	CMC-EnSpm	DNA/CMC-EnSpm	769	EnSpm-2_CCri_4p#DNA/CMC-EnSpm RBRM:EnSpm-2_CCri rev:1 cds_range:20510-18203 [Chondrus crispus]
EnSpm-2_CCri_tp	CMC-EnSpm	DNA/CMC-EnSpm	1268	EnSpm-2_CCri_tp#DNA/CMC-EnSpm RBRM:EnSpm-2_CCri cds_range:2976-6780 [Chondrus crispus]
EnSpm-2C_CCri_3p	CMC-EnSpm	DNA/CMC-EnSpm	1258	EnSpm-2C_CCri_3p#DNA/CMC-EnSpm RBRM:EnSpm-2C_CCri cds_range:10125-13899 [Chondrus crispus]
EnSpm-2C_CCri_4p	CMC-EnSpm	DNA/CMC-EnSpm	498	EnSpm-2C_CCri_4p#DNA/CMC-EnSpm RBRM:EnSpm-2C_CCri cds_range:14938-16432 [Chondrus crispus]
EnSpm-2C_CCri_mt	CMC-EnSpm	DNA/CMC-EnSpm	1003	EnSpm-2C_CCri_mt#DNA/CMC-EnSpm RBRM:EnSpm-2C_CCri rev:1 cds_range:8536-5527 (DNA methylase and SET domain) [Chondrus crispus]
EnSpm-3_CCri_3p	CMC-EnSpm	DNA/CMC-EnSpm	1074	EnSpm-3_CCri_3p#DNA/CMC-EnSpm RBRM:EnSpm-3_CCri cds_range:9692-12914 [Chondrus crispus]
EnSpm-3_CCri_4p	CMC-EnSpm	DNA/CMC-EnSpm	468	EnSpm-3_CCri_4p#DNA/CMC-EnSpm RBRM:EnSpm-3_CCri cds_range:13295-14699 [Chondrus crispus]
EnSpm-3_CCri_5p	CMC-EnSpm	DNA/CMC-EnSpm	691	EnSpm-3_CCri_5p#DNA/CMC-EnSpm RBRM:EnSpm-3_CCri rev:1 cds_range:16967-14894 [Chondrus crispus]
EnSpm-3_CCri_mt	CMC-EnSpm	DNA/CMC-EnSpm	976	EnSpm-3_CCri_mt#DNA/CMC-EnSpm RBRM:EnSpm-3_CCri rev:1 cds_range:8242-5314 (methylase and SET domain) [Chondrus crispus]
EnSpm-3_CCri_tp	CMC-EnSpm	DNA/CMC-EnSpm	1232	EnSpm-3_CCri_tp#DNA/CMC-EnSpm RBRM:EnSpm-3_CCri cds_range:1513-5209 [Chondrus crispus]
EnSpm-4_CCri_1p	CMC-EnSpm	DNA/CMC-EnSpm	580	EnSpm-4_CCri_1p#DNA/CMC-EnSpm RBRM:EnSpm-4_CCri rev:1 cds_range:2262-522 [Chondrus crispus]
EnSpm-4_CCri_tp	CMC-EnSpm	DNA/CMC-EnSpm	1180	EnSpm-4_CCri_tp#DNA/CMC-EnSpm RBRM:EnSpm-4_CCri cds_range:11927-15467 [Chondrus crispus]
EnSpm-5_CCri_1p	CMC-EnSpm	DNA/CMC-EnSpm	551	EnSpm-5_CCri_1p#DNA/CMC-EnSpm RBRM:EnSpm-5_CCri rev:1 cds_range:2016-363 [Chondrus crispus]
EnSpm-5_CCri_2p	CMC-EnSpm	DNA/CMC-EnSpm	861	EnSpm-5_CCri_2p#DNA/CMC-EnSpm RBRM:EnSpm-5_CCri cds_range:2216-4799 [Chondrus crispus]
EnSpm-5_CCri_tp	CMC-EnSpm	DNA/CMC-EnSpm	1322	EnSpm-5_CCri_tp#DNA/CMC-EnSpm RBRM:EnSpm-5_CCri cds_range:13594-17560 [Chondrus crispus]
EnSpm-6_CCri_1p	CMC-EnSpm	DNA/CMC-EnSpm	834	EnSpm-6_CCri_1p#DNA/CMC-EnSpm RBRM:EnSpm-6_CCri rev:1 cds_range:3521-1019 [Chondrus crispus]
EnSpm-6_CCri_3p	CMC-EnSpm	DNA/CMC-EnSpm	479	EnSpm-6_CCri_3p#DNA/CMC-EnSpm RBRM:EnSpm-6_CCri rev:1 cds_range:9352-7915 [Chondrus crispus]
EnSpm-6_CCri_tp	CMC-EnSpm	DNA/CMC-EnSpm	1264	EnSpm-6_CCri_tp#DNA/CMC-EnSpm RBRM:EnSpm-6_CCri cds_range:3814-7606 [Chondrus crispus]
EnSpm-7_CCri_2p	CMC-EnSpm	DNA/CMC-EnSpm	748	EnSpm-7_CCri_2p#DNA/CMC-EnSpm RBRM:EnSpm-7_CCri rev:1 cds_range:9030-6786 [Chondrus crispus]
EnSpm-7_CCri_4p	CMC-EnSpm	DNA/CMC-EnSpm	366	EnSpm-7_CCri_4p#DNA/CMC-EnSpm RBRM:EnSpm-7_CCri rev:1 cds_range:15026-13928 [Chondrus crispus]
EnSpm-7_CCri_tp	CMC-EnSpm	DNA/CMC-EnSpm	1264	EnSpm-7_CCri_tp#DNA/CMC-EnSpm RBRM:EnSpm-7_CCri cds_range:9502-13294 [Chondrus crispus]
EnSpm-8_CCri_2p	CMC-EnSpm	DNA/CMC-EnSpm	796	EnSpm-8_CCri_2p#DNA/CMC-EnSpm RBRM:EnSpm-8_CCri rev:1 cds_range:5138-2750 [Chondrus crispus]
EnSpm-8_CCri_4p	CMC-EnSpm	DNA/CMC-EnSpm	475	EnSpm-8_CCri_4p#DNA/CMC-EnSpm RBRM:EnSpm-8_CCri rev:1 cds_range:11104-9679 [Chondrus crispus]
EnSpm-8_CCri_tp	CMC-EnSpm	DNA/CMC-EnSpm	1333	EnSpm-8_CCri_tp#DNA/CMC-EnSpm RBRM:EnSpm-8_CCri cds_range:5629-9628 [Chondrus crispus]
EnSpm-9_CCri_2p	CMC-EnSpm	DNA/CMC-EnSpm	462	EnSpm-9_CCri_2p#DNA/CMC-EnSpm RBRM:EnSpm-9_CCri cds_range:8315-9701 [Chondrus crispus]
EnSpm-9_CCri_3p	CMC-EnSpm	DNA/CMC-EnSpm	741	EnSpm-9_CCri_3p#DNA/CMC-EnSpm RBRM:EnSpm-9_CCri rev:1 cds_range:14847-12624 [Chondrus crispus]
EnSpm-9_CCri_tp	CMC-EnSpm	DNA/CMC-EnSpm	1263	EnSpm-9_CCri_tp#DNA/CMC-EnSpm RBRM:EnSpm-9_CCri cds_range:1917-5706 [Chondrus crispus]
EnSpm-9D_CCri_1p	CMC-EnSpm	DNA/CMC-EnSpm	654	EnSpm-9D_CCri_1p#DNA/CMC-EnSpm RBRM:EnSpm-9D_CCri rev:1 cds_range:2371-409 [Chondrus crispus]
EnSpm-28_CCri_1p	CMC-EnSpm	DNA/CMC-EnSpm	589	EnSpm-28_CCri_1p#DNA/CMC-EnSpm RBRM:EnSpm-28_CCri cds_range:708-2475 [Chondrus crispus]
EnSpm-28_CCri_4p	CMC-EnSpm	DNA/CMC-EnSpm	472	EnSpm-28_CCri_4p#DNA/CMC-EnSpm RBRM:EnSpm-28_CCri rev:1 cds_range:14512-13096 [Chondrus crispus]
EnSpm-28B_CCri_2p	CMC-EnSpm	DNA/CMC-EnSpm	1248	EnSpm-28B_CCri_2p#DNA/CMC-EnSpm RBRM:EnSpm-28B_CCri cds_range:5244-8988 [Chondrus crispus]
EnSpm-28B_CCri_3p	CMC-EnSpm	DNA/CMC-EnSpm	589	EnSpm-28B_CCri_3p#DNA/CMC-EnSpm RBRM:EnSpm-28B_CCri rev:1 cds_range:12349-10582 [Chondrus crispus]
EnSpm-28B_CCri_4p	CMC-EnSpm	DNA/CMC-EnSpm	472	EnSpm-28B_CCri_4p#DNA/CMC-EnSpm RBRM:EnSpm-28B_CCri rev:1 cds_range:14550-13134 [Chondrus crispus]
ENSUPMET	CMC-EnSpm	DNA/CMC-EnSpm	940	ENSUPMET#DNA/CMC-EnSpm RBRM:ENSUPMET stops:3 cds_range:2700-5544 exons:2700-5034;5064-5544 [Medicago truncatula]
UN-Mirage1	CMC-Mirage	DNA/CMC-Mirage	805	UN-Mirage1#DNA/CMC-Mirage   Predicted CDS, polypeptide chain release factor family member [Caenorhabditis elegans]
UN-GIN1_int	CMC-Mirage	DNA/CMC-Mirage	392	UN-GIN1_int#DNA/CMC-Mirage   EXAPTED GENE!  unnamed protein product [Homo sapiens]
UN-GIN2_int	CMC-Mirage	DNA/CMC-Mirage	422	UN-GIN2_int#DNA/CMC-Mirage   EXAPTED GENE!  PREDICTED: similar to MGC80999 protein [Gallus gallus]
Mirage1_CB	CMC-Mirage	DNA/CMC-Mirage	278	Mirage1_CB#DNA/CMC-Mirage RBRM:Mirage1_CB cds_range:2324-3158 Fragment. Mirage1_CB must hav a multi-exon coding region (e.g. there are matches to the mirage protein from 1049-1559), but genscan is thwarted by frameshifts and stopcodons [Caenorhabditis briggsae]
Transib1	CMC-Transib	DNA/CMC-Transib	699	Transib1#DNA/CMC-Transib  Dfam:DF0001719 cds_range:527-2624 [Drosophila fruit fly genus]
Transib2	CMC-Transib	DNA/CMC-Transib	693	Transib2#DNA/CMC-Transib  Dfam:DF0001720 cds_range:533-2612 [Drosophila fruit fly genus]
Transib3	CMC-Transib	DNA/CMC-Transib	689	Transib3#DNA/CMC-Transib  Dfam:DF0001721 frameshifts:3 cds_range:542-2610 via tfasty with Transib2 [Drosophila fruit fly genus]
Transib4	CMC-Transib	DNA/CMC-Transib	565	Transib4#DNA/CMC-Transib  Dfam:DF0001722 frameshifts:4 stops:1 cds_range:526-2219 via tfasty with Transib1 (130 AA internal deletion) [Drosophila fruit fly genus]
Transib5	CMC-Transib	DNA/CMC-Transib	595	Transib5#DNA/CMC-Transib  Dfam:DF0001723 cds_range:779-2564 [Drosophila melanogaster]
Transib1_AA	CMC-Transib	DNA/CMC-Transib	647	Transib1_AA#DNA/CMC-Transib RBRM:Transib1_AA cds_range:846-2937 exons:846-1476;1567-1727;1786-2937 via genewise with Transib1_Dmoj [Aedes aegypti]
Transib1_AG	CMC-Transib	DNA/CMC-Transib	708	Transib1_AG#DNA/CMC-Transib RBRM:TRANSIB1_AG cds_range:1538-3662 [Anopheles genus]
Transib1_Dmoj	CMC-Transib	DNA/CMC-Transib	682	Transib1_Dmoj#DNA/CMC-Transib RBRM:Transib1_Dmoj cds_range:498-2544 [Drosophila mojavensis]
Transib1_DP	CMC-Transib	DNA/CMC-Transib	626	Transib1_DP#DNA/CMC-Transib RBRM:Transib1_DP cds_range:738-2616 [Drosophila pseudoobscura]
Transib1_Dwil	CMC-Transib	DNA/CMC-Transib	672	Transib1_Dwil#DNA/CMC-Transib RBRM:Transib1_Dwil cds_range:497-2513 [Drosophila willistoni]
Transib1_NVi	CMC-Transib	DNA/CMC-Transib	652	Transib1_NVi#DNA/CMC-Transib RBRM:Transib1_NVi frameshifts:1 cds_range:1015-2970 via tfasty with Transib1_SP [Nasonia vitripennis]
Transib1_SP	CMC-Transib	DNA/CMC-Transib	676	Transib1_SP#DNA/CMC-Transib RBRM:Transib1_SP cds_range:832-3307 exons:832-1702;2149-3307 ,2151-3307 from RepBase. [Strongylocentrotus purpuratus]
Transib2_AG	CMC-Transib	DNA/CMC-Transib	657	Transib2_AG#DNA/CMC-Transib RBRM:TRANSIB2_AG frameshifts:1 stops:1 cds_range:330-2300 via tfasty with Transib1_AG_1539-36 [Anopheles genus]
Transib2_DP	CMC-Transib	DNA/CMC-Transib	633	Transib2_DP#DNA/CMC-Transib RBRM:Transib2_DP cds_range:736-2635 [Drosophila pseudoobscura]
Transib3_AG	CMC-Transib	DNA/CMC-Transib	674	Transib3_AG#DNA/CMC-Transib RBRM:TRANSIB3_AG cds_range:45-2067 [Anopheles genus]
Transib3_DP	CMC-Transib	DNA/CMC-Transib	680	Transib3_DP#DNA/CMC-Transib RBRM:Transib3_DP cds_range:431-2471 [Drosophila pseudoobscura]
Transib4_DP	CMC-Transib	DNA/CMC-Transib	435	Transib4_DP#DNA/CMC-Transib RBRM:Transib4_DP (fragment)  [Drosophila pseudoobscura]
Transib5_AA	CMC-Transib	DNA/CMC-Transib	343	Transib5_AA#DNA/CMC-Transib RBRM:Transib5_AA cds_range:1-1030 (fragment)  [Aedes aegypti]
Transib-1_CQ	CMC-Transib	DNA/CMC-Transib	697	Transib-1_CQ#DNA/CMC-Transib RBRM:Transib-1_CQ cds_range:756-2847 [Culex quinquefasciatus]
Transib-1_DAn	CMC-Transib	DNA/CMC-Transib	737	Transib-1_DAn#DNA/CMC-Transib RBRM:Transib-1_DAn cds_range:455-2666 [Drosophila ananassae]
Transib-1_DF	CMC-Transib	DNA/CMC-Transib	734	Transib-1_DF#DNA/CMC-Transib RBRM:Transib-1_DF frameshifts:1 stops:1 cds_range:450-2651 via tfasty with Transib-1_DAn [Drosophila ficusphila]
Transib-1_LHu_1p	CMC-Transib	DNA/CMC-Transib	656	Transib-1_LHu_1p#DNA/CMC-Transib RBRM:Transib-1_LHu cds_range:1964-3932 [Linepithema humile]
Transib-2_DAn	CMC-Transib	DNA/CMC-Transib	725	Transib-2_DAn#DNA/CMC-Transib RBRM:Transib-2_DAn cds_range:468-2643 [Drosophila ananassae]
Transib-2_DBi	CMC-Transib	DNA/CMC-Transib	651	Transib-2_DBi#DNA/CMC-Transib RBRM:Transib-2_DBi frameshifts:1 cds_range:549-6177 exons:549-961;4637-6177 via tfasty with Transib1 [Drosophila biarmipes]
Transib-2_DW	CMC-Transib	DNA/CMC-Transib	715	Transib-2_DW#DNA/CMC-Transib RBRM:Transib-2_DW cds_range:490-2635 [Drosophila willistoni]
Transib-2_HM	CMC-Transib	DNA/CMC-Transib	671	Transib-2_HM#DNA/CMC-Transib RBRM:Transib-2_HM cds_range:871-2884 [Hydra vulgaris]
Transib-2_SIn_1p	CMC-Transib	DNA/CMC-Transib	727	Transib-2_SIn_1p#DNA/CMC-Transib RBRM:Transib-2_SIn cds_range:416-2597 [Solenopsis invicta]
Transib-3_DAn	CMC-Transib	DNA/CMC-Transib	694	Transib-3_DAn#DNA/CMC-Transib RBRM:Transib-3_DAn cds_range:538-2620 [Drosophila ananassae]
Transib-3_DBp	CMC-Transib	DNA/CMC-Transib	696	Transib-3_DBp#DNA/CMC-Transib RBRM:Transib-3_DBp frameshifts:1 cds_range:548-2635 via tfasty with Transib2 [Drosophila bipectinata]
Transib-3_HM	CMC-Transib	DNA/CMC-Transib	650	Transib-3_HM#DNA/CMC-Transib RBRM:Transib-3_HM cds_range:861-2811 [Hydra vulgaris]
Transib-4_DAn	CMC-Transib	DNA/CMC-Transib	681	Transib-4_DAn#DNA/CMC-Transib RBRM:Transib-4_DAn cds_range:477-2520 [Drosophila ananassae]
Transib-4_DBp	CMC-Transib	DNA/CMC-Transib	708	Transib-4_DBp#DNA/CMC-Transib RBRM:Transib-4_DBp cds_range:527-2651 [Drosophila bipectinata]
Transib-4_HM	CMC-Transib	DNA/CMC-Transib	656	Transib-4_HM#DNA/CMC-Transib RBRM:Transib-4_HM cds_range:1360-3328 [Hydra vulgaris]
Transib-5_DAn	CMC-Transib	DNA/CMC-Transib	621	Transib-5_DAn#DNA/CMC-Transib RBRM:Transib-5_DAn cds_range:718-2581 [Drosophila ananassae]
Transib-5_DBi	CMC-Transib	DNA/CMC-Transib	682	Transib-5_DBi#DNA/CMC-Transib RBRM:Transib-5_DBi frameshifts:1 cds_range:546-2593 via tfasty with Transib2 [Drosophila biarmipes]
Transib-5_DBp	CMC-Transib	DNA/CMC-Transib	674	Transib-5_DBp#DNA/CMC-Transib RBRM:Transib-5_DBp frameshifts:2 stops:2 cds_range:55-2079 via tfasty with Transib-1_DAn [Drosophila bipectinata]
Transib-5_HM	CMC-Transib	DNA/CMC-Transib	663	Transib-5_HM#DNA/CMC-Transib RBRM:Transib-5_HM cds_range:636-2625 [Hydra vulgaris]
Transib-6_DBi	CMC-Transib	DNA/CMC-Transib	686	Transib-6_DBi#DNA/CMC-Transib RBRM:Transib-6_DBi frameshifts:1 cds_range:525-2584 via tfasty with Transib1 [Drosophila biarmipes]
Transib-6_DBp	CMC-Transib	DNA/CMC-Transib	672	Transib-6_DBp#DNA/CMC-Transib RBRM:Transib-6_DBp cds_range:614-2630 [Drosophila bipectinata]
Transib-6_HM	CMC-Transib	DNA/CMC-Transib	648	Transib-6_HM#DNA/CMC-Transib RBRM:Transib-6_HM cds_range:1042-2986 [Hydra vulgaris]
Transib-7_DAn	CMC-Transib	DNA/CMC-Transib	689	Transib-7_DAn#DNA/CMC-Transib RBRM:Transib-7_DAn frameshifts:1 stops:3 cds_range:642-2708 via tfasty with Transib-2_HM [Drosophila ananassae]
Transib-7_HM	CMC-Transib	DNA/CMC-Transib	647	Transib-7_HM#DNA/CMC-Transib RBRM:Transib-7_HM cds_range:756-2697 [Hydra vulgaris]
Transib-8_DAn	CMC-Transib	DNA/CMC-Transib	611	Transib-8_DAn#DNA/CMC-Transib RBRM:Transib-8_DAn frameshifts:1 cds_range:757-2589 via tfasty with Transib-1_DBp [Drosophila ananassae]
Transib-8_HM	CMC-Transib	DNA/CMC-Transib	636	Transib-8_HM#DNA/CMC-Transib RBRM:Transib-8_HM cds_range:728-2636 [Hydra vulgaris]
Transib-9_HM	CMC-Transib	DNA/CMC-Transib	619	Transib-9_HM#DNA/CMC-Transib RBRM:Transib-9_HM frameshifts:1 stops:2 cds_range:1225-3083 via tfasty with Transib-4_HM [Hydra vulgaris]
Transib-10_HM	CMC-Transib	DNA/CMC-Transib	561	Transib-10_HM#DNA/CMC-Transib RBRM:Transib-10_HM cds_range:1342-3025 [Hydra vulgaris]
Transib-11_HM	CMC-Transib	DNA/CMC-Transib	651	Transib-11_HM#DNA/CMC-Transib RBRM:Transib-11_HM cds_range:1073-3026 [Hydra vulgaris]
Transib-12_HM	CMC-Transib	DNA/CMC-Transib	654	Transib-12_HM#DNA/CMC-Transib RBRM:Transib-12_HM cds_range:1622-3584 [Hydra vulgaris]
Transib-13_HM	CMC-Transib	DNA/CMC-Transib	742	Transib-13_HM#DNA/CMC-Transib RBRM:Transib-13_HM cds_range:488-2714 [Hydra vulgaris]
Transib-14_HM	CMC-Transib	DNA/CMC-Transib	703	Transib-14_HM#DNA/CMC-Transib RBRM:Transib-14_HM cds_range:777-2886 [Hydra vulgaris]
Transib-15_HM	CMC-Transib	DNA/CMC-Transib	689	Transib-15_HM#DNA/CMC-Transib RBRM:Transib-15_HM cds_range:1035-3194 exons:1035-1287;1379-3194 Via genewise with Transib-2_HM [Hydra vulgaris]
Transib-16_HM	CMC-Transib	DNA/CMC-Transib	669	Transib-16_HM#DNA/CMC-Transib RBRM:Transib-16_HM cds_range:1013-3094 exons:1013-1255;1329-3094 Via genewise with Transib-5_HM [Hydra vulgaris]
Transib-17_HM	CMC-Transib	DNA/CMC-Transib	649	Transib-17_HM#DNA/CMC-Transib RBRM:Transib-17_HM cds_range:1042-3089 exons:1042-1315;1415-3089 Via genewise with Transib-6_HM [Hydra vulgaris]
Transib-18_HM	CMC-Transib	DNA/CMC-Transib	601	Transib-18_HM#DNA/CMC-Transib RBRM:Transib-18_HM cds_range:860-2732 exons:860-2168;2237-2732 via genewise with Transib-7_HM#DNA/CMC-Transib [Hydra vulgaris]
Transib-19_HM	CMC-Transib	DNA/CMC-Transib	612	Transib-19_HM#DNA/CMC-Transib RBRM:Transib-19_HM frameshifts:1 cds_range:810-2979 exons:810-1110;1304-1393;1531-2979 via genewise with Transib-3_HM#DNA/CMC-Transib [Hydra vulgaris]
Transib-20_HM	CMC-Transib	DNA/CMC-Transib	777	Transib-20_HM#DNA/CMC-Transib RBRM:Transib-20_HM frameshifts:1 cds_range:1136-3466 via tfasty with Transib-16_HM [Hydra vulgaris]
Transib-21_HMa	CMC-Transib	DNA/CMC-Transib	660	Transib-21_HMa#DNA/CMC-Transib RBRM:Transib-21_HMa cds_range:930-2910 [Hydra vulgaris]
Dada-tA_DR_tp	Dada	DNA/Dada	1504	Dada-tA_DR_tp#DNA/Dada  Dfam:DF0002551 cds_range:1290-7569 exons:1290-2100;2197-2281;2362-2440;3099-3628;3709-4037;4115-4917;5156-5366;5500-5853;5930-6436;6520-6622;6765-6866;6945-7569 via genewise with Dada-U6_SS [Danio rerio]
Dada-tL_DR_tp	Dada	DNA/Dada	1295	Dada-tL_DR_tp#DNA/Dada  Dfam:DF0002449 cds_range:528-8626 exons:528-671;1163-1250;3082-3214;3578-3656;4162-4653;4816-5144;5261-6063;6159-6369;6833-7231;7410-8626 via genewise with Dada-1_TN,. [Danio rerio]
Dada-U1A_DR_tp	Dada	DNA/Dada	1551	Dada-U1A_DR_tp#DNA/Dada  Dfam:DF0002511 cds_range:1665-9069 exons:1665-1827;1906-2042;2110-2474;3947-4027;4096-4691;4798-5355;5457-5627;5985-6152;6647-9069 from RepBase,. [Danio rerio]
Dada-U1B_DR_tp	Dada	DNA/Dada	1483	Dada-U1B_DR_tp#DNA/Dada  Dfam:DF0003747 cds_range:1511-8311 exons:1511-1812;1973-2340;2454-2919;3005-3368;3528-3719;3803-4140;4747-5372;5595-5784;6579-7049;7170-8311 from RepBase,. [Danio rerio]
Dada-U6_DR_tp	Dada	DNA/Dada	1264	Dada-U6_DR_tp#DNA/Dada  Dfam:DF0003423 cds_range:1042-7029 exons:1042-1574;1698-1803;2786-3299;3507-3835;3969-4723;4808-5018;5109-5399;5552-5818;5936-6182;6274-6414;6621-7029 via genewise with Dada-U6_SS [Danio rerio]
Dada-1_BF_tp	Dada	DNA/Dada	1193	Dada-1_BF_tp#DNA/Dada RBRM:Dada-1_BF cds_range:190-7456 exons:190-414;1712-3143;3623-3837;4222-4354;4604-4790;5060-5229;5340-5613;6137-6395;6764-7456 via genewise with Dada-U6_SS and Dada-tA_DR (416:1713,3145:3624,3839:4223,4357*:4605,4792:5061,5231:5342*,5615:6138,6397:6765). Consensus probably misses an exon or two in the artifical intron 4357:4605. [Branchiostoma floridae]
Dada-1_CGi_tp	Dada	DNA/Dada	1161	Dada-1_CGi_tp#DNA/Dada RBRM:Dada-1_CGi frameshifts:1 cds_range:162-5170 exons:162-256;667-906;1023-1527;1634-1921;2040-2836;2932-3139;3226-3463;3568-3630;3917-4183;4285-4534;4627-5170 via genewise with Dada-U6_CGi,. First two (doubtful) exons from Repbase. [Crassostrea gigas]
Dada-1_CI_tp	Dada	DNA/Dada	1414	Dada-1_CI_tp#DNA/Dada RBRM:Dada-1_CI frameshifts:1 cds_range:1262-6395 exons:1262-1387;1466-1781;1832-2073;2208-2535;2615-2733;2814-4289;4347-4554;4652-4865;4924-5064;5174-5434;5506-5755;5825-6395 via genewise with Dada-U6_CGi, first 3 exons from Repbase prediction [Ciona intestinalis]
Dada-1_CSa_tp	Dada	DNA/Dada	1209	Dada-1_CSa_tp#DNA/Dada RBRM:Dada-1_CSa frameshifts:1 cds_range:21-3707 exons:21-2873;2931-3707 via genewise with Dada-1_CI, 150 AA deletion around AA 130. [Ciona savignyi]
Dada-1_CV_tp	Dada	DNA/Dada	1204	Dada-1_CV_tp#DNA/Dada RBRM:Dada-1_CV cds_range:112-5493 exons:112-598;722-886;1013-1160;1335-1596;1799-1883;2025-2170;2390-2729;2831-2994;3157-3659;3754-3811;3946-4015;4178-4343;4463-5493 from RepBase,. Just the faintest match to other Dadas (1337-1597 exon) and a low complexity false positives trap [Chlorella variabilis]
Dada-1_DL_tp	Dada	DNA/Dada	331	Dada-1_DL_tp#DNA/Dada RBRM:Dada-1_DL cds_range:158-1330 exons:158-624;709-1034;1128-1330 fragment, via genewise with Dada-U6_DR [Dicentrarchus labrax]
Dada-1_ES_tp	Dada	DNA/Dada	1075	Dada-1_ES_tp#DNA/Dada RBRM:Dada-1_ES cds_range:117-4480 exons:117-216;248-778;893-1112;1293-1383;1532-1938;2063-2311;2462-2621;2749-3097;3303-3556;3607-4480 from RepBase,. [Ectocarpus siliculosus]
Dada-1_FR_tp	Dada	DNA/Dada	592	Dada-1_FR_tp#DNA/Dada RBRM:Dada-1_FR frameshifts:3 cds_range:419-2478 exons:419-975;1066-1235;1319-1483;1594-2478 fragment, via genewise with Dada-U1A_DR [Takifugu rubripes]
Dada-1_GM_tp	Dada	DNA/Dada	822	Dada-1_GM_tp#DNA/Dada RBRM:Dada-1_GM frameshifts:3 cds_range:2-3055 exons:2-676;772-982;1280-1628;1818-3055 fragment, via genewise with Dada-tL_DR [Gadus morhua]
Dada-1_LB_tp	Dada	DNA/Dada	1664	Dada-1_LB_tp#DNA/Dada RBRM:Dada-1_LB cds_range:1283-7533 exons:1283-1400;1526-1569;1620-1816;1871-2993;3042-3561;3615-5592;5645-6025;6207-6298;6334-6569;6738-6950;7113-7184;7504-7533 from RepBase,. [Laccaria bicolor]
Dada-1_MB_tp	Dada	DNA/Dada	729	Dada-1_MB_tp#DNA/Dada RBRM:Dada-1_MB cds_range:5-2568 exons:5-68;165-331;489-1077;1198-2568 from RepBase,. [Monosiga brevicollis]
Dada-1_NV_tp	Dada	DNA/Dada	656	Dada-1_NV_tp#DNA/Dada RBRM:Dada-1_NV frameshifts:2 stops:1 cds_range:1-3183 exons:1-57;125-413;489-560;634-797;1243-1479;1588-1971;2412-3183 fragment, via genewise with Dada-1_CI [Nematostella vectensis]
Dada-1_ON_tp	Dada	DNA/Dada	628	Dada-1_ON_tp#DNA/Dada RBRM:Dada-1_ON frameshifts:5 cds_range:5-2956 exons:5-235;373-461;547-1030;1376-1651;1759-1949;2058-2384;2665-2956 fragment, via genewise with Dada-U1B_DR [Oreochromis niloticus]
Dada-1_TN_tp	Dada	DNA/Dada	934	Dada-1_TN_tp#DNA/Dada RBRM:Dada-1_TN frameshifts:1 cds_range:362-5496 exons:362-430;1668-1815;1874-1964;2260-2483;2755-3230;3387-3715;3833-4631;4733-4943;5034-5496 via genewise with Dada-tL_DR (432:1669, 1817:1878*, 1966:2261, 2485:2756, 3232:3388, 3717:3834, 4633:4734, 4945:5035) [Tetraodon nigroviridis]
Dada-2_LB_tp	Dada	DNA/Dada	1626	Dada-2_LB_tp#DNA/Dada RBRM:Dada-2_LB frameshifts:3 cds_range:352-5433 exons:352-370;421-524;562-649;709-4830;4886-5433 via genewise with Dada-1_LB (first by Repbase) [Laccaria bicolor]
Dada-2_PMar_tp	Dada	DNA/Dada	994	Dada-2_PMar_tp#DNA/Dada RBRM:Dada-2_PMar cds_range:1-2983 fragment. [Perkinsus marinus]
Dada-3_PMar_tp	Dada	DNA/Dada	1195	Dada-3_PMar_tp#DNA/Dada RBRM:Dada-3_PMar cds_range:156-3796 exons:156-442;497-3796 via genewise with Dada-tY_PMar [Perkinsus marinus]
Dada-4_PMar_tp	Dada	DNA/Dada	901	Dada-4_PMar_tp#DNA/Dada RBRM:Dada-4_PMar frameshifts:2 cds_range:446-3193 exons:446-477;519-3193 fragment, via genewise with Dada-tG_PMar [Perkinsus marinus]
Dada-tA_OL_tp	Dada	DNA/Dada	584	Dada-tA_OL_tp#DNA/Dada RBRM:Dada-tA_OL frameshifts:3 stops:1 cds_range:1-2026 exons:1-175;284-593;680-1227;1304-2026 fragment, via genewise with Dada-tA_DR [Oryzias latipes]
Dada-tG_PMar_tp	Dada	DNA/Dada	1045	Dada-tG_PMar_tp#DNA/Dada RBRM:Dada-tG_PMar frameshifts:1 cds_range:6576-9762 exons:6576-8649;8698-9762 via genewise with Dada-4_PMar [Perkinsus marinus]
Dada-tIA_PMar_tp	Dada	DNA/Dada	1095	Dada-tIA_PMar_tp#DNA/Dada RBRM:Dada-tIA_PMar frameshifts:1 cds_range:1030-4314 via tfasty with Dada-2_PMar [Perkinsus marinus]
Dada-tIB_PMar_tp	Dada	DNA/Dada	1051	Dada-tIB_PMar_tp#DNA/Dada RBRM:Dada-tIB_PMar cds_range:1582-4735 . [Perkinsus marinus]
Dada-tL_PMar_tp	Dada	DNA/Dada	1256	Dada-tL_PMar_tp#DNA/Dada RBRM:Dada-tL_PMar cds_range:1093-4861 . [Perkinsus marinus]
Dada-tY_PMar_tp	Dada	DNA/Dada	1121	Dada-tY_PMar_tp#DNA/Dada RBRM:Dada-tY_PMar cds_range:14-3550 exons:14-155;255-1326;1399-3550 from RepBase,. [Perkinsus marinus]
Dada-U6_CGi_tp	Dada	DNA/Dada	1332	Dada-U6_CGi_tp#DNA/Dada RBRM:Dada-U6_CGi cds_range:843-5766 exons:843-1443;1873-2054;2135-3000;3082-3617;3700-4329;4406-4669;4752-5004;5095-5766 from RepBase,. [Crassostrea gigas]
Dada-U6_CT_tp	Dada	DNA/Dada	1028	Dada-U6_CT_tp#DNA/Dada RBRM:Dada-U6_CT cds_range:760-5225 exons:760-981;1239-1435;1761-2075;2131-2345;2406-2620;2680-3030;3095-3302;3517-3687;3746-3815;3871-3970;4025-4180;4292-4550;4608-5225 from RepBase,. [Capitella teleta]
Dada-U6_DPu_tp	Dada	DNA/Dada	1181	Dada-U6_DPu_tp#DNA/Dada RBRM:Dada-U6_DPu frameshifts:2 stops:2 cds_range:323-4448 exons:323-493;604-694;761-848;917-1025;1090-1951;2005-2180;2247-2843;2904-3831;3915-4448 via genewise with Dada-U6_SS, First three introns from Repbase. [Daphnia pulex]
Dada-U6_GA_tp	Dada	DNA/Dada	1367	Dada-U6_GA_tp#DNA/Dada RBRM:Dada-U6_GA cds_range:1086-7137 exons:1086-1436;1522-1713;1803-2018;3046-3176;3247-3721;3809-4143;4211-4457;4535-5097;5200-5428;5504-5812;5898-6158;6244-6493;6583-7137 via genewise with Dada-U6_SS [Gasterosteus aculeatus] Dada-U6_OL_tp is very similar and has numerous frameshifts and several large deletions.
Dada-U6_SS_tp	Dada	DNA/Dada	1386	Dada-U6_SS_tp#DNA/Dada RBRM:Dada-U6_SS cds_range:993-7179 exons:993-1458;1541-1632;1733-1901;1995-2102;2732-2878;2996-3448;3545-3867;4096-4901;4979-5192;5307-5642;5921-6181;6289-6538;6634-7179 via genewise with Dada-U6_GA [Salmo salar]
Ginger1-1_DR_tp	Ginger	DNA/Ginger-1	379	Ginger1-1_DR_tp#DNA/Ginger-1  Dfam:DF0002355 frameshifts:1 stops:1 cds_range:515-2156 exons:515-635;715-915;995-1071;1161-1379;1471-1578;1672-1852;1921-2156 Fragment, via genewise with Ginger1-6_HM & Ginger1-2_DR [Danio rerio]
UN-Ginger-1_Chlorella_NC64A_tp	Ginger	DNA/Ginger-2	692	UN-Ginger-1_Chlorella_NC64A_tp#DNA/Ginger-2   via genewise (for intron 1241:1442) and otherwise following  [Chlorella variabilis]
Ginger1-1_AC_tp	Ginger	DNA/Ginger-1	649	Ginger1-1_AC_tp#DNA/Ginger-1 RBRM:Ginger1-1_AC frameshifts:1 cds_range:189-3384 exons:189-348;1146-2040;2433-2735;2791-3384 via genewise with Ginger1-2_AP [Aplysia californica]
Ginger1-1_AP_tp	Ginger	DNA/Ginger-1	629	Ginger1-1_AP_tp#DNA/Ginger-1 RBRM:Ginger1-1_AP stops:1 cds_range:93-4833 exons:93-527;766-1105;1271-1506;2521-3117;4550-4833 via genewise with Ginger1-11_HM, This protein contains the word gypsy. [Acyrthosiphon pisum]
Ginger1-1_BF_tp	Ginger	DNA/Ginger-1	545	Ginger1-1_BF_tp#DNA/Ginger-1 RBRM:Ginger1-1_BF cds_range:1801-3436 [Branchiostoma floridae]
Ginger1-1_HM_tp	Ginger	DNA/Ginger-1	652	Ginger1-1_HM_tp#DNA/Ginger-1 RBRM:Ginger1-1_HM cds_range:309-2592 exons:309-467;794-2592 via genewise [Hydra vulgaris]
Ginger1-2_AP_tp	Ginger	DNA/Ginger-1	661	Ginger1-2_AP_tp#DNA/Ginger-1 RBRM:Ginger1-2_AP frameshifts:3 stops:2 cds_range:477-3670 exons:477-2246;3457-3670 via genewise with Ginger1-1_AP [Acyrthosiphon pisum]
Ginger1-2_DR_tp	Ginger	DNA/Ginger-1	391	Ginger1-2_DR_tp#DNA/Ginger-1 RBRM:Ginger1-2_DR cds_range:1438-4143 exons:1438-1558;1923-2126;2222-2294;2617-2851;3342-3449;3611-3820;3915-4143 via genewise with Ginger1-1_DR [Danio rerio]
Ginger1-2_HM_tp	Ginger	DNA/Ginger-1	620	Ginger1-2_HM_tp#DNA/Ginger-1 RBRM:Ginger1-2_HM cds_range:160-2186 exons:160-315;481-2186 via genewise with Ginger1-1_HM_tp#DNA/Ginger-1 [Hydra vulgaris]
Ginger1-3_HM_tp	Ginger	DNA/Ginger-1	623	Ginger1-3_HM_tp#DNA/Ginger-1 RBRM:Ginger1-3_HM cds_range:180-2251 exons:180-344;546-2251 via genewise with Ginger1-1_HM_tp#DNA/Ginger-1 [Hydra vulgaris]
Ginger1-4_HM_tp	Ginger	DNA/Ginger-1	797	Ginger1-4_HM_tp#DNA/Ginger-1 RBRM:Ginger1-4_HM cds_range:373-2764 [Hydra vulgaris]
Ginger1-5_HM_tp	Ginger	DNA/Ginger-1	657	Ginger1-5_HM_tp#DNA/Ginger-1 RBRM:Ginger1-5_HM cds_range:230-2879 exons:230-371;619-807;983-1289;1380-1532;1620-1763;1838-2879 via genewise with Ginger1-7_HM [Hydra vulgaris]
Ginger1-6_HM_tp	Ginger	DNA/Ginger-1	703	Ginger1-6_HM_tp#DNA/Ginger-1 RBRM:Ginger1-6_HM cds_range:176-2847 exons:176-281;723-885;1005-2847 via genewise with Ginger1-7_HM [Hydra vulgaris]
Ginger1-7_HM_tp	Ginger	DNA/Ginger-1	766	Ginger1-7_HM_tp#DNA/Ginger-1 RBRM:Ginger1-7_HM cds_range:133-3421 exons:133-259;1066-1228;1411-3421 via genewise with XP_002161102.1 (which has one intron too many) [Hydra vulgaris]
Ginger1-8_HM_tp	Ginger	DNA/Ginger-1	717	Ginger1-8_HM_tp#DNA/Ginger-1 RBRM:Ginger1-8_HM cds_range:211-2685 exons:211-331;433-595;816-2685 via genewise with Ginger1-6_HM_tp#DNA/Ginger-1 [Hydra vulgaris]
Ginger1-9_HM_tp	Ginger	DNA/Ginger-1	625	Ginger1-9_HM_tp#DNA/Ginger-1 RBRM:Ginger1-9_HM cds_range:195-2951 exons:195-508;887-1164;1666-2951 via genewise with Ginger1-5_HM_tp#DNA/Ginger-1 [Hydra vulgaris]
Ginger1-10_HM_tp	Ginger	DNA/Ginger-1	779	Ginger1-10_HM_tp#DNA/Ginger-1 RBRM:Ginger1-10_HM cds_range:393-2730 [Hydra vulgaris]
Ginger1-11_HM_tp	Ginger	DNA/Ginger-1	686	Ginger1-11_HM_tp#DNA/Ginger-1 RBRM:Ginger1-11_HM cds_range:1030-3161 exons:1030-2083;2156-3161 via genewise with Ginger1-1_AP [Hydra vulgaris]
Ginger1-12_HM_tp	Ginger	DNA/Ginger-1	686	Ginger1-12_HM_tp#DNA/Ginger-1 RBRM:Ginger1-12_HM frameshifts:2 cds_range:649-2986 exons:649-1406;1685-2986 via via genewise with Ginger1-7_HM [Hydra vulgaris]
Ginger2-1_AP_tp	Ginger	DNA/Ginger-2	499	Ginger2-1_AP_tp#DNA/Ginger-2 RBRM:Ginger2-1_AP cds_range:687-2644 exons:687-1626;1694-1768;2087-2119;2192-2644 via GenScan + upstream homology [Acyrthosiphon pisum]
Ginger2-1_BF_tp	Ginger	DNA/Ginger-2	555	Ginger2-1_BF_tp#DNA/Ginger-2 RBRM:Ginger2-1_BF stops:1 cds_range:818-3794 exons:818-1116;2124-2783;3086-3794 via genewise with Ginger2-1_MG (second intron is open and in-frame; it could alternatively be at 3078:3390 or be absent) [Branchiostoma floridae]
Ginger2-1_HM_tp	Ginger	DNA/Ginger-2	446	Ginger2-1_HM_tp#DNA/Ginger-2 RBRM:Ginger2-1_HM stops:1 cds_range:1594-4165 exons:1594-1737;1930-2321;2517-2790;3634-4165 via genewise with several other Ginger2s, + [Hydra vulgaris]
Ginger2-1_LMi_tp	Ginger	DNA/Ginger-2	524	Ginger2-1_LMi_tp#DNA/Ginger-2 RBRM:Ginger2-1_LMi cds_range:2150-3722 [Locusta migratoria]
Ginger2-1_LS_tp	Ginger	DNA/Ginger-2	470	Ginger2-1_LS_tp#DNA/Ginger-2 RBRM:Ginger2-1_LS stops:2 cds_range:1133-5549 exons:1133-1955;3197-3447;5211-5549 via genewise with Ginger2-1_HM_tp#DNA/Ginger-2 [Littorina saxatilis]
Ginger2-1_MG_tp	Ginger	DNA/Ginger-2	568	Ginger2-1_MG_tp#DNA/Ginger-2 RBRM:Ginger2-1_MG cds_range:159-1863 [Malassezia globosa]
Ginger2-1_TS_tp	Ginger	DNA/Ginger-2	521	Ginger2-1_TS_tp#DNA/Ginger-2 RBRM:Ginger2-1_TS cds_range:1063-2626 [Trichinella spiralis]
Ginger2-2_NV_tp	Ginger	DNA/Ginger-2	528	Ginger2-2_NV_tp#DNA/Ginger-2 RBRM:Ginger2-2_NV cds_range:559-2143 [Nematostella vectensis]
Ginger-1_TriAdh_tp	Ginger	DNA/Ginger-2	397	Ginger-1_TriAdh_tp#DNA/Ginger-2 RBRM:Ginger-1_TriAdh stops:2 cds_range:438-2012 exons:438-719;876-1081;1169-1397;1535-2012 fragment via genewise with Ginger2-1_AP [Trichoplax adhaerens]
TDD4_tp	Ginger	DNA/Ginger-2	628	TDD4_tp#DNA/Ginger-2 RBRM:TDD4 cds_range:614-2818 exons:614-716;825-1060;1127-1376;1444-1751;1827-2818 via genewise with TDD-5 [Dictyostelium discoideum]
TDD-5_tp	Ginger	DNA/Ginger-2	603	TDD-5_tp#DNA/Ginger-2 RBRM:TDD-5 cds_range:633-2708 exons:633-699;833-1068;1130-1382;1452-2708 via genscan & genewise; [Dictyostelium discoideum]
Ginger2-1_NV_tp	Ginger	DNA/Ginger-2	566	Ginger2-1_NV_tp#DNA/Ginger-2 RBRM:Ginger2-1_NV cds_range:1559-2174 [Nematostella vectensis]
Kolobok-1_DR_tp	Kolobok	DNA/Kolobok-T2	699	Kolobok-1_DR_tp#DNA/Kolobok-T2  Dfam:DF0002691 cds_range:282-4334 exons:282-560;1457-1584;1686-1930;2036-2310;2414-2592;2714-2791;2961-3142;3252-3501;3625-3797;3880-4029;4166-4334 [Danio rerio]
Kolobok1-1_TCa_tp	Kolobok	DNA/Kolobok-E	253	Kolobok1-1_TCa_tp#DNA/Kolobok-E RBRM:Kolobok1-1_TCa cds_range:1006-1765 (fragment) Element has fragments of a Kolobok-like transposase and a ISL2EU-like exonuclease. [Tribolium castaneum]
Kolobok-1_AA	Kolobok	DNA/Kolobok-E	1093	Kolobok-1_AA#DNA/Kolobok-E RBRM:Kolobok-1_AA cds_range:909-5813 exons:909-1476;2633-2932;2994-4044;4100-4426;4480-4877;5112-5413;5474-5813 via genscan, Closer to Hydra group, but very distinct [Aedes aegypti]
Kolobok-2_AA	Kolobok	DNA/Kolobok-E	1132	Kolobok-2_AA#DNA/Kolobok-E RBRM:Kolobok-2_AA cds_range:799-6791 exons:799-967;1018-1615;1673-2025;4072-4994;5054-5383;5538-5914;6079-6380;6440-6791 via genescan [Aedes aegypti]
Kolobok-1_CCri_tp	Kolobok	DNA/Kolobok-H	516	Kolobok-1_CCri_tp#DNA/Kolobok-H RBRM:Kolobok-1_CCri cds_range:1455-3003
KolobokH-1_RIr	Kolobok	DNA/Kolobok-H	1343	KolobokH-1_RIr#DNA/Kolobok-H RBRM:KolobokH-1_RIr frameshifts:1 stops:1 cds_range:168-4728 exons:168-1572;1638-1903;2090-3229;3299-3544;3609-4112;4176-4300;4378-4728 (contains a transposase and helicase) via genewise with KolobokH-3_RIr, [Rhizophagus irregularis]
KolobokH-1A_RIr	Kolobok	DNA/Kolobok-H	1342	KolobokH-1A_RIr#DNA/Kolobok-H RBRM:KolobokH-1A_RIr stops:2 cds_range:148-4894 exons:148-1537;1624-1846;2011-2664;2744-3206;3267-3512;3595-4098;4168-4285;4459-4894 via genewise with KolobokH-4_RIr [Rhizophagus irregularis]
KolobokH-2_RIr	Kolobok	DNA/Kolobok-H	1448	KolobokH-2_RIr#DNA/Kolobok-H RBRM:KolobokH-2_RIr frameshifts:1 stops:5 cds_range:430-5238 exons:430-1882;1945-2200;2328-3518;3580-3825;3889-4391;4457-4578;4660-5238 via genewise with KolobokH-3_RIr_1p [Rhizophagus irregularis]
KolobokH-3_RIr	Kolobok	DNA/Kolobok-H	1355	KolobokH-3_RIr#DNA/Kolobok-H RBRM:KolobokH-3_RIr cds_range:424-4960 exons:424-1807;1873-2112;2266-3448;3511-3756;3822-4322;4388-4509;4565-4960 [Rhizophagus irregularis]
KolobokH-4_RIr	Kolobok	DNA/Kolobok-H	1395	KolobokH-4_RIr#DNA/Kolobok-H RBRM:KolobokH-4_RIr cds_range:309-4997 exons:309-1980;2142-3257;3321-3566;3639-4133;4228-4382;4491-4997 [Rhizophagus irregularis]
Kolobok1-1_HM_tp	Kolobok	DNA/Kolobok-Hydra	599	Kolobok1-1_HM_tp#DNA/Kolobok-Hydra RBRM:Kolobok1-1_HM frameshifts:1 cds_range:362-2160 via tfasty with Kolobok-18_HM_tp [Hydra vulgaris]
Kolobok1-1_NV_tp	Kolobok	DNA/Kolobok-Hydra	634	Kolobok1-1_NV_tp#DNA/Kolobok-Hydra RBRM:Kolobok1-1_NV cds_range:318-2220 [Nematostella vectensis]
Kolobok1-1_SP_tp	Kolobok	DNA/Kolobok-Hydra	529	Kolobok1-1_SP_tp#DNA/Kolobok-Hydra RBRM:Kolobok1-1_SP cds_range:79-1826 exons:79-402;562-1826 via genewise with Kolobok-14_HM_tp [Strongylocentrotus purpuratus]
Kolobok1-2_NV_tp	Kolobok	DNA/Kolobok-Hydra	563	Kolobok1-2_NV_tp#DNA/Kolobok-Hydra RBRM:Kolobok1-2_NV frameshifts:1 stops:2 cds_range:419-2107 via tfasty with Kolobok-2_HM_tp [Nematostella vectensis]
Kolobok-1_Aplcal	Kolobok	DNA/Kolobok-Hydra	589	Kolobok-1_Aplcal#DNA/Kolobok-Hydra RBRM:Kolobok-1_Aplcal cds_range:1482-3249 [Aplysia californica]
Kolobok-1_DBp_tp	Kolobok	DNA/Kolobok-Hydra	587	Kolobok-1_DBp_tp#DNA/Kolobok-Hydra RBRM:Kolobok-1_DBp cds_range:391-2152 [Drosophila bipectinata]
Kolobok-1_FraCyl_p1	Kolobok	DNA/Kolobok-Hydra	790	Kolobok-1_FraCyl_p1#DNA/Kolobok-Hydra RBRM:Kolobok-1_FraCyl cds_range:1668-4038 (clipped low complexity C term) [Fragilariopsis cylindrus]
Kolobok-1_FraCyl_p2	Kolobok	DNA/Kolobok-Hydra	421	Kolobok-1_FraCyl_p2#DNA/Kolobok-Hydra RBRM:Kolobok-1_FraCyl rev:1 cds_range:5815-4552 [Fragilariopsis cylindrus]
Kolobok-1_FraCyl_tp	Kolobok	DNA/Kolobok-Hydra	749	Kolobok-1_FraCyl_tp#DNA/Kolobok-Hydra RBRM:Kolobok-1_FraCyl cds_range:6715-8962 [Fragilariopsis cylindrus]
Kolobok-1_LMi_tp	Kolobok	DNA/Kolobok-Hydra	570	Kolobok-1_LMi_tp#DNA/Kolobok-Hydra RBRM:Kolobok-1_LMi cds_range:406-2116 [Locusta migratoria]
Kolobok-1_MicRcc299	Kolobok	DNA/Kolobok-Hydra	847	Kolobok-1_MicRcc299#DNA/Kolobok-Hydra RBRM:Kolobok-1_MicRcc299 cds_range:731-3272 [Micromonas sp. rcc299]
Kolobok-1_NVi_tp	Kolobok	DNA/Kolobok-Hydra	584	Kolobok-1_NVi_tp#DNA/Kolobok-Hydra RBRM:Kolobok-1_NVi cds_range:708-2460 [Nasonia vitripennis]
Kolobok-1_SIn_tp	Kolobok	DNA/Kolobok-Hydra	465	Kolobok-1_SIn_tp#DNA/Kolobok-Hydra RBRM:Kolobok-1_SIn cds_range:774-2169 [Solenopsis invicta]
Kolobok-2_Aplcal	Kolobok	DNA/Kolobok-Hydra	572	Kolobok-2_Aplcal#DNA/Kolobok-Hydra RBRM:Kolobok-2_Aplcal cds_range:1425-3141 [Aplysia californica]
Kolobok-2_HM_tp	Kolobok	DNA/Kolobok-Hydra	597	Kolobok-2_HM_tp#DNA/Kolobok-Hydra RBRM:Kolobok-2_HM cds_range:247-2038 [Hydra vulgaris]
Kolobok-3_Aplcal	Kolobok	DNA/Kolobok-Hydra	602	Kolobok-3_Aplcal#DNA/Kolobok-Hydra RBRM:Kolobok-3_Aplcal cds_range:2112-3918 [Aplysia californica]
Kolobok-3_HM_tp	Kolobok	DNA/Kolobok-Hydra	603	Kolobok-3_HM_tp#DNA/Kolobok-Hydra RBRM:Kolobok-3_HM frameshifts:1 cds_range:342-2150 via tfasty with Kolobok-2_HM [Hydra vulgaris]
Kolobok-4_HM_tp	Kolobok	DNA/Kolobok-Hydra	609	Kolobok-4_HM_tp#DNA/Kolobok-Hydra RBRM:Kolobok-4_HM cds_range:417-2244 (Kolobok-6_HM_tp close and broken) [Hydra vulgaris]
Kolobok-4_LMi_tp	Kolobok	DNA/Kolobok-Hydra	573	Kolobok-4_LMi_tp#DNA/Kolobok-Hydra RBRM:Kolobok-4_LMi cds_range:375-2094 [Locusta migratoria]
Kolobok-5_HM_tp	Kolobok	DNA/Kolobok-Hydra	550	Kolobok-5_HM_tp#DNA/Kolobok-Hydra RBRM:Kolobok-5_HM frameshifts:5 stops:1 cds_range:625-2272 via tfasty with Kolobok-7_HM_tp [Hydra vulgaris]
Kolobok-7_HM_tp	Kolobok	DNA/Kolobok-Hydra	588	Kolobok-7_HM_tp#DNA/Kolobok-Hydra RBRM:Kolobok-7_HM cds_range:431-2195 (Kolobok-5_HM_tp close and broken) [Hydra vulgaris]
Kolobok-8_HM_tp	Kolobok	DNA/Kolobok-Hydra	590	Kolobok-8_HM_tp#DNA/Kolobok-Hydra RBRM:Kolobok-8_HM cds_range:397-2167 [Hydra vulgaris]
Kolobok-9_HM_tp	Kolobok	DNA/Kolobok-Hydra	597	Kolobok-9_HM_tp#DNA/Kolobok-Hydra RBRM:Kolobok-9_HM frameshifts:2 cds_range:474-2267 via tfasty with Kolobok-7_HM [Hydra vulgaris]
Kolobok-10_HM_tp	Kolobok	DNA/Kolobok-Hydra	598	Kolobok-10_HM_tp#DNA/Kolobok-Hydra RBRM:Kolobok-10_HM cds_range:374-2168 [Hydra vulgaris]
Kolobok-11_HM_tp	Kolobok	DNA/Kolobok-Hydra	595	Kolobok-11_HM_tp#DNA/Kolobok-Hydra RBRM:Kolobok-11_HM cds_range:385-2170 [Hydra vulgaris]
Kolobok-12_HM_tp	Kolobok	DNA/Kolobok-Hydra	594	Kolobok-12_HM_tp#DNA/Kolobok-Hydra RBRM:Kolobok-12_HM cds_range:438-2220 [Hydra vulgaris]
Kolobok-13_HM_tp	Kolobok	DNA/Kolobok-Hydra	599	Kolobok-13_HM_tp#DNA/Kolobok-Hydra RBRM:Kolobok-13_HM cds_range:393-2190 [Hydra vulgaris]
Kolobok-14_HM_tp	Kolobok	DNA/Kolobok-Hydra	613	Kolobok-14_HM_tp#DNA/Kolobok-Hydra RBRM:Kolobok-14_HM cds_range:372-2211 [Hydra vulgaris]
Kolobok-15_HM_tp	Kolobok	DNA/Kolobok-Hydra	606	Kolobok-15_HM_tp#DNA/Kolobok-Hydra RBRM:Kolobok-15_HM frameshifts:3 cds_range:416-2233 via tfasty with Kolobok-4_HM [Hydra vulgaris]
Kolobok-16_HM_tp	Kolobok	DNA/Kolobok-Hydra	594	Kolobok-16_HM_tp#DNA/Kolobok-Hydra RBRM:Kolobok-16_HM cds_range:447-2229 [Hydra vulgaris]
Kolobok-17_HM_tp	Kolobok	DNA/Kolobok-Hydra	591	Kolobok-17_HM_tp#DNA/Kolobok-Hydra RBRM:Kolobok-17_HM cds_range:426-2199 [Hydra vulgaris]
Kolobok-18_HM_tp	Kolobok	DNA/Kolobok-Hydra	587	Kolobok-18_HM_tp#DNA/Kolobok-Hydra RBRM:Kolobok-18_HM cds_range:405-2166 [Hydra vulgaris]
Kolobok-19_HMa_tp	Kolobok	DNA/Kolobok-Hydra	601	Kolobok-19_HMa_tp#DNA/Kolobok-Hydra RBRM:Kolobok-19_HMa cds_range:375-2178 [Hydra vulgaris]
Kolobok-20_HMa_tp	Kolobok	DNA/Kolobok-Hydra	595	Kolobok-20_HMa_tp#DNA/Kolobok-Hydra RBRM:Kolobok-20_HMa cds_range:423-2208 [Hydra vulgaris]
Kolobok-21_HMa_tp	Kolobok	DNA/Kolobok-Hydra	582	Kolobok-21_HMa_tp#DNA/Kolobok-Hydra RBRM:Kolobok-21_HMa cds_range:412-2158 [Hydra vulgaris]
Kolobok-23_HMa_tp	Kolobok	DNA/Kolobok-Hydra	583	Kolobok-23_HMa_tp#DNA/Kolobok-Hydra RBRM:Kolobok-23_HMa cds_range:450-2199 [Hydra vulgaris]
Kolobok-24_HMa_tp	Kolobok	DNA/Kolobok-Hydra	655	Kolobok-24_HMa_tp#DNA/Kolobok-Hydra RBRM:Kolobok-24_HMa cds_range:352-2317 [Hydra vulgaris]
Kolobok-1_AP_tp	Kolobok	DNA/Kolobok-T2	706	Kolobok-1_AP_tp#DNA/Kolobok-T2 RBRM:Kolobok-1_AP cds_range:1740-3858 [Acyrthosiphon pisum]
Kolobok-1_BF_tp	Kolobok	DNA/Kolobok-T2	835	Kolobok-1_BF_tp#DNA/Kolobok-T2 RBRM:Kolobok-1_BF cds_range:415-4176 exons:415-777;1372-2887;3130-3359;3553-3700;3924-4176 [Branchiostoma floridae]
Kolobok-1_CB_tp	Kolobok	DNA/Kolobok-T2	418	Kolobok-1_CB_tp#DNA/Kolobok-T2 RBRM:Kolobok-1_CB cds_range:528-2436 exons:528-1133;1351-1532;1695-1916;2189-2436 [Caenorhabditis briggsae]
Kolobok-1_CS_tp	Kolobok	DNA/Kolobok-T2	575	Kolobok-1_CS_tp#DNA/Kolobok-T2 RBRM:Kolobok-1_CS stops:1 cds_range:1573-3439 exons:1573-2352;2421-2856;2928-3439 via genewise with Kolobok-1_BF_tp [Ciona savignyi]
Kolobok-1_NaeGru_tp	Kolobok	DNA/Kolobok-T2	632	Kolobok-1_NaeGru_tp#DNA/Kolobok-T2 RBRM:Kolobok-1_NaeGru cds_range:415-2311 [Naegleria gruberi]
Kolobok-1_NV_tp	Kolobok	DNA/Kolobok-T2	746	Kolobok-1_NV_tp#DNA/Kolobok-T2 RBRM:Kolobok-1_NV cds_range:313-4902 exons:313-452;561-614;740-834;1079-1214;1358-1420;1794-2279;2548-2984;3291-3368;3460-3589;3799-3993;4176-4245;4537-4902 [Nematostella vectensis]
Kolobok-1_TV_tp	Kolobok	DNA/Kolobok-T2	401	Kolobok-1_TV_tp#DNA/Kolobok-T2 RBRM:Kolobok-1_TV cds_range:337-1540 [Trichomonas vaginalis]
Kolobok-1_XT_tp	Kolobok	DNA/Kolobok-T2	814	Kolobok-1_XT_tp#DNA/Kolobok-T2 RBRM:Kolobok-1_XT cds_range:1187-3629 [Xenopus (silurana) tropicalis]
Kolobok-2_BF_p2	Kolobok	DNA/Kolobok-T2	281	Kolobok-2_BF_p2#DNA/Kolobok-T2 RBRM:Kolobok-2_BF rev:1 cds_range:6313-5470 [Branchiostoma floridae]
Kolobok-2_BF_tp	Kolobok	DNA/Kolobok-T2	803	Kolobok-2_BF_tp#DNA/Kolobok-T2 RBRM:Kolobok-2_BF cds_range:379-4168 exons:379-735;1233-2652;2834-3063;3359-3506;3910-4168 [Branchiostoma floridae]
Kolobok-2_TV_tp	Kolobok	DNA/Kolobok-T2	465	Kolobok-2_TV_tp#DNA/Kolobok-T2 RBRM:Kolobok-2_TV cds_range:587-1982 [Trichomonas vaginalis]
Kolobok-2_XT_tp	Kolobok	DNA/Kolobok-T2	783	Kolobok-2_XT_tp#DNA/Kolobok-T2 RBRM:Kolobok-2_XT cds_range:1789-4138 [Xenopus (silurana) tropicalis]
Kolobok-3_TV_tp	Kolobok	DNA/Kolobok-T2	424	Kolobok-3_TV_tp#DNA/Kolobok-T2 RBRM:Kolobok-3_TV cds_range:716-1988 [Trichomonas vaginalis]
Kolobok-4_TV_tp	Kolobok	DNA/Kolobok-T2	455	Kolobok-4_TV_tp#DNA/Kolobok-T2 RBRM:Kolobok-4_TV cds_range:2722-4087 [Trichomonas vaginalis]
Kolobok-5_TV_tp	Kolobok	DNA/Kolobok-T2	833	Kolobok-5_TV_tp#DNA/Kolobok-T2 RBRM:Kolobok-5_TV cds_range:466-2965 [Trichomonas vaginalis]
Kolobok1-1_TCa_ex	Kolobok	DNA/Kolobok-E	314	Kolobok1-1_TCa_ex#DNA/Kolobok-E RBRM:Kolobok1-1_TCa cds_range:1757-2699 (fragment) Element has fragments of a Kolobok-like transposase and a ISL2EU-like exonuclease. [Tribolium castaneum]
CeMuDR1	MULE	DNA/MULE-MuDR	600	CeMuDR1#DNA/MULE-MuDR  Dfam:DF0001359 cds_range:1476-5678 exons:1476-1802;2600-2730;2823-3055;3324-3454;3780-4042;4118-4256;4682-4878;5175-5460;5577-5678 multiple exons; from RepBase [Caenorhabditis elegans]
CeMuDR2	MULE	DNA/MULE-MuDR	621	CeMuDR2#DNA/MULE-MuDR  Dfam:DF0001360 frameshifts:1 cds_range:1401-4699 exons:1401-1652;1993-2120;2213-2452;2736-2863;3097-3328;3373-3545;3593-3708;3765-3849;4141-4306;4349-4699 viagenewise with CeMuDR1 (1654:1994, 2122:2214, 2454:2737, 2865:3098, 3330:3374, 3547:3594. 3710:3766, 3851:4142, 4308:4350) [Caenorhabditis elegans]
Ricksha	MULE	DNA/MULE-MuDR	479	Ricksha#DNA/MULE-MuDR  Dfam:DF0001058 cds_range:962-2399 [Primates]
NOF_FB	MULE	DNA/MULE-NOF	1056	NOF_FB#DNA/MULE-NOF  Dfam:DF0001677 cds_range:703-3871 [Drosophila fruit fly genus]
UN-77706_Pce	MULE	DNA/MULE-MuDR	437	UN-77706_Pce#DNA/MULE-MuDR   hypothetical 48K protein - [Pseudomonas cepacia]
UN-208687_Bce	MULE	DNA/MULE-MuDR	388	UN-208687_Bce#DNA/MULE-MuDR   ORF1, major from IS406 [Burkholderia cepacia]
UN-472419_Afe	MULE	DNA/MULE-MuDR	296	UN-472419_Afe#DNA/MULE-MuDR   ORF1 [Acidithiobacillus ferrooxidans]
UN-549115_Cdi	MULE	DNA/MULE-MuDR	343	UN-549115_Cdi#DNA/MULE-MuDR   Probable transposase for insertion sequence element [Corynebacterium diphtheriae]
UN-1279534_Mce	MULE	DNA/MULE-MuDR	415	UN-1279534_Mce#DNA/MULE-MuDR   putative transposase [Mycobacterium celatum]
UN-1617569_Rop	MULE	DNA/MULE-MuDR	418	UN-1617569_Rop#DNA/MULE-MuDR   putative transposase [Rhodococcus opacus]
UN-4210728_Mav	MULE	DNA/MULE-MuDR	395	UN-4210728_Mav#DNA/MULE-MuDR   transposase [Mycobacterium avium subsp. paratuberculosis]
UN-4335673_Mav	MULE	DNA/MULE-MuDR	434	UN-4335673_Mav#DNA/MULE-MuDR   transposase [Mycobacterium avium]
UN-6175165_Ath_tp	MULE	DNA/MULE-MuDR	757	UN-6175165_Ath_tp#DNA/MULE-MuDR   Mutator-like transposase [Arabidopsis thaliana]
UN-6456721_Bli	MULE	DNA/MULE-MuDR	424	UN-6456721_Bli#DNA/MULE-MuDR   transposase [Brevibacterium linens]
UN-7267539_Ath	MULE	DNA/MULE-MuDR	597	UN-7267539_Ath#DNA/MULE-MuDR   putative transposon protein [Arabidopsis thaliana]
UN-7321061_Ath	MULE	DNA/MULE-MuDR	848	UN-7321061_Ath#DNA/MULE-MuDR   putative protein [Arabidopsis thaliana]
UN-9711271_Sma	MULE	DNA/MULE-MuDR	404	UN-9711271_Sma#DNA/MULE-MuDR   transposase [Sphingopyxis macrogoltabida]
UN-9945808_Cst	MULE	DNA/MULE-MuDR	416	UN-9945808_Cst#DNA/MULE-MuDR   Tnp1250a [Corynebacterium striatum]
UN-13358810_Cti	MULE	DNA/MULE-MuDR	699	UN-13358810_Cti#DNA/MULE-MuDR   hypothetical protein [Carthamus tinctorius]
UN-13928075_Cpa	MULE	DNA/MULE-MuDR	396	UN-13928075_Cpa#DNA/MULE-MuDR   putative recombinase [Chironomus pallidivittatus]
UN-15384307_Ehi	MULE	DNA/MULE-MuDR	391	UN-15384307_Ehi#DNA/MULE-MuDR   transposase [Enterococcus hirae]
UN-15923405_Sau	MULE	DNA/MULE-MuDR	396	UN-15923405_Sau#DNA/MULE-MuDR   transposase [Staphylococcus aureus subsp. aureus Mu50]
UN-17534253_Cel	MULE	DNA/MULE-MuDR	779	UN-17534253_Cel#DNA/MULE-MuDR   mutator-like transposase family member (2C224) [Caenorhabditis elegans]
UN-17544214_Cel	MULE	DNA/MULE-MuDR	874	UN-17544214_Cel#DNA/MULE-MuDR   predicted CDS, C2H2 type zinc finger containing protein family member (4Q281) [Caenorhabditis elegans]
UN-17555878_Cel	MULE	DNA/MULE-MuDR	557	UN-17555878_Cel#DNA/MULE-MuDR   putative nuclear protein of eukaryotic origin (3O384) [Caenorhabditis elegans]
UN-17976675_Cin	MULE	DNA/MULE-MuDR	544	UN-17976675_Cin#DNA/MULE-MuDR   hypothetical protein [Chelonus inanitus bracovirus]
UN-18539138_Cin	MULE	DNA/MULE-MuDR	548	UN-18539138_Cin#DNA/MULE-MuDR   putative recombinase [Chelonus inanitus bracovirus]
UN-19848307_Cje	MULE	DNA/MULE-MuDR	392	UN-19848307_Cje#DNA/MULE-MuDR   transposase Tnp1249 [Corynebacterium jeikeium]
UN-21229059_Mma	MULE	DNA/MULE-MuDR	392	UN-21229059_Mma#DNA/MULE-MuDR   Transposase [Methanosarcina mazei Go1]
UN-21234258_Sco	MULE	DNA/MULE-MuDR	416	UN-21234258_Sco#DNA/MULE-MuDR   putative transposon transposase [Streptomyces coelicolor A3(2)]
UN-21530790_Lde	MULE	DNA/MULE-MuDR	392	UN-21530790_Lde#DNA/MULE-MuDR   putative transposase [Lactobacillus delbrueckii subsp. lactis]
UN-23013207_Mma	MULE	DNA/MULE-MuDR	422	UN-23013207_Mma#DNA/MULE-MuDR   COG3328: Transposase and inactivated derivatives [Magnetospirillum magnetotacticum MS-1]
UN-23577976_Cef	MULE	DNA/MULE-MuDR	418	UN-23577976_Cef#DNA/MULE-MuDR   putative transposase [Corynebacterium efficiens]
UN-23928448_Zma	MULE	DNA/MULE-MuDR	566	UN-23928448_Zma#DNA/MULE-MuDR   putative MURAZC [Zea mays]
UN-24210994_Asa	MULE	DNA/MULE-MuDR	404	UN-24210994_Asa#DNA/MULE-MuDR   putative transposase [Aeromonas salmonicida subsp. salmonicida]
UN-24372299_Son	MULE	DNA/MULE-MuDR	403	UN-24372299_Son#DNA/MULE-MuDR   transposase, mutator family [Shewanella oneidensis MR-1]
UN-25028021_Cef	MULE	DNA/MULE-MuDR	447	UN-25028021_Cef#DNA/MULE-MuDR   putative transposase [Corynebacterium efficiens YS-314]
UN-26554410_Mpe	MULE	DNA/MULE-MuDR	402	UN-26554410_Mpe#DNA/MULE-MuDR   transposase [Mycoplasma penetrans HF-2]
UN-27228664_Pre	MULE	DNA/MULE-MuDR	416	UN-27228664_Pre#DNA/MULE-MuDR   transposase [Pseudomonas resinovorans]
UN-27353421_Mim	MULE	DNA/MULE-MuDR	419	UN-27353421_Mim#DNA/MULE-MuDR   putative transposase [Mycoplasma imitans]
UN-27376890_Bja	MULE	DNA/MULE-MuDR	435	UN-27376890_Bja#DNA/MULE-MuDR   bll1779 [Bradyrhizobium japonicum USDA 110]
UN-27377274_Bja	MULE	DNA/MULE-MuDR	401	UN-27377274_Bja#DNA/MULE-MuDR   bll2163 [Bradyrhizobium japonicum USDA 110]
UN-27802457_Ppa	MULE	DNA/MULE-MuDR	416	UN-27802457_Ppa#DNA/MULE-MuDR   putative transposase [Paracoccus pantotrophus]
UN-27807845_Taq	MULE	DNA/MULE-MuDR	406	UN-27807845_Taq#DNA/MULE-MuDR   transposase [Thermus aquaticus]
UN-27817685_Rox	MULE	DNA/MULE-MuDR	381	UN-27817685_Rox#DNA/MULE-MuDR   putative transposase [Ralstonia oxalatica]
UN-27881402_Cce	MULE	DNA/MULE-MuDR	398	UN-27881402_Cce#DNA/MULE-MuDR   transposase TpnA2 [Clostridium cellulolyticum]
UN-28373056_Yen	MULE	DNA/MULE-MuDR	400	UN-28373056_Yen#DNA/MULE-MuDR   transposase [Yersinia enterocolitica]
UN-28848570_Bme	MULE	DNA/MULE-MuDR	393	UN-28848570_Bme#DNA/MULE-MuDR   putative transposase [Bacillus megaterium]
UN-29349845_Bth	MULE	DNA/MULE-MuDR	404	UN-29349845_Bth#DNA/MULE-MuDR   transposase [Bacteroides thetaiotaomicron VPI-5482]
UN-29376391_Efa	MULE	DNA/MULE-MuDR	430	UN-29376391_Efa#DNA/MULE-MuDR   transposase, IS256 family [Enterococcus faecalis V583]
UN-29569842_Pso	MULE	DNA/MULE-MuDR	398	UN-29569842_Pso#DNA/MULE-MuDR   putative transposase [Paracoccus solventivorans]
UN-29826765_Sav	MULE	DNA/MULE-MuDR	425	UN-29826765_Sav#DNA/MULE-MuDR   putative IS6120 family transposase [Streptomyces avermitilis MA-4680]
UN-29826887_Sav	MULE	DNA/MULE-MuDR	412	UN-29826887_Sav#DNA/MULE-MuDR   putative IS256 family transposase [Streptomyces avermitilis MA-4680]
UN-30349493_Cje	MULE	DNA/MULE-MuDR	412	UN-30349493_Cje#DNA/MULE-MuDR   transposase [Corynebacterium jeikeium]
UN-32455929_Msp	MULE	DNA/MULE-MuDR	415	UN-32455929_Msp#DNA/MULE-MuDR   putative transposase [Micrococcus sp. 28]
UN-32473311_Rba	MULE	DNA/MULE-MuDR	433	UN-32473311_Rba#DNA/MULE-MuDR   hypothetical 48K protein-putative transposase [Rhodopirellula baltica SH 1]
UN-33334431_Sen	MULE	DNA/MULE-MuDR	397	UN-33334431_Sen#DNA/MULE-MuDR   transposase; TnpA; (97% similar to one in Salmonella enterica) [Sitophilus zeamais endosymbiont]
UN-34497771_Cvi	MULE	DNA/MULE-MuDR	263	UN-34497771_Cvi#DNA/MULE-MuDR   probable transposase protein [Chromobacterium violaceum ATCC 12472]
UN-34908366_Osa_tp	MULE	DNA/MULE-MuDR	773	UN-34908366_Osa_tp#DNA/MULE-MuDR   P0529E05.9 [Oryza sativa]
UN-37519902_Gvi	MULE	DNA/MULE-MuDR	405	UN-37519902_Gvi#DNA/MULE-MuDR   putative transposase [Gloeobacter violaceus PCC 7421]
UN-37537156_Osa_tp	MULE	DNA/MULE-MuDR	721	UN-37537156_Osa_tp#DNA/MULE-MuDR   putative far-red impaired response protein exapted gene? [Oryza sativa]
UN-39594847_Cbr	MULE	DNA/MULE-MuDR	483	UN-39594847_Cbr#DNA/MULE-MuDR   Hypothetical protein CBG17457 [Caenorhabditis briggsae]
UN-40063663_uba	MULE	DNA/MULE-MuDR	415	UN-40063663_uba#DNA/MULE-MuDR   transposase, IS256 family [Uncultured bacterium 582]
UN-42520146_Wen	MULE	DNA/MULE-MuDR	410	UN-42520146_Wen#DNA/MULE-MuDR   transposase, IS256 family [Wolbachia endosymbiont of Drosophila melanogaster]
UN-45360229_Pae	MULE	DNA/MULE-MuDR	408	UN-45360229_Pae#DNA/MULE-MuDR   putative transposase [Pseudomonas aeruginosa]
UN-46132715_Reu	MULE	DNA/MULE-MuDR	419	UN-46132715_Reu#DNA/MULE-MuDR   COG3328: Transposase and inactivated derivatives [Ralstonia eutropha JMP134]
UN-46141805_Psp	MULE	DNA/MULE-MuDR	402	UN-46141805_Psp#DNA/MULE-MuDR   COG3328: Transposase and inactivated derivatives [Psychrobacter sp. ]
UN-46190959_Blo	MULE	DNA/MULE-MuDR	394	UN-46190959_Blo#DNA/MULE-MuDR   COG3328: Transposase and inactivated derivatives [Bifidobacterium longum DJO10A]
UN-46199734_Tth	MULE	DNA/MULE-MuDR	385	UN-46199734_Tth#DNA/MULE-MuDR   transposase [Thermus thermophilus HB27]
UN-46320998_Bce	MULE	DNA/MULE-MuDR	419	UN-46320998_Bce#DNA/MULE-MuDR   COG3328: Transposase and inactivated derivatives [Burkholderia cepacia R1808]
UN-46321330_Bce	MULE	DNA/MULE-MuDR	389	UN-46321330_Bce#DNA/MULE-MuDR   COG3328: Transposase and inactivated derivatives [Burkholderia cepacia R1808]
UN-47572415_Rge	MULE	DNA/MULE-MuDR	407	UN-47572415_Rge#DNA/MULE-MuDR   COG3328: Transposase and inactivated derivatives [Rubrivivax gelatinosus PM1]
UN-48675369_Bsp	MULE	DNA/MULE-MuDR	420	UN-48675369_Bsp#DNA/MULE-MuDR   hypothetical protein [Bacillus sp. JF8]
UN-48762981_Rru	MULE	DNA/MULE-MuDR	308	UN-48762981_Rru#DNA/MULE-MuDR   COG3328: Transposase and inactivated derivatives [Rhodospirillum rubrum]
UN-48785218_Bfu	MULE	DNA/MULE-MuDR	418	UN-48785218_Bfu#DNA/MULE-MuDR   COG3328: Transposase and inactivated derivatives [Burkholderia fungorum LB400]
UN-48788992_Bfu	MULE	DNA/MULE-MuDR	421	UN-48788992_Bfu#DNA/MULE-MuDR   COG3328: Transposase and inactivated derivatives (96% similar to one in Burkholderia cepacia R1808) [Burkholderia fungorum LB400]
UN-48824616_Efa	MULE	DNA/MULE-MuDR	396	UN-48824616_Efa#DNA/MULE-MuDR   COG3328: Transposase and inactivated derivatives [Enterococcus faecium]
UN-48825267_Efa	MULE	DNA/MULE-MuDR	389	UN-48825267_Efa#DNA/MULE-MuDR   COG3328: Transposase and inactivated derivatives [Enterococcus faecium]
UN-48831894_Msp	MULE	DNA/MULE-MuDR	424	UN-48831894_Msp#DNA/MULE-MuDR   COG3328: Transposase and inactivated derivatives [Magnetococcus sp. MC-1]
UN-48851728_Fac	MULE	DNA/MULE-MuDR	386	UN-48851728_Fac#DNA/MULE-MuDR   COG3328: Transposase and inactivated derivatives [Ferroplasma acidarmanus]
UN-48852982_Fac	MULE	DNA/MULE-MuDR	263	UN-48852982_Fac#DNA/MULE-MuDR   COG3328: Transposase and inactivated derivatives [Ferroplasma acidarmanus]
UN-48859304_Cth	MULE	DNA/MULE-MuDR	400	UN-48859304_Cth#DNA/MULE-MuDR   COG3328: Transposase and inactivated derivatives [Clostridium thermocellum ATCC 27405]
UN-48859976_Cth	MULE	DNA/MULE-MuDR	407	UN-48859976_Cth#DNA/MULE-MuDR   COG3328: Transposase and inactivated derivatives [Clostridium thermocellum ATCC 27405]
UN-49146406_Cta	MULE	DNA/MULE-MuDR	424	UN-49146406_Cta#DNA/MULE-MuDR   transposase [Caedibacter taeniospiralis]
UN-49613995_Dha	MULE	DNA/MULE-MuDR	397	UN-49613995_Dha#DNA/MULE-MuDR   putative transposase [Desulfitobacterium hafniense]
UN-50260537_Cne_tp	MULE	DNA/MULE-MuDR	932	UN-50260537_Cne_tp#DNA/MULE-MuDR   hypothetical protein CNBA5360 [Cryptococcus neoformans var. neoformans B-3501A]
UN-50543034_Yli_tp	MULE	DNA/MULE-MuDR	875	UN-50543034_Yli_tp#DNA/MULE-MuDR   hypothetical protein ? [Yarrowia lipolytica]
UN-50543232_Yli	MULE	DNA/MULE-MuDR	448	UN-50543232_Yli#DNA/MULE-MuDR   hypothetical protein [Yarrowia lipolytica]
UN-50545171_Yli	MULE	DNA/MULE-MuDR	467	UN-50545171_Yli#DNA/MULE-MuDR   hypothetical protein [Yarrowia lipolytica]
UN-50553866_Yli	MULE	DNA/MULE-MuDR	1178	UN-50553866_Yli#DNA/MULE-MuDR   Mutyl [Yarrowia lipolytica]
UN-50878058_Dps	MULE	DNA/MULE-MuDR	285	UN-50878058_Dps#DNA/MULE-MuDR   probable transposase (partial length) [Desulfotalea psychrophila LSv54]
UN-50926620_Osa_tp	MULE	DNA/MULE-MuDR	1061	UN-50926620_Osa_tp#DNA/MULE-MuDR   OSJNBa0074L08.5 [Oryza sativa]
UN-51854381_Osa_tp	MULE	DNA/MULE-MuDR	822	UN-51854381_Osa_tp#DNA/MULE-MuDR   unknown protein [Oryza sativa]
UN-51892267_Sth	MULE	DNA/MULE-MuDR	407	UN-51892267_Sth#DNA/MULE-MuDR   transposase [Symbiobacterium thermophilum IAM 14863]
UN-53731543_Mbu	MULE	DNA/MULE-MuDR	345	UN-53731543_Mbu#DNA/MULE-MuDR   COG3328: Transposase and inactivated derivatives [Methanococcoides burtonii DSM 6242]
UN-54261828_Stu	MULE	DNA/MULE-MuDR	587	UN-54261828_Stu#DNA/MULE-MuDR   putative transposase [Solanum tuberosum]
UN-115764896_Spu	MULE	DNA/MULE-MuDR	754	UN-115764896_Spu#DNA/MULE-MuDR   PREDICTED: hypothetical protein, partial [Strongylocentrotus purpuratus]
UN-Cmut1	MULE	DNA/MULE-MuDR	863	UN-Cmut1#DNA/MULE-MuDR   Candida from_retrobase  [Candida albicans SC5314]
UN-Cmut2	MULE	DNA/MULE-MuDR	832	UN-Cmut2#DNA/MULE-MuDR   Candida  hypothetical protein CaO19.12172 [Candida albicans SC5314]
UN-Cmut3	MULE	DNA/MULE-MuDR	996	UN-Cmut3#DNA/MULE-MuDR   Candida  hypothetical protein CaO19.3726 [Candida albicans SC5314]
UN-Hop_tp	MULE	DNA/MULE-MuDR	836	UN-Hop_tp#DNA/MULE-MuDR   RepBase name was MUDR1_FO.  transposase [Fusarium oxysporum]
UN-IS256_Sau	MULE	DNA/MULE-MuDR	390	UN-IS256_Sau#DNA/MULE-MuDR   IS256  transposase - [Staphylococcus aureus]
UN-IS285_Ype	MULE	DNA/MULE-MuDR	402	UN-IS285_Ype#DNA/MULE-MuDR   IS285 Over 160 protein entries in Genbank! First one:  transposase. Very similar transposases in Erwinia pyrifoliae and E coli phage. [Yersinia pestis KIM]
UN-IS654_Bha	MULE	DNA/MULE-MuDR	390	UN-IS654_Bha#DNA/MULE-MuDR   IS654  transposase of IS654 [Bacillus halodurans]
UN-IS905	MULE	DNA/MULE-MuDR	391	UN-IS905#DNA/MULE-MuDR   transposase of IS905 Almost identical to IS1191 transposase in Streptococcus thermophilus. [Lactococcus lactis]
UN-IS1081_Mtu	MULE	DNA/MULE-MuDR	436	UN-IS1081_Mtu#DNA/MULE-MuDR   IS1081  IS1081, transposase [Mycobacterium tuberculosis CDC1551]
UN-IS1113_Xor	MULE	DNA/MULE-MuDR	394	UN-IS1113_Xor#DNA/MULE-MuDR   IS1113  putative IS1113 transposase [Xanthomonas oryzae pv. oryzae]
UN-IS1164_Rrh	MULE	DNA/MULE-MuDR	414	UN-IS1164_Rrh#DNA/MULE-MuDR   IS1164  transposase of IS1164 [Rhodococcus rhodochrous]
UN-IS1201_Lcr	MULE	DNA/MULE-MuDR	408	UN-IS1201_Lcr#DNA/MULE-MuDR   IS1201 (IS1201 really is almost identical IS in Lactobacillus ch., )  transposase [Lactobacillus crispatus]
UN-IS1245_Lxy	MULE	DNA/MULE-MuDR	271	UN-IS1245_Lxy#DNA/MULE-MuDR   IS1245  transposase, IS1245 [Leifsonia xyli subsp. xyli str. CTCB07]
UN-IS1354_Mdi	MULE	DNA/MULE-MuDR	421	UN-IS1354_Mdi#DNA/MULE-MuDR   IS1354  transposase IS1354 (93% similar one in Gordonia westfalica) [Methylobacterium dichloromethanicum]
UN-IS1512_Mgo	MULE	DNA/MULE-MuDR	411	UN-IS1512_Mgo#DNA/MULE-MuDR   IS1512  IS1512 transposase [Mycobacterium gordonae]
UN-IS1535_Mtu	MULE	DNA/MULE-MuDR	281	UN-IS1535_Mtu#DNA/MULE-MuDR   IS1535  IS1535, transposase [Mycobacterium tuberculosis CDC1551]
UN-IS1553_Mtu	MULE	DNA/MULE-MuDR	409	UN-IS1553_Mtu#DNA/MULE-MuDR   IS1553  IS1553, transposase [Mycobacterium tuberculosis CDC1551]
UN-IS1554_Mtu	MULE	DNA/MULE-MuDR	439	UN-IS1554_Mtu#DNA/MULE-MuDR   IS1554  IS1554, transposase [Mycobacterium tuberculosis CDC1551]
UN-IS1601_Mav	MULE	DNA/MULE-MuDR	415	UN-IS1601_Mav#DNA/MULE-MuDR   IS1601  IS1601-A [Mycobacterium avium]
UN-IS2606_Mul	MULE	DNA/MULE-MuDR	444	UN-IS2606_Mul#DNA/MULE-MuDR   IS2606  probable transposase for the insertion element IS2606 [Mycobacterium ulcerans]
UN-ISC1332_Sso	MULE	DNA/MULE-MuDR	414	UN-ISC1332_Sso#DNA/MULE-MuDR   ISC1332  Transposase ISC1332 [Sulfolobus solfataricus P2]
UN-ISEf1_Efa	MULE	DNA/MULE-MuDR	392	UN-ISEf1_Efa#DNA/MULE-MuDR   ISEf1  ISEf1, transposase [Enterococcus faecalis V583]
UN-ISMca5_Mca	MULE	DNA/MULE-MuDR	411	UN-ISMca5_Mca#DNA/MULE-MuDR   ISMca5  ISMca5, transposase. Almost identical one in Plasmodium yoelii. [Methylococcus capsulatus str. Bath]
UN-ISRM3_Bth	MULE	DNA/MULE-MuDR	405	UN-ISRM3_Bth#DNA/MULE-MuDR   ISRM3  transposase for insertion sequence element ISRM3 [Bacteroides thetaiotaomicron VPI-5482]
UN-ISRm3_Sme	MULE	DNA/MULE-MuDR	397	UN-ISRm3_Sme#DNA/MULE-MuDR   ISRm3  TRANSPOSASE FOR INSERTION SEQUENCE ELEMENT ISRM3 [Sinorhizobium meliloti 1021]
UN-ISRm5_Sme	MULE	DNA/MULE-MuDR	398	UN-ISRm5_Sme#DNA/MULE-MuDR   ISRm5  TRANSPOSASE FOR INSERTION SEQUENCE ELEMENT ISRM5 [Sinorhizobium meliloti 1021]
UN-ISRso7_Rso	MULE	DNA/MULE-MuDR	416	UN-ISRso7_Rso#DNA/MULE-MuDR   ISRso7  ISRSO7-TRANSPOSASE PROTEIN [Ralstonia solanacearum GMI1000]
UN-ISsod4_Son	MULE	DNA/MULE-MuDR	400	UN-ISsod4_Son#DNA/MULE-MuDR   ISsod4  ISSod4, transposase [Shewanella oneidensis MR-1]
UN-ISSod5_Son	MULE	DNA/MULE-MuDR	401	UN-ISSod5_Son#DNA/MULE-MuDR   ISSod5  ISSod5, transposase [Shewanella oneidensis MR-1]
UN-MS103_Msp	MULE	DNA/MULE-MuDR	413	UN-MS103_Msp#DNA/MULE-MuDR   MS103  MS103, putative transposase [Microscilla sp. PRE1]
UN-MUTRIM1	MULE	DNA/MULE-MuDR	751	UN-MUTRIM1#DNA/MULE-MuDR   putative transposase [Triticum monococcum]
UN-Vandal3_tp	MULE	DNA/MULE-MuDR	819	UN-Vandal3_tp#DNA/MULE-MuDR   3 exons  Mutator-like transposase [Arabidopsis]
UN-Vandal17_tp	MULE	DNA/MULE-MuDR	815	UN-Vandal17_tp#DNA/MULE-MuDR   (one frameshift; ~  Mutator-like transposase [Arabidopsis]
MuDR-1_HM	MULE	DNA/MULE	817	MuDR-1_HM#DNA/MULE RBRM:MuDr-1_HM cds_range:1665-4116 [Hydra vulgaris]
MuDRF-1_DPu	MULE	DNA/MULE-F	516	MuDRF-1_DPu#DNA/MULE-F RBRM:MuDRF-1_DPu frameshifts:1 stops:1 cds_range:247-1860 exons:247-1181;1247-1860 fragment via genewise with MuDRF-1_NVe [Daphnia pulex]
MuDRF-1_MLP	MULE	DNA/MULE-F	1309	MuDRF-1_MLP#DNA/MULE-F RBRM:MuDRF-1_MLP cds_range:485-5495 exons:485-525;641-1445;1524-1753;1822-2007;2085-2593;2688-2942;3022-4467;4541-4628;4691-4945;5374-5495 via genscan. [Melampsora larici-populina]
MuDRF-1_NGr	MULE	DNA/MULE-F	677	MuDRF-1_NGr#DNA/MULE-F RBRM:MuDRF-1_NGr cds_range:273-2304 [Naegleria gruberi]
MuDRF-1_NVe	MULE	DNA/MULE-F	739	MuDRF-1_NVe#DNA/MULE-F RBRM:MuDRF-1_NVe cds_range:142-4856 exons:142-204;741-1648;1873-2065;2481-2715;3145-3363;4135-4415;4535-4856 [Nematostella vectensis]
MuDRF-1_PGr	MULE	DNA/MULE-F	1346	MuDRF-1_PGr#DNA/MULE-F RBRM:MuDRF-1_PGr cds_range:964-5500 exons:964-1586;1783-2024;2092-2277;2362-2873;2944-3195;3272-5500 Via genscan [Puccinia graminis]
MuDRF-1_PTrit	MULE	DNA/MULE-F	1089	MuDRF-1_PTrit#DNA/MULE-F RBRM:MuDRF-1_PTrit frameshifts:3 cds_range:595-4244 exons:595-956;1037-1272;1341-1526;1602-2113;2200-2460;2527-4244 via genewise with MuDRF-1B_PSt [Puccinia triticina]
MuDRF-1B_PSt	MULE	DNA/MULE-F	1104	MuDRF-1B_PSt#DNA/MULE-F RBRM:MuDRF-1B_PSt stops:1 cds_range:281-4051 exons:281-921;1005-1240;1317-1397;1455-1563;1643-2154;2240-2500;2573-4051 via genewise with MuDRF-2_PGr, MuDRF-1_PST product very similar, but suffers from a very poor consensus. [Puccinia striiformis]
MuDRF-2_MLP	MULE	DNA/MULE-F	1285	MuDRF-2_MLP#DNA/MULE-F RBRM:MuDRF-2_MLP cds_range:594-4892 exons:594-1492;1593-1801;1867-2052;2111-2616;2679-2984;3073-4713;4778-4892 via genscan [Melampsora larici-populina]
MuDRF-2_PGr	MULE	DNA/MULE-F	1209	MuDRF-2_PGr#DNA/MULE-F RBRM:MuDRF-2_PGr cds_range:488-4593 exons:488-882;983-1218;1290-1475;1529-2040;2108-2368;2433-4271;4392-4593 via genscan [Puccinia graminis]
MuDRF-3_MLP	MULE	DNA/MULE-F	1146	MuDRF-3_MLP#DNA/MULE-F RBRM:MuDRF-3_MLP cds_range:679-4558 exons:679-1397;1463-1689;1765-1950;2075-2583;2679-2984;3062-4558 via genewise with MuDRF-2_MLP [Melampsora larici-populina]
Arnold2_pt1	MULE	DNA/MULE-MuDR	315	Arnold2_pt1#DNA/MULE-MuDR RBRM:Arnold2 rev:1 cds_range:8550-7605 R, Arnold1,3 close [Arabidopsis]
Arnold2_pt2	MULE	DNA/MULE-MuDR	327	Arnold2_pt2#DNA/MULE-MuDR RBRM:Arnold2 rev:1 stops:1 cds_range:14952-13177 exons:14952-14609;13816-13177 (1 intron,; derived with genewise and Vandal14_pep3) Arnold1,3 close [Arabidopsis]
Arnold2_tp	MULE	DNA/MULE-MuDR	721	Arnold2_tp#DNA/MULE-MuDR RBRM:Arnold2 cds_range:1057-3742 exons:1057-1401;1482-1533;1856-3430;3548-3742 GenScan prediction, matching other MuDRs. 4 exons ( Arnold1_tp, Arnold3_tp and Arnold4_tp almost identical. [Arabidopsis]
AT10MU1_tp	MULE	DNA/MULE-MuDR	729	AT10MU1_tp#DNA/MULE-MuDR RBRM:AT10MU1 cds_range:802-3271 exons:802-2123;2247-2878;2955-3072;3153-3271 , 2249-2879, 2957-3073, 3155-3274 (Genscan) [Arabidopsis thaliana]
ATMU2_tp	MULE	DNA/MULE-MuDR	762	ATMU2_tp#DNA/MULE-MuDR RBRM:ATMU2 frameshifts:1 cds_range:688-2973 1 intron Atmu1 85% similar (and with stopcodon) [Arabidopsis]
ATMU3_tp	MULE	DNA/MULE-MuDR	967	ATMU3_tp#DNA/MULE-MuDR RBRM:ATMU3 frameshifts:1 cds_range:359-3353 exons:359-2197;2291-3353 Via genewise with ATMU2 (ATMU5 very similar) [Arabidopsis]
ATMU4_tp	MULE	DNA/MULE-MuDR	812	ATMU4_tp#DNA/MULE-MuDR RBRM:ATMU4 frameshifts:1 cds_range:356-3022 exons:356-1732;1963-3022 [Arabidopsis]
ATMU8_tp	MULE	DNA/MULE-MuDR	780	ATMU8_tp#DNA/MULE-MuDR RBRM:ATMU8 frameshifts:2 stops:1 cds_range:382-2801 exons:382-1742;1821-2801 Via genewise with ATMU3_tp [Arabidopsis]
ATMU10_tp	MULE	DNA/MULE-MuDR	759	ATMU10_tp#DNA/MULE-MuDR RBRM:ATMU10 frameshifts:1 stops:2 cds_range:484-3154 exons:484-649;874-1897;1983-2970;3051-3154 Via genewise with ATMU11_tp [Arabidopsis]
ATMU11_tp	MULE	DNA/MULE-MuDR	785	ATMU11_tp#DNA/MULE-MuDR RBRM:ATMU11 frameshifts:1 cds_range:370-2886 exons:370-1589;1672-2647;2726-2886 (at least 1 intron in RepBase is false) (ATMU9 similar with too many stopcodons) [Arabidopsis]
ATMU12	MULE	DNA/MULE-MuDR	782	ATMU12#DNA/MULE-MuDR RBRM:ATMU12 cds_range:451-2885 exons:451-1776;1858-2885 Via genewise with ATMU11_tp, 1 intron. [Arabidopsis thaliana]
ATMU13	MULE	DNA/MULE-MuDR	729	ATMU13#DNA/MULE-MuDR RBRM:ATMU13 cds_range:677-2941 exons:677-1804;1881-2941 Via genewise with ATMU11_tp, 1 intron. [Arabidopsis thaliana]
CUMULE_p2	MULE	DNA/MULE-MuDR	250	CUMULE_p2#DNA/MULE-MuDR RBRM:CUMULE cds_range:4533-5283 Perhaps part of a multy exon protein [Cucumis melo]
CUMULE_tp	MULE	DNA/MULE-MuDR	807	CUMULE_tp#DNA/MULE-MuDR RBRM:CUMULE cds_range:1164-3585 [Cucumis melo]
Jittery	MULE	DNA/MULE-MuDR	580	Jittery#DNA/MULE-MuDR RBRM:Jittery cds_range:740-2480 (perhaps extends C-terminally) [Zea mays]
MDR1_p2	MULE	DNA/MULE-MuDR	297	MDR1_p2#DNA/MULE-MuDR RBRM:MDR1 cds_range:4176-5067 [Oryza sativa]
MDR1_tp	MULE	DNA/MULE-MuDR	1022	MDR1_tp#DNA/MULE-MuDR RBRM:MDR1 cds_range:1028-4094 [Oryza sativa]
MDR2_tp	MULE	DNA/MULE-MuDR	1045	MDR2_tp#DNA/MULE-MuDR RBRM:MDR2 frameshifts:2 cds_range:927-4063 via tfasty with MDR1_tp [Oryza sativa]
MDR3_tp	MULE	DNA/MULE-MuDR	1087	MDR3_tp#DNA/MULE-MuDR RBRM:MDR3 frameshifts:1 stops:3 cds_range:825-4085 via tfasty with MDR2_tp [Oryza sativa]
MuDR1_HV_tp	MULE	DNA/MULE-MuDR	804	MuDR1_HV_tp#DNA/MULE-MuDR RBRM:MuDR1_HV frameshifts:1 stops:1 cds_range:1841-4254 via tfasty with MuDR3_OS [Hordeum vulgare]
MuDR1_OS_tp	MULE	DNA/MULE-MuDR	903	MuDR1_OS_tp#DNA/MULE-MuDR RBRM:MUDR1_OS cds_range:957-3666 [Oryza sativa]
MuDR1_SM	MULE	DNA/MULE-MuDR	637	MuDR1_SM#DNA/MULE-MuDR RBRM:MuDR1_SM cds_range:322-2233 [Schmidtea mediterranea]
MuDR1_TD	MULE	DNA/MULE-MuDR	935	MuDR1_TD#DNA/MULE-MuDR RBRM:MuDR1_TD frameshifts:1 stops:3 cds_range:1035-3949 exons:1035-3095;3203-3949 Via genwise with MuDR-7_VV_tp [Triticum durum]
MuDR1_TP	MULE	DNA/MULE-MuDR	1263	MuDR1_TP#DNA/MULE-MuDR RBRM:MuDR1_TP stops:1 cds_range:345-4226 exons:345-1866;1958-4226 via genewise with MuDR2_TP,. [Thalassiosira]
MuDR1_ZM_tp	MULE	DNA/MULE-MuDR	935	MuDR1_ZM_tp#DNA/MULE-MuDR RBRM:MuDR1_ZM stops:1 cds_range:931-3736 [Zea mays]
MuDR1x_AP	MULE	DNA/MULE-MuDR	423	MuDR1x_AP#DNA/MULE-MuDR RBRM:MuDR1x_AP frameshifts:1 stops:1 cds_range:387-1840 exons:387-552;737-1840 and [Acyrthosiphon pisum]
MuDR1x_MH	MULE	DNA/MULE-MuDR	411	MuDR1x_MH#DNA/MULE-MuDR RBRM:MuDR1x_MH frameshifts:1 cds_range:226-1625 exons:226-516;560-854;897-1132;1169-1287;1328-1625 via genewise with MuDR1x_SM#DNA/MULE-MuDR [Meloidogyne hapla]
MuDR1x_SM	MULE	DNA/MULE-MuDR	451	MuDR1x_SM#DNA/MULE-MuDR RBRM:MuDR1x_SM cds_range:746-2099 [Schmidtea mediterranea]
MuDR2_OS_tp	MULE	DNA/MULE-MuDR	913	MuDR2_OS_tp#DNA/MULE-MuDR RBRM:MuDR2_OS cds_range:594-3333 [Oryza sativa]
MuDR2_TP	MULE	DNA/MULE-MuDR	1012	MuDR2_TP#DNA/MULE-MuDR RBRM:MuDR2_TP cds_range:235-3271 [Thalassiosira]
MuDR2x_AP	MULE	DNA/MULE-MuDR	306	MuDR2x_AP#DNA/MULE-MuDR RBRM:MuDR2x_AP cds_range:299-1217 Incomplete (upstream exon still missed) [Acyrthosiphon pisum]
MuDR2x_SM	MULE	DNA/MULE-MuDR	453	MuDR2x_SM#DNA/MULE-MuDR RBRM:MuDR2x_SM cds_range:282-1641 [Schmidtea mediterranea]
MuDR3_OS_tp	MULE	DNA/MULE-MuDR	909	MuDR3_OS_tp#DNA/MULE-MuDR RBRM:MuDR3_OS cds_range:674-3395 [Oryza sativa]
MuDR3_SM	MULE	DNA/MULE-MuDR	574	MuDR3_SM#DNA/MULE-MuDR RBRM:MuDR3_SM cds_range:459-2181 [Schmidtea mediterranea]
MuDR3_ZM_tp	MULE	DNA/MULE-MuDR	590	MuDR3_ZM_tp#DNA/MULE-MuDR RBRM:MuDR3_ZM frameshifts:1 cds_range:692-2461 via tfasty with Jittery [Zea mays]
MuDR3x_AP	MULE	DNA/MULE-MuDR	455	MuDR3x_AP#DNA/MULE-MuDR RBRM:MuDR3x_AP stops:1 cds_range:493-1948 exons:493-1456;1546-1948 via genewise with MuDR2x_SM#DNA/MULE-MuDR [Acyrthosiphon pisum]
MuDR3x_SM	MULE	DNA/MULE-MuDR	476	MuDR3x_SM#DNA/MULE-MuDR RBRM:MuDR3x_SM cds_range:455-1883 [Schmidtea mediterranea]
MuDR4_OS_tp	MULE	DNA/MULE-MuDR	916	MuDR4_OS_tp#DNA/MULE-MuDR RBRM:MuDR4_OS frameshifts:1 cds_range:851-3598 via tfasty with MuDR2_OS [Oryza sativa]
MuDR4_SM	MULE	DNA/MULE-MuDR	539	MuDR4_SM#DNA/MULE-MuDR RBRM:MuDR4_SM cds_range:169-1786 [Schmidtea mediterranea]
MuDR4x_AP	MULE	DNA/MULE-MuDR	463	MuDR4x_AP#DNA/MULE-MuDR RBRM:MuDR4x_AP cds_range:542-1999 exons:542-1418;1486-1999 via genewise with MuDR1x_AP#DNA [Acyrthosiphon pisum]
MuDR4x_SM	MULE	DNA/MULE-MuDR	499	MuDR4x_SM#DNA/MULE-MuDR RBRM:MuDR4x_SM cds_range:101-1598 [Schmidtea mediterranea]
Mudr5_OS_tp	MULE	DNA/MULE-MuDR	931	Mudr5_OS_tp#DNA/MULE-MuDR RBRM:Mudr5_OS cds_range:903-3696 [Oryza sativa]
MuDR5x_AP	MULE	DNA/MULE-MuDR	471	MuDR5x_AP#DNA/MULE-MuDR RBRM:MuDR5x_AP frameshifts:1 stops:1 cds_range:482-2157 exons:482-647;850-1945;2003-2157 via genewise with MuDR1x_SM#DNA/MULE-MuDR [Acyrthosiphon pisum]
MuDR5x_SM	MULE	DNA/MULE-MuDR	437	MuDR5x_SM#DNA/MULE-MuDR RBRM:MuDR5x_SM frameshifts:2 cds_range:178-1489 via tfasty with MuDR2x_SM [Schmidtea mediterranea]
MuDR6x_AP	MULE	DNA/MULE-MuDR	458	MuDR6x_AP#DNA/MULE-MuDR RBRM:MuDR6x_AP frameshifts:1 stops:4 cds_range:498-2036 exons:498-645;808-2036 via genewise with MuDR2x_SM [Acyrthosiphon pisum]
MuDR7x_AP	MULE	DNA/MULE-MuDR	460	MuDR7x_AP#DNA/MULE-MuDR RBRM:MuDR7x_AP frameshifts:1 cds_range:423-1804 via tfasty with MuDR1x_AP [Acyrthosiphon pisum]
MuDR8x_AP	MULE	DNA/MULE-MuDR	321	MuDR8x_AP#DNA/MULE-MuDR RBRM:MuDR8x_AP frameshifts:1 stops:1 cds_range:547-1509 via tfasty with MuDR4x_AP [Acyrthosiphon pisum]
MuDR9x_AP	MULE	DNA/MULE-MuDR	477	MuDR9x_AP#DNA/MULE-MuDR RBRM:MuDR9x_AP frameshifts:2 stops:1 cds_range:255-1757 exons:255-1522;1595-1757 via tfasty with MuDR1x_SM, via genewise with MuDR1x_SM#DNA/MULE-MuDR [Acyrthosiphon pisum]
MuDR10x_AP	MULE	DNA/MULE-MuDR	469	MuDR10x_AP#DNA/MULE-MuDR RBRM:MuDR10x_AP frameshifts:2 stops:2 cds_range:398-1805 via tfasty with MuDR4x_AP [Acyrthosiphon pisum]
MuDR11x_AP	MULE	DNA/MULE-MuDR	452	MuDR11x_AP#DNA/MULE-MuDR RBRM:MuDR11x_AP frameshifts:3 cds_range:454-1899 exons:454-625;713-1899 via genewise with MuDR1x_SM [Acyrthosiphon pisum]
MuDR-1_AIp_tp	MULE	DNA/MULE-MuDR	853	MuDR-1_AIp_tp#DNA/MULE-MuDR RBRM:MuDR-1_AIp cds_range:345-2904 [Arachis ipaensis]
MuDR-1_ALy_p4	MULE	DNA/MULE-MuDR	1172	MuDR-1_ALy_p4#DNA/MULE-MuDR RBRM:MuDR-1_ALy rev:1 cds_range:13285-8456 exons:13285-13152;12910-11977;11896-11696;11618-11150;11065-10938;10851-10724;10612-10485;10401-10283;10171-10062;9995-9934;9833-9727;9648-9372;9285-9199;9114-8456 R, via genscan [Arabidopsis lyrata]
MuDR-1_ALy_tp	MULE	DNA/MULE-MuDR	1023	MuDR-1_ALy_tp#DNA/MULE-MuDR RBRM:MuDR-1_ALy cds_range:768-3837 [Arabidopsis lyrata]
MuDR-1_ATr_tp	MULE	DNA/MULE-MuDR	794	MuDR-1_ATr_tp#DNA/MULE-MuDR RBRM:MuDR-1_ATr cds_range:1099-3481 [Amborella trichopoda]
MuDR-1_BDi_p2	MULE	DNA/MULE-MuDR	682	MuDR-1_BDi_p2#DNA/MULE-MuDR RBRM:MuDR-1_BDi cds_range:4831-7371 exons:4831-5001;5259-5745;5816-6118;6198-6460;6542-7371 via genscan [Brachypodium distachyon]
MuDR-1_BDi_tp	MULE	DNA/MULE-MuDR	908	MuDR-1_BDi_tp#DNA/MULE-MuDR RBRM:MuDR-1_BDi cds_range:1460-4184 [Brachypodium distachyon]
MuDR-1_CGi	MULE	DNA/MULE-MuDR	958	MuDR-1_CGi#DNA/MULE-MuDR RBRM:MuDR-1_CGi cds_range:319-3193 [Crassostrea gigas]
MuDR-1_DPu	MULE	DNA/MULE-MuDR	869	MuDR-1_DPu#DNA/MULE-MuDR RBRM:MuDR-1_DPu cds_range:328-3537 exons:328-488;802-1661;1719-2094;2196-2676;2745-3147;3206-3537 via genscan [Daphnia pulex]
MuDR-1_ECa_tp	MULE	DNA/MULE-MuDR	770	MuDR-1_ECa_tp#DNA/MULE-MuDR RBRM:MuDR-1_ECa cds_range:1637-3947 [Eucalyptus camaldulensis]
MuDR-1_EPa	MULE	DNA/MULE-MuDR	603	MuDR-1_EPa#DNA/MULE-MuDR RBRM:MuDR-1_EPa frameshifts:1 stops:1 cds_range:445-2445 exons:445-1481;1560-1975;2088-2445 via genewise with ATMU13 [Eutrema parvulum]
MuDR-1_FO_tp	MULE	DNA/MULE-MuDR	848	MuDR-1_FO_tp#DNA/MULE-MuDR RBRM:MuDR-1_FO cds_range:163-2707 [Fusarium oxysporum]
MuDR-1_GR_p2	MULE	DNA/MULE-MuDR	529	MuDR-1_GR_p2#DNA/MULE-MuDR RBRM:MuDR-1_GR rev:1 frameshifts:1 cds_range:6714-4542 exons:6714-6654;6564-5850;5774-5688;5587-5312;5203-4980;4915-4856;4717-4542 R, via genescan [Gossypium raimondii]
MuDR-1_GR_tp	MULE	DNA/MULE-MuDR	921	MuDR-1_GR_tp#DNA/MULE-MuDR RBRM:MuDR-1_GR cds_range:892-3825 exons:892-2104;2177-2903;3000-3825 via genewise with SHAMUDRAV_MT_tp [Gossypium raimondii]
MuDR-1_HV_tp	MULE	DNA/MULE-MuDR	894	MuDR-1_HV_tp#DNA/MULE-MuDR RBRM:MuDr-1_HV frameshifts:1 stops:2 cds_range:1047-3730 via tfasty with MuDR4_OS_tp [Hordeum vulgare]
MuDR-1_JC_tp	MULE	DNA/MULE-MuDR	950	MuDR-1_JC_tp#DNA/MULE-MuDR RBRM:MuDR-1_JC cds_range:617-3542 exons:617-2488;2563-3542 via genewise with MuDRB_PT [Jatropha curcas]
MuDR-1_LSal	MULE	DNA/MULE-MuDR	465	MuDR-1_LSal#DNA/MULE-MuDR RBRM:MuDR-1_LSal frameshifts:2 cds_range:2700-4084 via tfasty with MuDR5x_AP [Lepeophtheirus salmonis]
MuDR-1_LU_p2	MULE	DNA/MULE-MuDR	472	MuDR-1_LU_p2#DNA/MULE-MuDR RBRM:MuDR-1_LU frameshifts:2 cds_range:787-2283 exons:787-1615;1697-2283 via genewise with MuDRAVI2_p2 [Linum usitatissimum]
MuDR-1_Mad_tp	MULE	DNA/MULE-MuDR	617	MuDR-1_Mad_tp#DNA/MULE-MuDR RBRM:MuDR-1_Mad frameshifts:1 cds_range:672-2524 via tfasty with MuDR3_ZM [Malus domestica]
MuDR-1_MLP_tp	MULE	DNA/MULE-MuDR	635	MuDR-1_MLP_tp#DNA/MULE-MuDR RBRM:MuDR-1_MLP cds_range:285-2336 exons:285-973;1041-1753;1831-2336 via genewise with MuDR-5_Mad [Melampsora larici-populina]
MuDR-1_MN_tp	MULE	DNA/MULE-MuDR	817	MuDR-1_MN_tp#DNA/MULE-MuDR RBRM:MuDR-1_MN cds_range:855-3476 exons:855-2013;2097-2927;3013-3476 via genewise with MuDR-5_VV [Morus notabilis]
MuDR-1_NV	MULE	DNA/MULE-MuDR	856	MuDR-1_NV#DNA/MULE-MuDR RBRM:MuDR-1_NV cds_range:191-3134 exons:191-1974;2349-3134 GENSCAN_predicted_peptide_1|856_aa 1 intron [Nematostella vectensis]
MuDR-1_PGr_tp	MULE	DNA/MULE-MuDR	1035	MuDR-1_PGr_tp#DNA/MULE-MuDR RBRM:MuDR-1_PGr cds_range:1387-4569 exons:1387-1748;1825-4569 via genewise with MuDR-5_Mad [Puccinia graminis]
MuDR-1_PI	MULE	DNA/MULE-MuDR	1155	MuDR-1_PI#DNA/MULE-MuDR RBRM:MuDR-1_PI cds_range:340-4178 exons:340-375;446-1357;1464-2436;2535-2788;2884-4178 via genewise with MuDR-15_PI [Phytophthora infestans]
MuDR-1_PPa_tp	MULE	DNA/MULE-MuDR	655	MuDR-1_PPa_tp#DNA/MULE-MuDR RBRM:MuDR-1_PPa frameshifts:3 stops:5 cds_range:350-2316 via tfasty with Hop [Physcomitrella patens]
MuDR-1_PPe	MULE	DNA/MULE-MuDR	758	MuDR-1_PPe#DNA/MULE-MuDR RBRM:MuDR-1_PPe cds_range:835-3109 [Prunus persica]
MuDR-1_PPI_p2	MULE	DNA/MULE-MuDR	270	MuDR-1_PPI_p2#DNA/MULE-MuDR RBRM:MuDR-1_PPI rev:1 cds_range:3307-2497 [Phytophthora parasitica]
MuDR-1_PPI_tp	MULE	DNA/MULE-MuDR	724	MuDR-1_PPI_tp#DNA/MULE-MuDR RBRM:MuDR-1_PPI cds_range:66-2315 exons:66-147;224-2315 via genescan [Phytophthora parasitica]
MuDR-1_PSo	MULE	DNA/MULE-MuDR	566	MuDR-1_PSo#DNA/MULE-MuDR RBRM:MuDR-1_PSo frameshifts:1 cds_range:1101-2797 (pos 2465) [Phytophthora sojae]
MuDR-1_PSt_tp	MULE	DNA/MULE-MuDR	700	MuDR-1_PSt_tp#DNA/MULE-MuDR RBRM:MuDR-1_PSt frameshifts:1 stops:2 cds_range:74-2173 via tfasty with MuDR-1_PGr [Puccinia striiformis]
MuDR-1_PTc	MULE	DNA/MULE-MuDR	965	MuDR-1_PTc#DNA/MULE-MuDR RBRM:MuDR-1_PTc cds_range:243-3138 [Phaeodactylum tricornutum]
MuDR-1_RC	MULE	DNA/MULE-MuDR	845	MuDR-1_RC#DNA/MULE-MuDR RBRM:MuDR-1_RC cds_range:770-4455 exons:770-2347;3497-4455 via genewise with MuDR-7_SBi (there appears to be an internal duplication, jumped by this intron) [Ricinus communis]
MuDR-1_ROr	MULE	DNA/MULE-MuDR	672	MuDR-1_ROr#DNA/MULE-MuDR RBRM:MuDR-1_ROr frameshifts:1 cds_range:178-2193 via tfasty with Cmut1 [Rhizopus oryzae]
MuDR-1_TC_tp	MULE	DNA/MULE-MuDR	745	MuDR-1_TC_tp#DNA/MULE-MuDR RBRM:MuDR-1_TC cds_range:77-2312 [Theobroma cacao]
MuDR-1_TMe	MULE	DNA/MULE-MuDR	619	MuDR-1_TMe#DNA/MULE-MuDR RBRM:MuDR-1_TMe cds_range:1458-3315 [Tuber melanosporum]
MuDR-1_TV	MULE	DNA/MULE-MuDR	750	MuDR-1_TV#DNA/MULE-MuDR RBRM:MuDr-1_TV cds_range:2219-4469 [Trichomonas vaginalis]
MuDR-1x_AP	MULE	DNA/MULE-MuDR	811	MuDR-1x_AP#DNA/MULE-MuDR RBRM:MuDr-1x_AP stops:6 cds_range:627-3060 via tfasty with 17544214_Cel [Acyrthosiphon pisum]
MuDR-1x_SP	MULE	DNA/MULE-MuDR	1146	MuDR-1x_SP#DNA/MULE-MuDR RBRM:MuDr-1x_SP frameshifts:1 cds_range:2503-5942 via tfasty with 17534253_Cel [Strongylocentrotus purpuratus]
MuDR-2_AIp	MULE	DNA/MULE-MuDR	673	MuDR-2_AIp#DNA/MULE-MuDR RBRM:MuDR-2_AIp cds_range:1457-3775 exons:1457-2425;2507-3099;3316-3775 (N-term probably missing) via genewise with MuDRASH3_MT_tp [Arachis ipaensis]
MuDR-2_ALy_p2	MULE	DNA/MULE-MuDR	362	MuDR-2_ALy_p2#DNA/MULE-MuDR RBRM:MuDR-2_ALy cds_range:780-2010 exons:780-1203;1347-2010 via genewise with Arnold2_pt2 [Arabidopsis lyrata]
MuDR-2_ALy_p3	MULE	DNA/MULE-MuDR	288	MuDR-2_ALy_p3#DNA/MULE-MuDR RBRM:MuDR-2_ALy cds_range:7063-7927 [Arabidopsis lyrata]
MuDR-2_BDi	MULE	DNA/MULE-MuDR	739	MuDR-2_BDi#DNA/MULE-MuDR RBRM:MuDR-2_BDi cds_range:854-3071 [Brachypodium distachyon]
MuDR-2_CCri	MULE	DNA/MULE-MuDR	820	MuDR-2_CCri#DNA/MULE-MuDR RBRM:MuDR-2_CCri cds_range:793-3253 [Chondrus crispus]
MuDR-2_CSa	MULE	DNA/MULE-MuDR	879	MuDR-2_CSa#DNA/MULE-MuDR RBRM:MuDR-2_CSa cds_range:2014-4651 [Ciona savignyi]
MuDR-2_ECa	MULE	DNA/MULE-MuDR	890	MuDR-2_ECa#DNA/MULE-MuDR RBRM:MuDR-2_ECa cds_range:955-3716 exons:955-2631;2722-3716 via genewise with MuDR-1_RC [Eucalyptus camaldulensis]
MuDR-2_FO_tp	MULE	DNA/MULE-MuDR	883	MuDR-2_FO_tp#DNA/MULE-MuDR RBRM:MuDR-2_FO cds_range:127-2829 exons:127-1406;1459-2829 via genewise with Hop [Fusarium oxysporum]
MuDR-2_FV_tp	MULE	DNA/MULE-MuDR	554	MuDR-2_FV_tp#DNA/MULE-MuDR RBRM:MuDR-2_FV cds_range:1150-2812 [Fragaria vesca]
MuDR-2_GR	MULE	DNA/MULE-MuDR	925	MuDR-2_GR#DNA/MULE-MuDR RBRM:MuDR-2_GR stops:1 cds_range:3456-6231 via tfasty with MuDR-1_GR_tp [Gossypium raimondii]
MuDR-2_HM	MULE	DNA/MULE-MuDR	1075	MuDR-2_HM#DNA/MULE-MuDR RBRM:MuDr-2_HM cds_range:2007-5232 [Hydra vulgaris]
MuDR-2_LU_p2	MULE	DNA/MULE-MuDR	365	MuDR-2_LU_p2#DNA/MULE-MuDR RBRM:MuDR-2_LU cds_range:1070-2165 [Linum usitatissimum]
MuDR-2_Mad_tp	MULE	DNA/MULE-MuDR	743	MuDR-2_Mad_tp#DNA/MULE-MuDR RBRM:MuDR-2_Mad cds_range:500-2729 [Malus domestica]
MuDR-2_MLP_tp	MULE	DNA/MULE-MuDR	627	MuDR-2_MLP_tp#DNA/MULE-MuDR RBRM:MuDR-2_MLP cds_range:206-2228 exons:206-897;965-1677;1750-2228 via genewise with MuDR-5_Mad [Melampsora larici-populina]
MuDR-2_NV	MULE	DNA/MULE-MuDR	588	MuDR-2_NV#DNA/MULE-MuDR RBRM:MuDR-2_NV cds_range:172-1936 Probably partial. [Nematostella vectensis]
MuDR-2_PGr_tp	MULE	DNA/MULE-MuDR	1176	MuDR-2_PGr_tp#DNA/MULE-MuDR RBRM:MuDR-2_PGr frameshifts:1 cds_range:1782-5405 exons:1782-2506;2600-5405 via genewise with MuDR-5_Mad [Puccinia graminis]
MuDR-2_PI_p2	MULE	DNA/MULE-MuDR	283	MuDR-2_PI_p2#DNA/MULE-MuDR RBRM:MuDR-2_PI rev:1 cds_range:3420-2571 [Phytophthora infestans]
MuDR-2_PI_tp	MULE	DNA/MULE-MuDR	696	MuDR-2_PI_tp#DNA/MULE-MuDR RBRM:MuDR-2_PI cds_range:314-2402 [Phytophthora infestans]
MuDR-2_PPI	MULE	DNA/MULE-MuDR	661	MuDR-2_PPI#DNA/MULE-MuDR RBRM:MuDR-2_PPI cds_range:403-2386 [Phytophthora parasitica]
MuDR-2_PSo	MULE	DNA/MULE-MuDR	663	MuDR-2_PSo#DNA/MULE-MuDR RBRM:MuDR-2_PSo cds_range:266-2255 [Phytophthora sojae]
MuDR-2_PTc	MULE	DNA/MULE-MuDR	969	MuDR-2_PTc#DNA/MULE-MuDR RBRM:MuDR-2_PTc cds_range:208-3115 [Phaeodactylum tricornutum]
MuDR-2_RC	MULE	DNA/MULE-MuDR	1045	MuDR-2_RC#DNA/MULE-MuDR RBRM:MuDR-2_RC cds_range:704-3839 [Ricinus communis]
MuDR-2_ROr	MULE	DNA/MULE-MuDR	671	MuDR-2_ROr#DNA/MULE-MuDR RBRM:MuDR-2_ROr frameshifts:1 cds_range:148-2162 via tfasty with MuDR-1_ROr [Rhizopus oryzae]
MuDR-2_TC_p3	MULE	DNA/MULE-MuDR	656	MuDR-2_TC_p3#DNA/MULE-MuDR RBRM:MuDR-2_TC rev:1 cds_range:9155-6433 exons:9155-8417;8317-8163;8083-7943;7863-7794;7598-7525;7447-7374;7291-7110;6980-6433 R, via genscan, Genscan gets at least the next exons (MuDR-2_TC_p2) partially, and in the wrong reading frame) [Theobroma cacao]
MuDR-2_TC_tp	MULE	DNA/MULE-MuDR	942	MuDR-2_TC_tp#DNA/MULE-MuDR RBRM:MuDR-2_TC cds_range:975-3887 exons:975-3343;3429-3887 via genewise with MuDR-5_VV [Theobroma cacao]
MuDR-2_TV	MULE	DNA/MULE-MuDR	559	MuDR-2_TV#DNA/MULE-MuDR RBRM:MuDR-2_TV cds_range:1204-2881 [Trichomonas vaginalis]
MuDR-3_ALy_p3	MULE	DNA/MULE-MuDR	1105	MuDR-3_ALy_p3#DNA/MULE-MuDR RBRM:MuDR-3_ALy rev:1 cds_range:10837-6446 exons:10837-9769;9679-8658;8582-8500;8434-8385;8293-8208;8135-7831;7754-7678;7451-7325;7246-7163;6876-6446 R, via genscan [Arabidopsis lyrata]
MuDR-3_ALy_tp	MULE	DNA/MULE-MuDR	1047	MuDR-3_ALy_tp#DNA/MULE-MuDR RBRM:MuDR-3_ALy cds_range:498-3639 [Arabidopsis lyrata]
MuDR-3_ATr_tp	MULE	DNA/MULE-MuDR	783	MuDR-3_ATr_tp#DNA/MULE-MuDR RBRM:MuDR-3_ATr frameshifts:1 cds_range:2248-4596 via tfasty with MuDR-14_ATr [Amborella trichopoda]
MuDR-3_ECa_tp	MULE	DNA/MULE-MuDR	930	MuDR-3_ECa_tp#DNA/MULE-MuDR RBRM:MuDR-3_ECa cds_range:1070-3955 exons:1070-2782;2877-3955 via genewise with MuDR-8_SBi [Eucalyptus camaldulensis]
MuDR-3_GR	MULE	DNA/MULE-MuDR	574	MuDR-3_GR#DNA/MULE-MuDR RBRM:MuDR-3_GR cds_range:861-2583 [Gossypium raimondii]
MuDR-3_HM	MULE	DNA/MULE-MuDR	814	MuDR-3_HM#DNA/MULE-MuDR RBRM:MuDr-3_HM frameshifts:1 stops:1 cds_range:1634-4075 via tfasty with MuDR-1x_SP [Hydra vulgaris]
MuDR-3_LSal	MULE	DNA/MULE-MuDR	474	MuDR-3_LSal#DNA/MULE-MuDR RBRM:MuDR-3_LSal cds_range:1334-2756 [Lepeophtheirus salmonis]
MuDR-3_Mad_tp	MULE	DNA/MULE-MuDR	731	MuDR-3_Mad_tp#DNA/MULE-MuDR RBRM:MuDR-3_Mad frameshifts:1 cds_range:698-2991 exons:698-2020;2118-2991 via genewise with MUJITOS2#DNA/MULE-MuDR [Malus domestica]
MuDR-3_MLP_tp	MULE	DNA/MULE-MuDR	1026	MuDR-3_MLP_tp#DNA/MULE-MuDR RBRM:MuDR-3_MLP cds_range:2373-5451 [Melampsora larici-populina]
MuDR-3_PGr_tp	MULE	DNA/MULE-MuDR	990	MuDR-3_PGr_tp#DNA/MULE-MuDR RBRM:MuDR-3_PGr frameshifts:3 stops:1 cds_range:1908-4994 exons:1908-4250;4368-4994 via genewise with MuDR-2_PGr, [Puccinia graminis]
MuDR-3_PI	MULE	DNA/MULE-MuDR	748	MuDR-3_PI#DNA/MULE-MuDR RBRM:MuDR-3_PI cds_range:175-2419 [Phytophthora infestans]
MuDR-3_PPI	MULE	DNA/MULE-MuDR	1225	MuDR-3_PPI#DNA/MULE-MuDR RBRM:MuDR-3_PPI cds_range:151-4441 exons:151-1268;1349-2324;2442-2500;2916-4441 via genewise with MuDR-1_PI [Phytophthora parasitica]
MuDR-3_PSo	MULE	DNA/MULE-MuDR	679	MuDR-3_PSo#DNA/MULE-MuDR RBRM:MuDR-3_PSo cds_range:1198-3235 [Phytophthora sojae]
MuDR-3_RC	MULE	DNA/MULE-MuDR	857	MuDR-3_RC#DNA/MULE-MuDR RBRM:MuDR-3_RC frameshifts:1 stops:4 cds_range:908-3480 via tfasty with MuDR-7_VV_tp [Ricinus communis]
MuDR-3_ROr	MULE	DNA/MULE-MuDR	703	MuDR-3_ROr#DNA/MULE-MuDR RBRM:MuDR-3_ROr cds_range:163-2331 exons:163-786;845-2331 via genewise with MuDR-1_ROr [Rhizopus oryzae]
MuDR-3_SBi_p2	MULE	DNA/MULE-MuDR	526	MuDR-3_SBi_p2#DNA/MULE-MuDR RBRM:MuDR-3_SBi stops:1 cds_range:4286-6466 exons:4286-4407;4500-4886;4969-5564;5990-6466 via genewise with MuDR-12_SBi_p2 [Sorghum bicolor]
MuDR-3_SBi_tp	MULE	DNA/MULE-MuDR	931	MuDR-3_SBi_tp#DNA/MULE-MuDR RBRM:MuDR-3_SBi frameshifts:1 stops:2 cds_range:1156-3948 via tfasty with MuDR1_ZM_tp [Sorghum bicolor]
MuDR-3_TC_tp	MULE	DNA/MULE-MuDR	964	MuDR-3_TC_tp#DNA/MULE-MuDR RBRM:MuDR-3_TC cds_range:2918-5896 exons:2918-5343;5429-5896 via genewise with MuDR-2_TC [Theobroma cacao]
MuDR-3_TV	MULE	DNA/MULE-MuDR	557	MuDR-3_TV#DNA/MULE-MuDR RBRM:MuDR-3_TV cds_range:780-2451 [Trichomonas vaginalis]
MuDR-3_VV_tp	MULE	DNA/MULE-MuDR	823	MuDR-3_VV_tp#DNA/MULE-MuDR RBRM:MuDR-3_VV cds_range:936-3405 [Vitis vinifera]
MuDR-4_ALy_tp	MULE	DNA/MULE-MuDR	713	MuDR-4_ALy_tp#DNA/MULE-MuDR RBRM:MuDR-4_ALy cds_range:172-2311 [Arabidopsis lyrata]
MuDR-4_ATr_tp	MULE	DNA/MULE-MuDR	792	MuDR-4_ATr_tp#DNA/MULE-MuDR RBRM:MuDR-4_ATr cds_range:2033-4409 [Amborella trichopoda]
MuDR-4_CCri_tp	MULE	DNA/MULE-MuDR	1109	MuDR-4_CCri_tp#DNA/MULE-MuDR RBRM:MuDR-4_CCri cds_range:526-3853 [Chondrus crispus]
MuDR-4_CGi	MULE	DNA/MULE-MuDR	470	MuDR-4_CGi#DNA/MULE-MuDR RBRM:MuDR-4_CGi cds_range:814-2224 [Crassostrea gigas]
MuDR-4_EPa_tp	MULE	DNA/MULE-MuDR	831	MuDR-4_EPa_tp#DNA/MULE-MuDR RBRM:MuDR-4_EPa frameshifts:1 cds_range:1043-3537 via tfasty with Vandal17_tp [Eutrema parvulum]
MuDR-4_Mad_tp	MULE	DNA/MULE-MuDR	828	MuDR-4_Mad_tp#DNA/MULE-MuDR RBRM:MuDR-4_Mad frameshifts:1 stops:1 cds_range:801-3491 exons:801-1992;2069-3246;3373-3491 via genewise with MuSHAN_MT_tp#DNA/MULE-MuDR [Malus domestica]
MuDR-4_PI_p2	MULE	DNA/MULE-MuDR	369	MuDR-4_PI_p2#DNA/MULE-MuDR RBRM:MuDR-4_PI rev:1 cds_range:2937-1830 [Phytophthora infestans]
MuDR-4_PI_tp	MULE	DNA/MULE-MuDR	411	MuDR-4_PI_tp#DNA/MULE-MuDR RBRM:MuDR-4_PI cds_range:2-1235 Fragment [Phytophthora infestans]
MuDR-4_RC	MULE	DNA/MULE-MuDR	832	MuDR-4_RC#DNA/MULE-MuDR RBRM:MuDR-4_RC cds_range:441-3242 exons:441-492;712-2196;2281-3242 via genewise with Mudr5_OS [Ricinus communis]
MuDR-4_SBi_tp	MULE	DNA/MULE-MuDR	654	MuDR-4_SBi_tp#DNA/MULE-MuDR RBRM:MuDR-4_SBi cds_range:2245-4207 Perhaps missing an upstream exon [Sorghum bicolor]
MuDR-4_TC	MULE	DNA/MULE-MuDR	750	MuDR-4_TC#DNA/MULE-MuDR RBRM:MuDR-4_TC cds_range:708-2958 [Theobroma cacao]
MuDR-4_TV	MULE	DNA/MULE-MuDR	489	MuDR-4_TV#DNA/MULE-MuDR RBRM:MuDR-4_TV cds_range:274-1741 [Trichomonas vaginalis]
MuDR-4_VV_tp	MULE	DNA/MULE-MuDR	815	MuDR-4_VV_tp#DNA/MULE-MuDR RBRM:MuDR-4_VV cds_range:1158-3603 [Vitis vinifera]
MuDR-4_ZM	MULE	DNA/MULE-MuDR	642	MuDR-4_ZM#DNA/MULE-MuDR RBRM:MuDR-4_ZM cds_range:896-3199 exons:896-1395;1493-1876;1958-2435;2519-2771;2884-3199 via genewise with MuDR-5_OS [Zea mays]
MuDR-5_ALy_p2	MULE	DNA/MULE-MuDR	380	MuDR-5_ALy_p2#DNA/MULE-MuDR RBRM:MuDR-5_ALy rev:1 frameshifts:1 cds_range:5340-4042 exons:5340-4969;4889-4782;4704-4042 R, via genewise with MuDR-17_ALy_p3 [Arabidopsis lyrata]
MuDR-5_ALy_pt	MULE	DNA/MULE-MuDR	289	MuDR-5_ALy_pt#DNA/MULE-MuDR RBRM:MuDR-5_ALy rev:1 cds_range:7550-6683 [Arabidopsis lyrata]
MuDR-5_ALy_tp	MULE	DNA/MULE-MuDR	798	MuDR-5_ALy_tp#DNA/MULE-MuDR RBRM:MuDR-5_ALy cds_range:1065-3624 exons:1065-2120;2205-3078;3158-3624 via genewise with Vandal3_tp [Arabidopsis lyrata]
MuDR-5_ATr_tp	MULE	DNA/MULE-MuDR	768	MuDR-5_ATr_tp#DNA/MULE-MuDR RBRM:MuDR-5_ATr frameshifts:2 cds_range:1655-3957 via tfasty with MuDR-3_ATr [Amborella trichopoda]
MuDR-5_CCri	MULE	DNA/MULE-MuDR	997	MuDR-5_CCri#DNA/MULE-MuDR RBRM:MuDR-5_CCri cds_range:345-3336 [Chondrus crispus]
MuDR-5_EPa	MULE	DNA/MULE-MuDR	760	MuDR-5_EPa#DNA/MULE-MuDR RBRM:MuDR-5_EPa frameshifts:1 stops:2 cds_range:985-3542 exons:985-1741;1882-2294;2391-2413;2463-3542 via genewise with MuDR-7_VV_tp [Eutrema parvulum]
MuDR-5_GR_p2	MULE	DNA/MULE-MuDR	393	MuDR-5_GR_p2#DNA/MULE-MuDR RBRM:MuDR-5_GR rev:1 frameshifts:1 cds_range:5759-4395 exons:5759-5038;4946-4863;4771-4395 R, via genewise with MuDRAVI2_p2, 1 fraemshift [Gossypium raimondii]
MuDR-5_GR_tp	MULE	DNA/MULE-MuDR	915	MuDR-5_GR_tp#DNA/MULE-MuDR RBRM:MuDR-5_GR cds_range:1017-3762 [Gossypium raimondii]
MuDR-5_LSal	MULE	DNA/MULE-MuDR	421	MuDR-5_LSal#DNA/MULE-MuDR RBRM:MuDR-5_LSal frameshifts:1 cds_range:1423-2684 via tfasty with MuDR5x_AP [Lepeophtheirus salmonis]
MuDR-5_Mad_tp	MULE	DNA/MULE-MuDR	640	MuDR-5_Mad_tp#DNA/MULE-MuDR RBRM:MuDR-5_Mad cds_range:1270-3190 [Malus domestica]
MuDR-5_OS_tp	MULE	DNA/MULE-MuDR	980	MuDR-5_OS_tp#DNA/MULE-MuDR RBRM:MuDR-5_OS stops:2 cds_range:1620-4560 via tfasty with 50926620_Osa [Oryza sativa]
MuDR-5_PI	MULE	DNA/MULE-MuDR	625	MuDR-5_PI#DNA/MULE-MuDR RBRM:MuDR-5_PI cds_range:306-2181 [Phytophthora infestans]
MuDR-5_RC_tp	MULE	DNA/MULE-MuDR	844	MuDR-5_RC_tp#DNA/MULE-MuDR RBRM:MuDR-5_RC frameshifts:1 cds_range:2348-4982 exons:2348-4072;4172-4982 via genewise with MuDR-6_VV [Ricinus communis]
MuDR-5_SBi	MULE	DNA/MULE-MuDR	702	MuDR-5_SBi#DNA/MULE-MuDR RBRM:MuDR-5_SBi cds_range:1693-5277 exons:1693-2201;2621-3004;3388-3852;4408-4680;4798-5277 via genewise with MuDR-7_ZM#DNA/MULE-MuDR [Sorghum bicolor]
MuDR-5_STu_tp	MULE	DNA/MULE-MuDR	780	MuDR-5_STu_tp#DNA/MULE-MuDR RBRM:MuDR-5_STu cds_range:917-3257 [Solanum tuberosum]
MuDR-5_TV	MULE	DNA/MULE-MuDR	480	MuDR-5_TV#DNA/MULE-MuDR RBRM:MuDR-5_TV cds_range:876-2316 [Trichomonas vaginalis]
MuDR-5_VV_tp	MULE	DNA/MULE-MuDR	809	MuDR-5_VV_tp#DNA/MULE-MuDR RBRM:MuDR-5_VV cds_range:893-3320 [Vitis vinifera]
MuDR-5_ZM	MULE	DNA/MULE-MuDR	510	MuDR-5_ZM#DNA/MULE-MuDR RBRM:MuDR-5_ZM cds_range:1043-3111 exons:1043-1554;1641-2024;2129-2456;2713-2935;3024-3111 Via genewise with 34908366_Osa [Zea mays]
MuDR-6_ALy_p2	MULE	DNA/MULE-MuDR	573	MuDR-6_ALy_p2#DNA/MULE-MuDR RBRM:MuDR-6_ALy cds_range:4624-6505 exons:4624-5655;5736-5895;5976-6505 via genewise with MuDR-12_ALy_p2 [Arabidopsis lyrata]
MuDR-6_ALy_tp	MULE	DNA/MULE-MuDR	788	MuDR-6_ALy_tp#DNA/MULE-MuDR RBRM:MuDR-6_ALy cds_range:853-3519 exons:853-1414;1537-2007;2092-2965;3059-3519 via genewise with MuDR-5_ALy_tp [Arabidopsis lyrata]
MuDR-6_ATr_p2	MULE	DNA/MULE-MuDR	411	MuDR-6_ATr_p2#DNA/MULE-MuDR RBRM:MuDR-6_ATr rev:1 frameshifts:3 cds_range:6546-5121 exons:6546-5972;5884-5718;5617-5121 R, via genewise with MuDRAVI2_p2 [Amborella trichopoda]
MuDR-6_ATr_tp	MULE	DNA/MULE-MuDR	684	MuDR-6_ATr_tp#DNA/MULE-MuDR RBRM:MuDR-6_ATr frameshifts:1 cds_range:1299-3350 via tfasty with MuDR-13_ATr [Amborella trichopoda]
MuDR-6_CCri_tp	MULE	DNA/MULE-MuDR	1106	MuDR-6_CCri_tp#DNA/MULE-MuDR RBRM:MuDR-6_CCri cds_range:358-3676 [Chondrus crispus]
MuDR-6_FV_tp	MULE	DNA/MULE-MuDR	829	MuDR-6_FV_tp#DNA/MULE-MuDR RBRM:MuDR-6_FV cds_range:633-3120 [Fragaria vesca]
MuDR-6_HM	MULE	DNA/MULE-MuDR	932	MuDR-6_HM#DNA/MULE-MuDR RBRM:MuDR-6_HM cds_range:1421-4663 exons:1421-1869;2109-2448;2585-4305;4374-4663 via genewise MuDR-2_CSa [Hydra vulgaris]
MuDR-6_PI_p2	MULE	DNA/MULE-MuDR	276	MuDR-6_PI_p2#DNA/MULE-MuDR RBRM:MuDR-6_PI rev:1 cds_range:3347-2519 [Phytophthora infestans]
MuDR-6_PI_tp	MULE	DNA/MULE-MuDR	715	MuDR-6_PI_tp#DNA/MULE-MuDR RBRM:MuDR-6_PI cds_range:171-2316 [Phytophthora infestans]
MuDR-6_RC	MULE	DNA/MULE-MuDR	813	MuDR-6_RC#DNA/MULE-MuDR RBRM:MuDR-6_RC cds_range:682-3318 exons:682-2142;2339-3318 via genewise with MuDR-2_ECa [Ricinus communis]
MuDR-6_SBi_p2	MULE	DNA/MULE-MuDR	286	MuDR-6_SBi_p2#DNA/MULE-MuDR RBRM:MuDR-6_SBi rev:1 cds_range:9448-8590 [Sorghum bicolor]
MuDR-6_SBi_p3	MULE	DNA/MULE-MuDR	298	MuDR-6_SBi_p3#DNA/MULE-MuDR RBRM:MuDR-6_SBi rev:1 cds_range:8302-7408 R, Probably spliced into from _p2 [Sorghum bicolor]
MuDR-6_SBi_tp	MULE	DNA/MULE-MuDR	753	MuDR-6_SBi_tp#DNA/MULE-MuDR RBRM:MuDR-6_SBi cds_range:1021-3457 exons:1021-2562;2739-3457 via genewise with MuDR-5_OS#DNA/MULE-MuDR [Sorghum bicolor]
MuDR-6_TV	MULE	DNA/MULE-MuDR	482	MuDR-6_TV#DNA/MULE-MuDR RBRM:MuDR-6_TV cds_range:875-2321 [Trichomonas vaginalis]
MuDR-6_VV_tp	MULE	DNA/MULE-MuDR	854	MuDR-6_VV_tp#DNA/MULE-MuDR RBRM:MuDR-6_VV cds_range:3183-5745 [Vitis vinifera]
MuDR-6_ZM_tp	MULE	DNA/MULE-MuDR	917	MuDR-6_ZM_tp#DNA/MULE-MuDR RBRM:MuDR-6_ZM stops:1 cds_range:1055-3806 via tfasty with MuDR1_ZM_tp [Zea mays]
MuDR-7_ALy_p4	MULE	DNA/MULE-MuDR	1499	MuDR-7_ALy_p4#DNA/MULE-MuDR RBRM:MuDR-7_ALy rev:1 cds_range:14044-6589 exons:14044-13893;13569-12645;12563-12372;12301-11878;11794-11658;11616-11285;11204-11089;11007-10949;10844-10747;10658-10510;10415-10205;10108-10022;9750-9260;8656-8100;7281-6974;6878-6589 R, via genscan [Arabidopsis lyrata]
MuDR-7_ALy_tp	MULE	DNA/MULE-MuDR	935	MuDR-7_ALy_tp#DNA/MULE-MuDR RBRM:MuDR-7_ALy cds_range:762-3665 exons:762-3479;3577-3665 via genewise with MuDR-5_VV [Arabidopsis lyrata]
MuDR-7_CCri	MULE	DNA/MULE-MuDR	912	MuDR-7_CCri#DNA/MULE-MuDR RBRM:MuDR-7_CCri cds_range:362-3098 [Chondrus crispus]
MuDR-7_FV_tp	MULE	DNA/MULE-MuDR	533	MuDR-7_FV_tp#DNA/MULE-MuDR RBRM:MuDR-7_FV cds_range:1077-2676 [Fragaria vesca]
MuDR-7_LSal	MULE	DNA/MULE-MuDR	504	MuDR-7_LSal#DNA/MULE-MuDR RBRM:MuDR-7_LSal stops:4 cds_range:2865-4377 via tfasty with MuDR5x_AP [Lepeophtheirus salmonis]
MuDR-7_PI_p2	MULE	DNA/MULE-MuDR	279	MuDR-7_PI_p2#DNA/MULE-MuDR RBRM:MuDR-7_PI rev:1 cds_range:3197-2360 [Phytophthora infestans]
MuDR-7_PI_tp	MULE	DNA/MULE-MuDR	681	MuDR-7_PI_tp#DNA/MULE-MuDR RBRM:MuDR-7_PI frameshifts:1 cds_range:170-2214 via tfasty with MuDR-6_PI_tp [Phytophthora infestans]
MuDR-7_SBi	MULE	DNA/MULE-MuDR	951	MuDR-7_SBi#DNA/MULE-MuDR RBRM:MuDR-7_SBi frameshifts:2 cds_range:480-3333 via tfasty with OSMUD1 [Sorghum bicolor]
MuDR-7_TV	MULE	DNA/MULE-MuDR	560	MuDR-7_TV#DNA/MULE-MuDR RBRM:MuDR-7_TV cds_range:815-2495 [Trichomonas vaginalis]
MuDR-7_VV_tp	MULE	DNA/MULE-MuDR	795	MuDR-7_VV_tp#DNA/MULE-MuDR RBRM:MuDR-7_VV frameshifts:1 stops:4 cds_range:1709-4093 via tfasty with MUMET2_tp [Vitis vinifera]
MuDR-7_ZM	MULE	DNA/MULE-MuDR	562	MuDR-7_ZM#DNA/MULE-MuDR RBRM:MuDR-7_ZM cds_range:1033-3078 exons:1033-1520;1611-1994;2111-2575;2651-2919;2994-3078 via genewise with MuDR-5_OS [Zea mays]
MuDR-7B_CCri	MULE	DNA/MULE-MuDR	901	MuDR-7B_CCri#DNA/MULE-MuDR RBRM:MuDR-7B_CCri cds_range:303-3006 [Chondrus crispus]
MuDR-8_ATr_tp	MULE	DNA/MULE-MuDR	778	MuDR-8_ATr_tp#DNA/MULE-MuDR RBRM:MuDR-8_ATr stops:2 cds_range:1287-3621 via tfasty with MuDR-5_ATr [Amborella trichopoda]
MuDR-8_FV_tp	MULE	DNA/MULE-MuDR	657	MuDR-8_FV_tp#DNA/MULE-MuDR RBRM:MuDR-8_FV cds_range:831-2802 [Fragaria vesca]
MuDR-8_Mad_tp	MULE	DNA/MULE-MuDR	707	MuDR-8_Mad_tp#DNA/MULE-MuDR RBRM:MuDR-8_Mad cds_range:1482-3603 [Malus domestica]
MuDR-8_PI_p2	MULE	DNA/MULE-MuDR	280	MuDR-8_PI_p2#DNA/MULE-MuDR RBRM:MuDR-8_PI rev:1 frameshifts:1 cds_range:3532-2690 [Phytophthora infestans]
MuDR-8_PI_tp	MULE	DNA/MULE-MuDR	742	MuDR-8_PI_tp#DNA/MULE-MuDR RBRM:MuDR-8_PI cds_range:404-2630 [Phytophthora infestans]
MuDR-8_SBi	MULE	DNA/MULE-MuDR	897	MuDR-8_SBi#DNA/MULE-MuDR RBRM:MuDR-8_SBi cds_range:701-3392 [Sorghum bicolor]
MuDR-8_VV_tp	MULE	DNA/MULE-MuDR	861	MuDR-8_VV_tp#DNA/MULE-MuDR RBRM:MuDR-8_VV cds_range:3686-6269 [Vitis vinifera]
MuDR-8_ZM	MULE	DNA/MULE-MuDR	562	MuDR-8_ZM#DNA/MULE-MuDR RBRM:MuDR-8_ZM cds_range:895-2962 exons:895-1382;1483-1866;1960-2424;2505-2773;2878-2962 Via genewise with MuDR-5_OS [Zea mays]
MuDR-9_ATr_p2	MULE	DNA/MULE-MuDR	420	MuDR-9_ATr_p2#DNA/MULE-MuDR RBRM:MuDR-9_ATr rev:1 frameshifts:2 cds_range:6720-5202 exons:6720-6136;6018-5851;5713-5202 R, via genewise with MuDR-6_ATr_p2 [Amborella trichopoda]
MuDR-9_ATr_tp	MULE	DNA/MULE-MuDR	659	MuDR-9_ATr_tp#DNA/MULE-MuDR RBRM:MuDR-9_ATr frameshifts:2 stops:2 cds_range:1736-3711 via tfasty with MuDR-6_ATr_p1 [Amborella trichopoda]
MuDR-9_FV_tp	MULE	DNA/MULE-MuDR	902	MuDR-9_FV_tp#DNA/MULE-MuDR RBRM:MuDR-9_FV cds_range:1092-3798 [Fragaria vesca]
MuDR-9_PI_p2	MULE	DNA/MULE-MuDR	277	MuDR-9_PI_p2#DNA/MULE-MuDR RBRM:MuDR-9_PI rev:1 cds_range:3289-2458 [Phytophthora infestans]
MuDR-9_PI_tp	MULE	DNA/MULE-MuDR	700	MuDR-9_PI_tp#DNA/MULE-MuDR RBRM:MuDR-9_PI cds_range:107-2207 [Phytophthora infestans]
MuDR-9_SBi_p2	MULE	DNA/MULE-MuDR	531	MuDR-9_SBi_p2#DNA/MULE-MuDR RBRM:MuDR-9_SBi cds_range:3895-5825 exons:3895-4145;4231-4426;4518-4891;4965-5094;5179-5825 via genewise and genscan with MuDR-3_SBi_p2 [Sorghum bicolor]
MuDR-9_SBi_tp	MULE	DNA/MULE-MuDR	906	MuDR-9_SBi_tp#DNA/MULE-MuDR RBRM:MuDR-9_SBi cds_range:1039-3757 [Sorghum bicolor]
MuDR-9_VV_tp	MULE	DNA/MULE-MuDR	601	MuDR-9_VV_tp#DNA/MULE-MuDR RBRM:MuDR-9_VV cds_range:2061-3864 [Vitis vinifera]
MuDR-9B_ALy_tp	MULE	DNA/MULE-MuDR	782	MuDR-9B_ALy_tp#DNA/MULE-MuDR RBRM:MuDR-9B_ALy cds_range:359-2803 exons:359-1717;1815-2803 via genewise with ATMU3_tp [Arabidopsis lyrata]
MuDR-10_ALy_p1	MULE	DNA/MULE-MuDR	675	MuDR-10_ALy_p1#DNA/MULE-MuDR RBRM:MuDR-10_ALy cds_range:391-2571 exons:391-1440;1518-1933;2010-2571 via genewise with MuDR-1_EPa [Arabidopsis lyrata]
MuDR-10_ATr	MULE	DNA/MULE-MuDR	773	MuDR-10_ATr#DNA/MULE-MuDR RBRM:MuDR-10_ATr cds_range:2504-4823 [Amborella trichopoda]
MuDR-10_CCri	MULE	DNA/MULE-MuDR	681	MuDR-10_CCri#DNA/MULE-MuDR RBRM:MuDR-10_CCri cds_range:998-3041 [Chondrus crispus]
MuDR-10_Mad_tp	MULE	DNA/MULE-MuDR	642	MuDR-10_Mad_tp#DNA/MULE-MuDR RBRM:MuDR-10_Mad cds_range:557-2483 [Malus domestica]
MuDR-10_PI_tp	MULE	DNA/MULE-MuDR	657	MuDR-10_PI_tp#DNA/MULE-MuDR RBRM:MuDR-10_PI frameshifts:1 stops:2 cds_range:213-2185 via tfasty with MuDR-2_FO [Phytophthora infestans]
MuDR-10_ZM	MULE	DNA/MULE-MuDR	585	MuDR-10_ZM#DNA/MULE-MuDR RBRM:MuDR-10_ZM cds_range:672-2427 [Zea mays]
MuDR-11_ALy_p1	MULE	DNA/MULE-MuDR	700	MuDR-11_ALy_p1#DNA/MULE-MuDR RBRM:MuDR-11_ALy cds_range:353-2539 exons:353-1438;1524-2539 via genewise with MuDR-1_EPa [Arabidopsis lyrata]
MuDR-11_ATr_tp	MULE	DNA/MULE-MuDR	721	MuDR-11_ATr_tp#DNA/MULE-MuDR RBRM:MuDR-11_ATr cds_range:1556-3719 (may be starting too early) [Amborella trichopoda]
MuDR-11_PI_p2	MULE	DNA/MULE-MuDR	280	MuDR-11_PI_p2#DNA/MULE-MuDR RBRM:MuDR-11_PI rev:1 cds_range:3712-2872 [Phytophthora infestans]
MuDR-11_PI_tp	MULE	DNA/MULE-MuDR	761	MuDR-11_PI_tp#DNA/MULE-MuDR RBRM:MuDR-11_PI cds_range:488-2771 [Phytophthora infestans]
MuDR-11_SBi_tp	MULE	DNA/MULE-MuDR	662	MuDR-11_SBi_tp#DNA/MULE-MuDR RBRM:MuDR-11_SBi frameshifts:1 cds_range:737-2805 exons:737-2288;2371-2805 via genewise with MuDR-3_Mad#DNA/MULE-MuDR [Sorghum bicolor]
MuDR-11N_VV_tp	MULE	DNA/MULE-MuDR	864	MuDR-11N_VV_tp#DNA/MULE-MuDR RBRM:MuDR-11N_VV stops:1 cds_range:971-3563 via tfasty with SHAMuDRAV_MT_p1 [Vitis vinifera]
MuDR-12_ALy_p2	MULE	DNA/MULE-MuDR	480	MuDR-12_ALy_p2#DNA/MULE-MuDR RBRM:MuDR-12_ALy rev:1 cds_range:7309-5699 exons:7309-6610;6530-6370;6282-5699 R, via genewise with Vandal8_p3 [Arabidopsis lyrata]
MuDR-12_ALy_tp	MULE	DNA/MULE-MuDR	810	MuDR-12_ALy_tp#DNA/MULE-MuDR RBRM:MuDR-12_ALy frameshifts:1 cds_range:735-3166 via tfasty with Vandal7_tp [Arabidopsis lyrata]
MuDR-12_ATr	MULE	DNA/MULE-MuDR	703	MuDR-12_ATr#DNA/MULE-MuDR RBRM:MuDR-12_ATr frameshifts:1 cds_range:1035-3143 via tfasty with MuDR-13_SBi [Amborella trichopoda]
MuDR-12_PI_tp	MULE	DNA/MULE-MuDR	679	MuDR-12_PI_tp#DNA/MULE-MuDR RBRM:MuDR-12_PI cds_range:206-2243 [Phytophthora infestans]
MuDR-12_SBi_p2	MULE	DNA/MULE-MuDR	513	MuDR-12_SBi_p2#DNA/MULE-MuDR RBRM:MuDR-12_SBi stops:1 cds_range:4010-5638 exons:4010-4663;4752-5638 via genewise and tfasty with MuDR-9_SBi_p2 [Sorghum bicolor]
MuDR-12_SBi_tp	MULE	DNA/MULE-MuDR	947	MuDR-12_SBi_tp#DNA/MULE-MuDR RBRM:MuDR-12_SBi cds_range:846-3687 [Sorghum bicolor]
MuDR-12_VV_tp	MULE	DNA/MULE-MuDR	638	MuDR-12_VV_tp#DNA/MULE-MuDR RBRM:MuDR-12_VV cds_range:2497-4411 [Vitis vinifera]
MuDR-13_ALy_p2	MULE	DNA/MULE-MuDR	318	MuDR-13_ALy_p2#DNA/MULE-MuDR RBRM:MuDR-13_ALy rev:1 cds_range:6712-5758 [Arabidopsis lyrata]
MuDR-13_ALy_tp	MULE	DNA/MULE-MuDR	763	MuDR-13_ALy_tp#DNA/MULE-MuDR RBRM:MuDR-13_ALy cds_range:796-3085 [Arabidopsis lyrata]
MuDR-13_ATr_tp	MULE	DNA/MULE-MuDR	641	MuDR-13_ATr_tp#DNA/MULE-MuDR RBRM:MuDR-13_ATr rev:1 cds_range:6588-4665 [Amborella trichopoda]
MuDR-13_CCri_3p	MULE	DNA/MULE-MuDR	1270	MuDR-13_CCri_3p#DNA/MULE-MuDR RBRM:MuDR-13_CCri cds_range:9723-13533 [Chondrus crispus]
MuDR-13_CCri_mt	MULE	DNA/MULE-MuDR	1004	MuDR-13_CCri_mt#DNA/MULE-MuDR RBRM:MuDR-13_CCri rev:1 cds_range:9119-6107 (methylase and SET domain) [Chondrus crispus]
MuDR-13_PI_tp	MULE	DNA/MULE-MuDR	643	MuDR-13_PI_tp#DNA/MULE-MuDR RBRM:MuDR-13_PI cds_range:10-1939 [Phytophthora infestans]
MuDR-13_SBi_tp	MULE	DNA/MULE-MuDR	737	MuDR-13_SBi_tp#DNA/MULE-MuDR RBRM:MuDR-13_SBi cds_range:1067-3278 [Sorghum bicolor]
MuDR-13_VV_tp	MULE	DNA/MULE-MuDR	677	MuDR-13_VV_tp#DNA/MULE-MuDR RBRM:MuDR-13_VV frameshifts:1 stops:7 cds_range:2868-4900 via tfasty with MuDRAVI1_tp [Vitis vinifera]
MuDR-13B_ATr_tp	MULE	DNA/MULE-MuDR	535	MuDR-13B_ATr_tp#DNA/MULE-MuDR RBRM:MuDR-13B_ATr cds_range:1642-3247 [Amborella trichopoda]
MuDR-14_ATr_tp	MULE	DNA/MULE-MuDR	754	MuDR-14_ATr_tp#DNA/MULE-MuDR RBRM:MuDR-14_ATr frameshifts:4 stops:1 cds_range:1552-3816 via tfasty with MuDR-1_ATr [Amborella trichopoda]
MuDR-14_CCri_tp	MULE	DNA/MULE-MuDR	1049	MuDR-14_CCri_tp#DNA/MULE-MuDR RBRM:MuDR-14_CCri cds_range:214-3361 [Chondrus crispus]
MuDR-14_PI_p2	MULE	DNA/MULE-MuDR	628	MuDR-14_PI_p2#DNA/MULE-MuDR RBRM:MuDR-14_PI rev:1 cds_range:4168-2284 [Phytophthora infestans]
MuDR-14_PI_tp	MULE	DNA/MULE-MuDR	611	MuDR-14_PI_tp#DNA/MULE-MuDR RBRM:MuDR-14_PI cds_range:322-2155 [Phytophthora infestans]
MuDR-14_SBi_tp	MULE	DNA/MULE-MuDR	931	MuDR-14_SBi_tp#DNA/MULE-MuDR RBRM:MuDR-14_SBi cds_range:614-3557 exons:614-1588;1667-3226;3297-3557 via genewise with OSMU5, . [Sorghum bicolor]
MuDR-15_ALy_tp	MULE	DNA/MULE-MuDR	815	MuDR-15_ALy_tp#DNA/MULE-MuDR RBRM:MuDR-15_ALy cds_range:112-2557 [Arabidopsis lyrata]
MuDR-15_GMa_tp	MULE	DNA/MULE-MuDR	819	MuDR-15_GMa_tp#DNA/MULE-MuDR RBRM:MuDR-15_GMa cds_range:584-3291 exons:584-1761;1856-2826;2898-3090;3173-3291 via genewise with MuDR-4_Mad [Glycine max]
MuDR-15_PI	MULE	DNA/MULE-MuDR	1149	MuDR-15_PI#DNA/MULE-MuDR RBRM:MuDR-15_PI cds_range:255-4033 exons:255-359;423-1328;1418-2390;2500-3690;3757-4033 via Genscan [Phytophthora infestans]
MuDR-15_SBi_tp	MULE	DNA/MULE-MuDR	936	MuDR-15_SBi_tp#DNA/MULE-MuDR RBRM:MuDR-15_SBi cds_range:622-3601 exons:622-1623;1716-3293;3371-3601 via genewise with OSMU5 [Sorghum bicolor]
MuDR-16_ALy_tp	MULE	DNA/MULE-MuDR	753	MuDR-16_ALy_tp#DNA/MULE-MuDR RBRM:MuDR-16_ALy stops:1 cds_range:945-3204 via tfasty with MuDR-2_Mad [Arabidopsis lyrata]
MuDR-16_PI_p1	MULE	DNA/MULE-MuDR	617	MuDR-16_PI_p1#DNA/MULE-MuDR RBRM:MuDR-16_PI cds_range:267-2118 [Phytophthora infestans]
MuDR-16_PI_p2	MULE	DNA/MULE-MuDR	529	MuDR-16_PI_p2#DNA/MULE-MuDR RBRM:MuDR-16_PI rev:1 cds_range:3940-2353 [Phytophthora infestans]
MuDR-16_SBi_tp	MULE	DNA/MULE-MuDR	769	MuDR-16_SBi_tp#DNA/MULE-MuDR RBRM:MuDR-16_SBi stops:2 cds_range:666-3043 exons:666-1403;1473-3043 via genewise with OSMU6 [Sorghum bicolor]
MuDR-17_ALy_p3	MULE	DNA/MULE-MuDR	587	MuDR-17_ALy_p3#DNA/MULE-MuDR RBRM:MuDR-17_ALy rev:1 cds_range:3978-1597 exons:3978-3705;3442-2713;2613-2524;2270-1597 R, via Genscan [Arabidopsis lyrata]
MuDR-17_CCri	MULE	DNA/MULE-MuDR	1776	MuDR-17_CCri#DNA/MULE-MuDR RBRM:MuDR-17_CCri cds_range:449-5777 [Chondrus crispus]
MuDR-17_PI_p1	MULE	DNA/MULE-MuDR	613	MuDR-17_PI_p1#DNA/MULE-MuDR RBRM:MuDR-17_PI cds_range:304-2143 [Phytophthora infestans]
MuDR-17_PI_p2	MULE	DNA/MULE-MuDR	585	MuDR-17_PI_p2#DNA/MULE-MuDR RBRM:MuDR-17_PI rev:1 cds_range:4255-2500 [Phytophthora infestans]
MuDR-17_SBi_tp	MULE	DNA/MULE-MuDR	775	MuDR-17_SBi_tp#DNA/MULE-MuDR RBRM:MuDR-17_SBi frameshifts:3 cds_range:643-3075 exons:643-1406;1513-3075 via genewise with OSMU4 [Sorghum bicolor]
MuDR-18_CCri_tp	MULE	DNA/MULE-MuDR	801	MuDR-18_CCri_tp#DNA/MULE-MuDR RBRM:MuDR-18_CCri cds_range:654-3057 [Chondrus crispus]
MuDR-18_PI_p1	MULE	DNA/MULE-MuDR	608	MuDR-18_PI_p1#DNA/MULE-MuDR RBRM:MuDR-18_PI cds_range:267-2091 [Phytophthora infestans]
MuDR-18_PI_p2	MULE	DNA/MULE-MuDR	561	MuDR-18_PI_p2#DNA/MULE-MuDR RBRM:MuDR-18_PI rev:1 cds_range:4263-2580 [Phytophthora infestans]
MuDR-18_SBi_tp	MULE	DNA/MULE-MuDR	766	MuDR-18_SBi_tp#DNA/MULE-MuDR RBRM:MuDR-18_SBi rev:1 cds_range:20670-18372 [Sorghum bicolor]
MuDR-19_CCri_tp	MULE	DNA/MULE-MuDR	1085	MuDR-19_CCri_tp#DNA/MULE-MuDR RBRM:MuDR-19_CCri cds_range:404-3659 [Chondrus crispus]
MuDR-19_PI_p1	MULE	DNA/MULE-MuDR	608	MuDR-19_PI_p1#DNA/MULE-MuDR RBRM:MuDR-19_PI cds_range:309-2133 [Phytophthora infestans]
MuDR-19_PI_p2	MULE	DNA/MULE-MuDR	610	MuDR-19_PI_p2#DNA/MULE-MuDR RBRM:MuDR-19_PI rev:1 stops:1 cds_range:4509-2617 exons:4509-4043;3946-2617 R, via Genscan [Phytophthora infestans]
MuDR-19_SBi_tp	MULE	DNA/MULE-MuDR	907	MuDR-19_SBi_tp#DNA/MULE-MuDR RBRM:MuDR-19_SBi stops:1 cds_range:640-3431 exons:640-1560;1630-3431 via genewise with OSMU5#DNA/MULE-MuDR [Sorghum bicolor]
MuDR-20_CCri	MULE	DNA/MULE-MuDR	730	MuDR-20_CCri#DNA/MULE-MuDR RBRM:MuDR-20_CCri cds_range:852-3042 [Chondrus crispus]
MuDR-20_PI_p2	MULE	DNA/MULE-MuDR	573	MuDR-20_PI_p2#DNA/MULE-MuDR RBRM:MuDR-20_PI rev:1 cds_range:4204-2485 [Phytophthora infestans]
MuDR-20_PI_tp	MULE	DNA/MULE-MuDR	613	MuDR-20_PI_tp#DNA/MULE-MuDR RBRM:MuDR-20_PI cds_range:290-2129 [Phytophthora infestans]
MuDR-21_VV_tp	MULE	DNA/MULE-MuDR	769	MuDR-21_VV_tp#DNA/MULE-MuDR RBRM:MuDR-21_VV cds_range:1777-4084 [Vitis vinifera]
MuDR-22_PI_p2	MULE	DNA/MULE-MuDR	568	MuDR-22_PI_p2#DNA/MULE-MuDR RBRM:MuDR-22_PI rev:1 cds_range:4349-2645 [Phytophthora infestans]
MuDR-22_PI_tp	MULE	DNA/MULE-MuDR	608	MuDR-22_PI_tp#DNA/MULE-MuDR RBRM:MuDR-22_PI cds_range:312-2136 [Phytophthora infestans]
MuDR-22_VV_tp	MULE	DNA/MULE-MuDR	859	MuDR-22_VV_tp#DNA/MULE-MuDR RBRM:MuDR-22_VV cds_range:3325-5902 [Vitis vinifera]
MuDR-23_PI_p2	MULE	DNA/MULE-MuDR	528	MuDR-23_PI_p2#DNA/MULE-MuDR RBRM:MuDR-23_PI rev:1 cds_range:3843-2259 [Phytophthora infestans]
MuDR-23_PI_tp	MULE	DNA/MULE-MuDR	617	MuDR-23_PI_tp#DNA/MULE-MuDR RBRM:MuDR-23_PI cds_range:227-2078 [Phytophthora infestans]
MuDR-24_PI	MULE	DNA/MULE-MuDR	611	MuDR-24_PI#DNA/MULE-MuDR RBRM:MuDR-24_PI cds_range:705-2538 [Phytophthora infestans]
MuDR-25_PI	MULE	DNA/MULE-MuDR	698	MuDR-25_PI#DNA/MULE-MuDR RBRM:MuDR-25_PI cds_range:155-2249 [Phytophthora infestans]
MuDR-26_PI_p2	MULE	DNA/MULE-MuDR	416	MuDR-26_PI_p2#DNA/MULE-MuDR RBRM:MuDR-26_PI rev:1 cds_range:4428-3180 R, Probably a fragment [Phytophthora infestans]
MuDR-26_PI_tp	MULE	DNA/MULE-MuDR	616	MuDR-26_PI_tp#DNA/MULE-MuDR RBRM:MuDR-26_PI cds_range:283-2131 [Phytophthora infestans]
MuDR-27_PI_p2	MULE	DNA/MULE-MuDR	613	MuDR-27_PI_p2#DNA/MULE-MuDR RBRM:MuDR-27_PI rev:1 cds_range:4249-2410 [Phytophthora infestans]
MuDR-27_PI_tp	MULE	DNA/MULE-MuDR	618	MuDR-27_PI_tp#DNA/MULE-MuDR RBRM:MuDR-27_PI cds_range:250-2104 [Phytophthora infestans]
MuDR-28_PI_p2	MULE	DNA/MULE-MuDR	663	MuDR-28_PI_p2#DNA/MULE-MuDR RBRM:MuDR-28_PI rev:1 cds_range:4587-2598 [Phytophthora infestans]
MuDR-28_PI_tp	MULE	DNA/MULE-MuDR	618	MuDR-28_PI_tp#DNA/MULE-MuDR RBRM:MuDR-28_PI cds_range:322-2176 [Phytophthora infestans]
MuDR-29_PI_tp	MULE	DNA/MULE-MuDR	610	MuDR-29_PI_tp#DNA/MULE-MuDR RBRM:MuDR-29_PI cds_range:348-2178 [Phytophthora infestans]
MuDR-30_PI_p2	MULE	DNA/MULE-MuDR	551	MuDR-30_PI_p2#DNA/MULE-MuDR RBRM:MuDR-30_PI rev:1 cds_range:4379-2726 [Phytophthora infestans]
MuDR-30_PI_tp	MULE	DNA/MULE-MuDR	614	MuDR-30_PI_tp#DNA/MULE-MuDR RBRM:MuDR-30_PI cds_range:768-2610 [Phytophthora infestans]
MuDR-31_PI_tp	MULE	DNA/MULE-MuDR	614	MuDR-31_PI_tp#DNA/MULE-MuDR RBRM:MuDR-31_PI cds_range:226-2068 [Phytophthora infestans]
MuDR-32_PI_pt	MULE	DNA/MULE-MuDR	280	MuDR-32_PI_pt#DNA/MULE-MuDR RBRM:MuDR-32_PI rev:1 cds_range:3426-2586 R, Matches CryptonF peptidases [Phytophthora infestans]
MuDR-32_PI_tp	MULE	DNA/MULE-MuDR	690	MuDR-32_PI_tp#DNA/MULE-MuDR RBRM:MuDR-32_PI cds_range:393-2463 [Phytophthora infestans]
MuDR-33_PI_p2	MULE	DNA/MULE-MuDR	451	MuDR-33_PI_p2#DNA/MULE-MuDR RBRM:MuDR-33_PI rev:1 cds_range:3756-2403 [Phytophthora infestans]
MuDR-33_PI_tp	MULE	DNA/MULE-MuDR	647	MuDR-33_PI_tp#DNA/MULE-MuDR RBRM:MuDR-33_PI cds_range:204-2145 [Phytophthora infestans]
MuDR-34_PI	MULE	DNA/MULE-MuDR	854	MuDR-34_PI#DNA/MULE-MuDR RBRM:MuDR-34_PI cds_range:364-2926 [Phytophthora infestans]
MuDR-35_PI_pt	MULE	DNA/MULE-MuDR	481	MuDR-35_PI_pt#DNA/MULE-MuDR RBRM:MuDR-35_PI cds_range:3962-5405 Matches CryptonF peptidases [Phytophthora infestans]
MuDR-35_PI_tp	MULE	DNA/MULE-MuDR	803	MuDR-35_PI_tp#DNA/MULE-MuDR RBRM:MuDR-35_PI cds_range:255-2664 [Phytophthora infestans]
MuDR-36_PI_tp	MULE	DNA/MULE-MuDR	719	MuDR-36_PI_tp#DNA/MULE-MuDR RBRM:MuDR-36_PI cds_range:775-2932 [Phytophthora infestans]
MuDR-37_PI	MULE	DNA/MULE-MuDR	745	MuDR-37_PI#DNA/MULE-MuDR RBRM:MuDR-37_PI cds_range:468-2703 [Phytophthora infestans]
MuDR-38_PI	MULE	DNA/MULE-MuDR	747	MuDR-38_PI#DNA/MULE-MuDR RBRM:MuDR-38_PI cds_range:159-2400 [Phytophthora infestans]
MuDR-39_PI	MULE	DNA/MULE-MuDR	763	MuDR-39_PI#DNA/MULE-MuDR RBRM:MuDR-39_PI cds_range:219-2508 [Phytophthora infestans]
MuDR-40_PI	MULE	DNA/MULE-MuDR	1216	MuDR-40_PI#DNA/MULE-MuDR RBRM:MuDR-40_PI cds_range:924-5135 exons:924-1220;1302-1503;1653-2046;2136-3766;3952-4264;4319-5135 via genscan [Phytophthora infestans]
MuDR-41_PI_p2	MULE	DNA/MULE-MuDR	411	MuDR-41_PI_p2#DNA/MULE-MuDR RBRM:MuDR-41_PI cds_range:2526-4252 exons:2526-2983;3476-4252 via genewise, but could be two independent ORFs [Phytophthora infestans]
MuDR-41_PI_tp	MULE	DNA/MULE-MuDR	595	MuDR-41_PI_tp#DNA/MULE-MuDR RBRM:MuDR-41_PI cds_range:298-2080 [Phytophthora infestans]
MuDR-42_PI	MULE	DNA/MULE-MuDR	1180	MuDR-42_PI#DNA/MULE-MuDR RBRM:MuDR-42_PI cds_range:199-4037 exons:199-341;413-817;872-1185;1268-3523;3611-4037 via genewise MuDR-40_PI [Phytophthora infestans]
MuDR_ZM_tp	MULE	DNA/MULE-MuDR	798	MuDR_ZM_tp#DNA/MULE-MuDR RBRM:MUDR_ZM cds_range:449-3067 exons:449-544;689-2749;2828-3067 , via genscan and from Repbase. [Zea mays] ("mudrA". mudrB appears an accidental ORF product)
MuDRASH3_MT_tp	MULE	DNA/MULE-MuDR	1031	MuDRASH3_MT_tp#DNA/MULE-MuDR RBRM:MuDRASH3_MT cds_range:886-4407 exons:886-2808;3107-3702;3831-4407 , via genscan [Medicago truncatula]
MuDRAVI1_tp	MULE	DNA/MULE-MuDR	705	MuDRAVI1_tp#DNA/MULE-MuDR RBRM:MUDRAVI1 frameshifts:1 cds_range:2518-4634 via tfasty with 6175165_Ath, Still a fragment. [Vitis vinifera]
MuDRAVI2_p2	MULE	DNA/MULE-MuDR	443	MuDRAVI2_p2#DNA/MULE-MuDR RBRM:MUDRAVI2 cds_range:6798-8295 exons:6798-7403;7492-7762;7841-8295 via genewise with MuDR-12_SBi_p2 [Vitis vinifera]
MuDRAVI2_tp	MULE	DNA/MULE-MuDR	875	MuDRAVI2_tp#DNA/MULE-MuDR RBRM:MUDRAVI2 cds_range:3527-6152 [Vitis vinifera]
MuDRB_PT_tp	MULE	DNA/MULE-MuDR	794	MuDRB_PT_tp#DNA/MULE-MuDR RBRM:MUDRB_PT stops:1 cds_range:785-3167 via tfasty with OSMUD1 [Citrus trifoliata]
MuDROS1	MULE	DNA/MULE-MuDR	492	MuDROS1#DNA/MULE-MuDR RBRM:MUDROS1 cds_range:852-2328 [Oryza sativa]
MuDROS2_tp	MULE	DNA/MULE-MuDR	837	MuDROS2_tp#DNA/MULE-MuDR RBRM:MUDROS2 cds_range:1226-3905 exons:1226-2579;2666-2878;2959-3905 via genewise with 6175165_Ath [Oryza sativa]
MuDRx-1_PI	MULE	DNA/MULE-MuDR	666	MuDRx-1_PI#DNA/MULE-MuDR RBRM:MuDRx-1_PI cds_range:87-2085 [Phytophthora infestans]
MuDRx-1_TV	MULE	DNA/MULE-MuDR	644	MuDRx-1_TV#DNA/MULE-MuDR RBRM:MuDRx-1_TV cds_range:3252-6171 exons:3252-3302;4289-6171 via genscan [Trichomonas vaginalis]
MuDRx-9_PI	MULE	DNA/MULE-MuDR	489	MuDRx-9_PI#DNA/MULE-MuDR RBRM:MuDRx-9_PI cds_range:1203-2670 [Phytophthora infestans]
MuDRx-14_PI	MULE	DNA/MULE-MuDR	621	MuDRx-14_PI#DNA/MULE-MuDR RBRM:MuDRx-14_PI cds_range:283-2146 [Phytophthora infestans]
MuDRx-15_PI	MULE	DNA/MULE-MuDR	625	MuDRx-15_PI#DNA/MULE-MuDR RBRM:MuDRx-15_PI cds_range:239-2114 [Phytophthora infestans]
MuDRx-16_PI	MULE	DNA/MULE-MuDR	645	MuDRx-16_PI#DNA/MULE-MuDR RBRM:MuDRx-16_PI cds_range:57-1992 [Phytophthora infestans]
MuDRx-17_PI	MULE	DNA/MULE-MuDR	627	MuDRx-17_PI#DNA/MULE-MuDR RBRM:MuDRx-17_PI cds_range:245-2126 [Phytophthora infestans]
MuDRx-18_PI	MULE	DNA/MULE-MuDR	637	MuDRx-18_PI#DNA/MULE-MuDR RBRM:MuDRx-18_PI cds_range:239-2150 [Phytophthora infestans]
MuDRx-19_PI_pt	MULE	DNA/MULE-MuDR	608	MuDRx-19_PI_pt#DNA/MULE-MuDR RBRM:MuDRx-19_PI cds_range:3140-5042 exons:3140-4438;4516-5042 via genscan [Phytophthora infestans]
MuDRx-19_PI_tp	MULE	DNA/MULE-MuDR	847	MuDRx-19_PI_tp#DNA/MULE-MuDR RBRM:MuDRx-19_PI cds_range:315-2856 [Phytophthora infestans]
MuDRx-20_P_tpI	MULE	DNA/MULE-MuDR	621	MuDRx-20_P_tpI#DNA/MULE-MuDR RBRM:MuDRx-20_PI cds_range:298-2161 [Phytophthora infestans]
MuDRx-20_PI_p2	MULE	DNA/MULE-MuDR	364	MuDRx-20_PI_p2#DNA/MULE-MuDR RBRM:MuDRx-20_PI rev:1 cds_range:4153-3061 [Phytophthora infestans]
MuDRx-21_PI_p2	MULE	DNA/MULE-MuDR	342	MuDRx-21_PI_p2#DNA/MULE-MuDR RBRM:MuDRx-21_PI rev:1 cds_range:4045-3019 [Phytophthora infestans]
MuDRx-21_PI_tp	MULE	DNA/MULE-MuDR	621	MuDRx-21_PI_tp#DNA/MULE-MuDR RBRM:MuDRx-21_PI cds_range:263-2126 [Phytophthora infestans]
MuDRx-22_PI	MULE	DNA/MULE-MuDR	835	MuDRx-22_PI#DNA/MULE-MuDR RBRM:MuDRx-22_PI cds_range:407-2912 [Phytophthora infestans]
MUDSOLT1	MULE	DNA/MULE-MuDR	657	MUDSOLT1#DNA/MULE-MuDR RBRM:MUDSOLT1 stops:4 cds_range:1340-3311 via tfasty with 6175165_Ath, in regions of similarity o other MuDR transposases, so probably not introns. [Solanum tuberosum]
MUJITOS1	MULE	DNA/MULE-MuDR	730	MUJITOS1#DNA/MULE-MuDR RBRM:MUJITOS1 frameshifts:1 cds_range:564-2888 exons:564-2386;2519-2888 via genewise with 13358810_Cti (1 intron,) MuDR-2_SBi protein near-identical. [Oryza sativa]
MUJITOS2_tp	MULE	DNA/MULE-MuDR	662	MUJITOS2_tp#DNA/MULE-MuDR RBRM:MUJITOS2 stops:1 cds_range:361-2350 [Oryza sativa]
Mule1_Ei	MULE	DNA/MULE-MuDR	456	Mule1_Ei#DNA/MULE-MuDR RBRM:Mule1_EI cds_range:195-1563 [Entamoeba invadens]
MULE-1_PI	MULE	DNA/MULE-MuDR	675	MULE-1_PI#DNA/MULE-MuDR RBRM:MULE-1_PI cds_range:162-2187 [Phytophthora infestans]
MUMET1_tp	MULE	DNA/MULE-MuDR	695	MUMET1_tp#DNA/MULE-MuDR RBRM:MUMET1 stops:1 cds_range:688-2773 [Medicago truncatula]
MUMET2_tp	MULE	DNA/MULE-MuDR	881	MUMET2_tp#DNA/MULE-MuDR RBRM:MUMET2 frameshifts:1 stops:3 cds_range:940-3584 via tfasty with MuDRB_PT [Medicago truncatula]
MUMT_tp	MULE	DNA/MULE-MuDR	693	MUMT_tp#DNA/MULE-MuDR RBRM:MUMT frameshifts:1 stops:2 cds_range:498-2578 via tfasty with Jittery [Medicago truncatula]
MuSHAN_MT_tp	MULE	DNA/MULE-MuDR	982	MuSHAN_MT_tp#DNA/MULE-MuDR RBRM:MuSHAN_MT cds_range:673-3619 [Medicago truncatula]
OSMU4_tp	MULE	DNA/MULE-MuDR	801	OSMU4_tp#DNA/MULE-MuDR RBRM:OSMU4 frameshifts:2 cds_range:1152-3637 exons:1152-1999;2081-3637 Via genewise with MuDR_ZM_mudrA [Oryza sativa]
OSMU5_tp	MULE	DNA/MULE-MuDR	882	OSMU5_tp#DNA/MULE-MuDR RBRM:OSMU5 cds_range:650-3384 exons:650-1534;1622-3384 Via genewise with MuDR_ZM_mudrA [Oryza sativa]
OSMU6_tp	MULE	DNA/MULE-MuDR	779	OSMU6_tp#DNA/MULE-MuDR RBRM:OSMU6 stops:1 cds_range:769-3186 exons:769-1536;1616-3186 Via genewise with MuDR_ZM_mudrA [Oryza sativa]
OSMUD1_tp	MULE	DNA/MULE-MuDR	878	OSMUD1_tp#DNA/MULE-MuDR RBRM:OSMUD1 cds_range:545-3271 exons:545-2200;2292-3271 via genewise with ATMU11 [Oryza sativa]
RMU1A23	MULE	DNA/MULE-MuDR	757	RMU1A23#DNA/MULE-MuDR RBRM:RMU1A23 frameshifts:2 stops:1 cds_range:775-3225 exons:775-1245;1339-2916;3001-3225 Via genewise with MuDR_ZM_mudrA [Oryza sativa]
SHAMUDRA3_MT	MULE	DNA/MULE-MuDR	897	SHAMUDRA3_MT#DNA/MULE-MuDR RBRM:SHAMUDRA3_MT frameshifts:1 stops:3 cds_range:968-3660 via tfasty with OSMUD1 (may be a small intron instead of frameshift & 2 stops) [Medicago truncatula]
SHAMUDRA_MT_tp	MULE	DNA/MULE-MuDR	849	SHAMUDRA_MT_tp#DNA/MULE-MuDR RBRM:SHAMUDRA_MT stops:1 cds_range:921-3641 exons:921-2477;2561-3232;3321-3641 Via genewise with OSMUD1,.  [Medicago truncatula]
SHAMUDRAV_MT_p3	MULE	DNA/MULE-MuDR	294	SHAMUDRAV_MT_p3#DNA/MULE-MuDR RBRM:SHAMUDRAV_MT rev:1 cds_range:1342-460 R, Probably the C-terminal half of SHAMUDRAV_MT_p2, but splice site is unclear.  [Medicago truncatula]
SHAMUDRAV_MT_tp	MULE	DNA/MULE-MuDR	867	SHAMUDRAV_MT_tp#DNA/MULE-MuDR RBRM:SHAMUDRAV_MT cds_range:3529-6213 exons:3529-5317;5400-6213 via genewise with MuDR-6_VV [Medicago truncatula]
Vandal1_tp	MULE	DNA/MULE-MuDR	977	Vandal1_tp#DNA/MULE-MuDR RBRM:Vandal1 frameshifts:1 cds_range:815-3745 [Arabidopsis]
Vandal2_tp	MULE	DNA/MULE-MuDR	990	Vandal2_tp#DNA/MULE-MuDR RBRM:Vandal2 cds_range:742-3712 [Arabidopsis]
Vandal4_tp	MULE	DNA/MULE-MuDR	927	Vandal4_tp#DNA/MULE-MuDR RBRM:Vandal4 frameshifts:3 cds_range:494-3276 via tfasty with Vandal5_1708-4235 [Arabidopsis]
Vandal5_tp	MULE	DNA/MULE-MuDR	843	Vandal5_tp#DNA/MULE-MuDR RBRM:Vandal5 cds_range:1703-4232 [Arabidopsis]
Vandal6_tp	MULE	DNA/MULE-MuDR	791	Vandal6_tp#DNA/MULE-MuDR RBRM:Vandal6 cds_range:716-3089 [Arabidopsis]
Vandal7_tp	MULE	DNA/MULE-MuDR	811	Vandal7_tp#DNA/MULE-MuDR RBRM:Vandal7 cds_range:614-3047 [Arabidopsis]
Vandal8_p3	MULE	DNA/MULE-MuDR	412	Vandal8_p3#DNA/MULE-MuDR RBRM:Vandal8 rev:1 cds_range:7739-6332 exons:7739-7010;6926-6766;6681-6332 R, Via genewise with Vandal21_p3,. Likely a fragment. [Arabidopsis]
Vandal8_tp	MULE	DNA/MULE-MuDR	825	Vandal8_tp#DNA/MULE-MuDR RBRM:Vandal8 cds_range:696-3171 [Arabidopsis]
Vandal9_pt	MULE	DNA/MULE-MuDR	966	Vandal9_pt#DNA/MULE-MuDR RBRM:Vandal9 rev:1 cds_range:11917-5946 exons:11917-11311;11232-11048;10829-10150;9886-9819;9529-9462;9387-9320;8972-8905;8807-8731;8617-8550;8436-8378;8293-8226;8146-8085;7991-7924;7430-7381;7292-7246;7045-6996;6769-6709;6613-6527;6439-5946 #ReverseORF 18 exons from repbase; protease [Arabidopsis]
Vandal9_tp	MULE	DNA/MULE-MuDR	1027	Vandal9_tp#DNA/MULE-MuDR RBRM:Vandal9 frameshifts:3 cds_range:545-4188 exons:545-1028;1125-1759;1921-2101;2257-3125;3227-4076;4119-4188 Via genewise with Vandal16_tp (Vandal10_tp, Vandal11_tp, Vandal12_tp very similar) [Arabidopsis]
Vandal14_p3	MULE	DNA/MULE-MuDR	746	Vandal14_p3#DNA/MULE-MuDR RBRM:Vandal14 rev:1 cds_range:11643-8600 exons:11643-10800;10236-9569;9489-8960;8880-8765;8688-8600 R,; from repbase [Arabidopsis]
Vandal14_tp	MULE	DNA/MULE-MuDR	915	Vandal14_tp#DNA/MULE-MuDR RBRM:Vandal14 cds_range:1863-5324 exons:1863-2528;2602-2912;3347-4228;4356-5166;5245-5324 .; from repbase; Vandal_13 proteins close. [Arabidopsis]
Vandal16_tp	MULE	DNA/MULE-MuDR	922	Vandal16_tp#DNA/MULE-MuDR RBRM:Vandal16 stops:1 cds_range:743-3977 exons:743-1736;1918-2790;2913-3106;3196-3830;3903-3977 (genscan + genewise with Vandal14) (Vandal15 very close) [Arabidopsis]
Vandal18_p2	MULE	DNA/MULE-MuDR	841	Vandal18_p2#DNA/MULE-MuDR RBRM:Vandal18 rev:1 stops:1 cds_range:10632-6493 exons:10632-10061;9487-9158;9127-8525;8445-8348;8276-8227;8136-8038;7973-7872;7787-7698;7524-7377;7292-7209;6921-6775;6715-6493 R, ca frameshift [Arabidopsis]
Vandal18_tp	MULE	DNA/MULE-MuDR	819	Vandal18_tp#DNA/MULE-MuDR RBRM:Vandal18 frameshifts:2 stops:3 cds_range:517-3669 exons:517-1011;1447-1619;1876-3669 Genewised with Vandal2_tp [Arabidopsis]
Vandal20_p4	MULE	DNA/MULE-MuDR	958	Vandal20_p4#DNA/MULE-MuDR RBRM:Vandal20 rev:1 cds_range:12466-8461 exons:12466-12366;12272-12142;12036-11626;11463-11101;10960-10476;10389-10127;9832-9663;9586-9328;9254-9168;9083-8461 R, from RepBase 10 exons [Arabidopsis]
Vandal20_tp	MULE	DNA/MULE-MuDR	926	Vandal20_tp#DNA/MULE-MuDR RBRM:Vandal20 frameshifts:2 cds_range:707-3483 via tfasty with Vandal2_tp [Arabidopsis]
Vandal21_p3	MULE	DNA/MULE-MuDR	700	Vandal21_p3#DNA/MULE-MuDR RBRM:Vandal21 rev:1 cds_range:7869-5119 exons:7869-7089;6674-5932;5859-5696;5620-5259;5177-5119 [Arabidopsis]
Vandal21_tp	MULE	DNA/MULE-MuDR	797	Vandal21_tp#DNA/MULE-MuDR RBRM:Vandal21 cds_range:732-3123 [Arabidopsis]
Vandal22_tp	MULE	DNA/MULE-MuDR	977	Vandal22_tp#DNA/MULE-MuDR RBRM:Vandal22 frameshifts:4 stops:5 cds_range:432-3363 via tfasty with Vandal5_tp [Arabidopsis]
MuDR-1_BF	MULE	DNA/MULE-NOF	575	MuDR-1_BF#DNA/MULE-NOF RBRM:MuDr-1_BF cds_range:7182-8907 [Branchiostoma floridae]
MuDR-1_CI_p1	MULE	DNA/MULE-NOF	299	MuDR-1_CI_p1#DNA/MULE-NOF RBRM:MuDR-1_CI stops:1 cds_range:1364-2729 exons:1364-1985;2453-2729 Fragment? via genewise with MuDR-4_HM_p1#DNA/MULE-MuDR [Ciona intestinalis]
MuDR-1_CI_p2	MULE	DNA/MULE-NOF	370	MuDR-1_CI_p2#DNA/MULE-NOF RBRM:MuDR-1_CI cds_range:3463-4573 Fragment? [Ciona intestinalis]
MuDR-1_DEl	MULE	DNA/MULE-NOF	1063	MuDR-1_DEl#DNA/MULE-NOF RBRM:MuDR-1_DEl frameshifts:1 cds_range:2725-5913 via tfasty with MuDR-1_DF [Drosophila elegans]
MuDR-1_DF	MULE	DNA/MULE-NOF	1069	MuDR-1_DF#DNA/MULE-NOF RBRM:MuDR-1_DF cds_range:2899-6106 [Drosophila ficusphila]
MuDR-1_DK	MULE	DNA/MULE-NOF	1073	MuDR-1_DK#DNA/MULE-NOF RBRM:MuDR-1_DK frameshifts:2 cds_range:3889-7106 via tfasty with MuDR-1_DF [Drosophila kikkawai]
MuDR-1_DT	MULE	DNA/MULE-NOF	1058	MuDR-1_DT#DNA/MULE-NOF RBRM:MuDR-1_DT frameshifts:1 stops:2 cds_range:2273-5446 via tfasty with MuDR-1_DF [Drosophila takahashii]
MuDR-1_LHu	MULE	DNA/MULE-NOF	1103	MuDR-1_LHu#DNA/MULE-NOF RBRM:MuDR-1_LHu cds_range:443-3752 [Linepithema humile]
MuDR-1_RPr	MULE	DNA/MULE-NOF	696	MuDR-1_RPr#DNA/MULE-NOF RBRM:MuDR-1_RPr frameshifts:2 stops:1 cds_range:1045-3130 via tfasty with MuDR-1_DEl [Rhodnius prolixus]
MuDR-2_SPur	MULE	DNA/MULE-NOF	841	MuDR-2_SPur#DNA/MULE-NOF RBRM:MuDR-2_SPur cds_range:1754-4277 [Strongylocentrotus purpuratus]
MuDR-4_HM_p2	MULE	DNA/MULE-MuDR	528	MuDR-4_HM_p2#DNA/MULE-MuDR RBRM:MuDr-4_HM cds_range:6828-8403 Via genewise with MuDR-1_HM#DNA/MULE, MuDR-4_HM does contain matches to MuDR transposases at 5567-6148 [Hydra vulgaris]
Rehavkus1_AP	MULE	DNA/MULE-NOF	870	Rehavkus1_AP#DNA/MULE-NOF RBRM:Rehavkus1_AP stops:3 cds_range:482-3092 via tfasty with NOF_FB [Acyrthosiphon pisum]
Rehavkus-1_CFl	MULE	DNA/MULE-NOF	995	Rehavkus-1_CFl#DNA/MULE-NOF RBRM:Rehavkus-1_CFl frameshifts:3 cds_range:957-4016 exons:957-2687;2767-4016 via tfasty en genewise with MuDR-1_DEl [Camponotus floridanus]
Rehavkus-1_CS	MULE	DNA/MULE-NOF	325	Rehavkus-1_CS#DNA/MULE-NOF RBRM:Rehavkus-1_CS cds_range:6387-7362 [Ciona savignyi]
Rehavkus-1_DA	MULE	DNA/MULE-NOF	1036	Rehavkus-1_DA#DNA/MULE-NOF RBRM:Rehavkus-1_DA cds_range:1423-4531 [Drosophila ananassae]
Rehavkus-1_HR	MULE	DNA/MULE-NOF	976	Rehavkus-1_HR#DNA/MULE-NOF RBRM:Rehavkus-1_HR cds_range:4494-7422 [Helobdella robusta]
Rehavkus-1_NVi_p1	MULE	DNA/MULE-NOF	601	Rehavkus-1_NVi_p1#DNA/MULE-NOF RBRM:Rehavkus-1_NVi frameshifts:2 stops:3 cds_range:4968-6771 via tfasty with NOF_FB, Severely beaten-up. Remainder of coding region on opposite strand. [Nasonia vitripennis]
Rehavkus-1_NVi_p2	MULE	DNA/MULE-NOF	415	Rehavkus-1_NVi_p2#DNA/MULE-NOF RBRM:Rehavkus-1_NVi rev:1 stops:5 cds_range:4081-2836 R, via tfasty with Rehavkus-2_NVi, Severely beaten-up. Remainder of coding region on opposite strand. [Nasonia vitripennis]
Rehavkus-1_TC	MULE	DNA/MULE-NOF	1077	Rehavkus-1_TC#DNA/MULE-NOF RBRM:Rehavkus-1_TC cds_range:2061-5292 [Tribolium castaneum]
Rehavkus-2_CS	MULE	DNA/MULE-NOF	1071	Rehavkus-2_CS#DNA/MULE-NOF RBRM:Rehavkus-2_CS cds_range:2929-6142 [Ciona savignyi]
Rehavkus-2_HR	MULE	DNA/MULE-NOF	1097	Rehavkus-2_HR#DNA/MULE-NOF RBRM:Rehavkus-2_HR stops:3 cds_range:1197-4488 via tfasty with Rehavkus-2_CS [Helobdella robusta]
Rehavkus-2_NVi	MULE	DNA/MULE-NOF	1268	Rehavkus-2_NVi#DNA/MULE-NOF RBRM:Rehavkus-2_NVi cds_range:4760-8564 [Nasonia vitripennis]
Rehavkus-2_TC	MULE	DNA/MULE-NOF	439	Rehavkus-2_TC#DNA/MULE-NOF RBRM:Rehavkus-2_TC cds_range:656-1973 [Tribolium castaneum]
Rehavkus-3_TC	MULE	DNA/MULE-NOF	1160	Rehavkus-3_TC#DNA/MULE-NOF RBRM:Rehavkus-3_TC cds_range:1192-4669 [Tribolium castaneum]
MuDRx-1_AAe	MULE	DNA/MULE-MuDR	504	MuDRx-1_AAe#DNA/MULE-MuDR RBRM:MuDRx-1_AAe cds_range:2312-4053 exons:2312-2458;2687-4053 via genscan [Aedes aegypti]
MuDRx-1_LVa	MULE	DNA/MULE-MuDR	424	MuDRx-1_LVa#DNA/MULE-MuDR RBRM:MuDRx-1_LVa frameshifts:1 stops:1 cds_range:416-1689 via tfasty with MuDR1x_SM [Litopenaeus vannamei]
MuDRx-1_PPI	MULE	DNA/MULE-MuDR	583	MuDRx-1_PPI#DNA/MULE-MuDR RBRM:MuDRx-1_PPI cds_range:441-2190 [Phytophthora parasitica]
MuDRx-2_PI	MULE	DNA/MULE-MuDR	534	MuDRx-2_PI#DNA/MULE-MuDR RBRM:MuDRx-2_PI cds_range:127-1729 [Phytophthora infestans]
MuDRx-3_PI	MULE	DNA/MULE-MuDR	628	MuDRx-3_PI#DNA/MULE-MuDR RBRM:MuDRx-3_PI cds_range:483-2367 [Phytophthora infestans]
MuDRx-4_PI	MULE	DNA/MULE-MuDR	652	MuDRx-4_PI#DNA/MULE-MuDR RBRM:MuDRx-4_PI cds_range:234-2190 [Phytophthora infestans]
MuDRx-5_PI	MULE	DNA/MULE-MuDR	733	MuDRx-5_PI#DNA/MULE-MuDR RBRM:MuDRx-5_PI frameshifts:2 cds_range:115-2312 via tfasty with MuDRx-4_PI [Phytophthora infestans]
MuDRx-6_PI	MULE	DNA/MULE-MuDR	568	MuDRx-6_PI#DNA/MULE-MuDR RBRM:MuDRx-6_PI cds_range:324-2028 [Phytophthora infestans]
MuDRx-7_PI	MULE	DNA/MULE-MuDR	515	MuDRx-7_PI#DNA/MULE-MuDR RBRM:MuDRx-7_PI cds_range:162-1707 [Phytophthora infestans]
MuDRx-8_PI	MULE	DNA/MULE-MuDR	578	MuDRx-8_PI#DNA/MULE-MuDR RBRM:MuDRx-8_PI cds_range:251-1985 [Phytophthora infestans]
MuDRx-10_PI	MULE	DNA/MULE-MuDR	539	MuDRx-10_PI#DNA/MULE-MuDR RBRM:MuDRx-10_PI cds_range:152-1769 [Phytophthora infestans]
MuDRx-11_PI	MULE	DNA/MULE-MuDR	438	MuDRx-11_PI#DNA/MULE-MuDR RBRM:MuDRx-11_PI cds_range:297-1676 exons:297-1241;1306-1676 via genewise with MuDRx-13_PI [Phytophthora infestans]
MuDRx-12_PI	MULE	DNA/MULE-MuDR	440	MuDRx-12_PI#DNA/MULE-MuDR RBRM:MuDRx-12_PI cds_range:281-1698 exons:281-1234;1331-1698 via genewise with MuDRx-13_PI [Phytophthora infestans]
MuDRx-13_PI	MULE	DNA/MULE-MuDR	437	MuDRx-13_PI#DNA/MULE-MuDR RBRM:MuDRx-13_PI cds_range:232-1660 exons:232-1170;1287-1660 via genewise with MuDR1x_MH [Phytophthora infestans]
Merlin1_HS	Merlin	DNA/Merlin	306	Merlin1_HS#DNA/Merlin  Dfam:DF0001000 frameshifts:1 cds_range:152-1069 ( [Primates]
UN-15790046_Hsa	Merlin	DNA/Merlin	294	UN-15790046_Hsa#DNA/Merlin   hypothetical protein VNG0918H [Halobacterium salinarum NRC-1]
UN-21109571_Xax	Merlin	DNA/Merlin	371	UN-21109571_Xax#DNA/Merlin   transposase [Xanthomonas axonopodis pv. citri str. 306]
UN-23013242_Mma	Merlin	DNA/Merlin	261	UN-23013242_Mma#DNA/Merlin   hypothetical protein Magn03007700 [Magnetospirillum magnetotacticum MS-1]
UN-23474798_Dde	Merlin	DNA/Merlin	307	UN-23474798_Dde#DNA/Merlin   COG3676: Transposase and inactivated derivatives [Desulfovibrio desulfuricans G20]
UN-30248752_Neu	Merlin	DNA/Merlin	323	UN-30248752_Neu#DNA/Merlin   hypothetical protein NE0744 [Nitrosomonas europaea ATCC 19718]
UN-33148872_Hdu	Merlin	DNA/Merlin	345	UN-33148872_Hdu#DNA/Merlin   conserved possible transposase [Haemophilus ducreyi 35000HP]
UN-33148876_Hdu	Merlin	DNA/Merlin	354	UN-33148876_Hdu#DNA/Merlin   possible transposase [Haemophilus ducreyi 35000HP]
UN-33148937_Hdu	Merlin	DNA/Merlin	363	UN-33148937_Hdu#DNA/Merlin   possible transposase [Haemophilus ducreyi 35000HP]
UN-39582767_Cbr	Merlin	DNA/Merlin	316	UN-39582767_Cbr#DNA/Merlin   Hypothetical protein CBG21915 (chimaera of 39587291 and 39582767) [Caenorhabditis briggsae]
UN-39582861_Cbr	Merlin	DNA/Merlin	321	UN-39582861_Cbr#DNA/Merlin   Hypothetical protein CBG18604 [Caenorhabditis briggsae]
UN-39591585_Cbr	Merlin	DNA/Merlin	386	UN-39591585_Cbr#DNA/Merlin   Hypothetical protein CBG18017 [Caenorhabditis briggsae]
UN-39598301_Cbr	Merlin	DNA/Merlin	427	UN-39598301_Cbr#DNA/Merlin   Hypothetical protein CBG14981 [Caenorhabditis briggsae]
UN-45914460_Mesorhizobium	Merlin	DNA/Merlin	255	UN-45914460_Mesorhizobium#DNA/Merlin   COG3677: Transposase and inactivated derivatives [Mesorhizobium sp. BNC1]
UN-46143253_Apl	Merlin	DNA/Merlin	344	UN-46143253_Apl#DNA/Merlin   COG3677: Transposase and inactivated derivatives [Actinobacillus pleuropneumoniae serovar 1 str. 4074]
UN-46156348_Hso	Merlin	DNA/Merlin	374	UN-46156348_Hso#DNA/Merlin   hypothetical protein Haso02001362 same as#DNA/Merlin  from Actinobacillus [Haemophilus somnus 2336]
UN-46156674_Hso	Merlin	DNA/Merlin	396	UN-46156674_Hso#DNA/Merlin   hypothetical protein Haso02000662 [Haemophilus somnus 2336]
UN-46578998_Dvu	Merlin	DNA/Merlin	312	UN-46578998_Dvu#DNA/Merlin   transposase, putative [Desulfovibrio vulgaris subsp. vulgaris str. Hildenborough]
UN-54028461_Polaromonas	Merlin	DNA/Merlin	266	UN-54028461_Polaromonas#DNA/Merlin   COG3676: Transposase and inactivated derivatives [Polaromonas sp. JS666]
UN-54302505_Ppr	Merlin	DNA/Merlin	396	UN-54302505_Ppr#DNA/Merlin   hypothetical protein PBPRB0826 [Photobacterium profundum SS9]
UN-55234192_Aga	Merlin	DNA/Merlin	508	UN-55234192_Aga#DNA/Merlin   ENSANGP00000004146 [Anopheles gambiae str. PEST]
UN-56208014_Dre	Merlin	DNA/Merlin	339	UN-56208014_Dre#DNA/Merlin   novel protein [Danio rerio]
UN-56475703_Azoarcus	Merlin	DNA/Merlin	264	UN-56475703_Azoarcus#DNA/Merlin   putative transposase [Azoarcus sp. EbN1]
UN-58582464_Xor	Merlin	DNA/Merlin	338	UN-58582464_Xor#DNA/Merlin   transposase [Xanthomonas oryzae pv. oryzae KACC10331]
UN-58583584_Xor	Merlin	DNA/Merlin	304	UN-58583584_Xor#DNA/Merlin   putative transposase [Xanthomonas oryzae pv. oryzae KACC10331]
UN-58583728_Xor	Merlin	DNA/Merlin	367	UN-58583728_Xor#DNA/Merlin   putative transposase [Xanthomonas oryzae pv. oryzae KACC10331]
UN-AF293351_Aal	Merlin	DNA/Merlin	259	UN-AF293351_Aal#DNA/Merlin   insertion sequence IS1016-like [Anopheles albimanus]
UN-IS1595_Xca	Merlin	DNA/Merlin	320	UN-IS1595_Xca#DNA/Merlin   IS1595 transposase [Xanthomonas campestris pv. campestris str. ATCC 33913]
UN-ISSod11_Son	Merlin	DNA/Merlin	306	UN-ISSod11_Son#DNA/Merlin   ISSod11, transposase [Shewanella oneidensis MR-1]
UN-ISSpo3_Spo	Merlin	DNA/Merlin	297	UN-ISSpo3_Spo#DNA/Merlin   ISSpo3, transposase [Silicibacter pomeroyi DSS-3]
UN-ISSpo8_Spo	Merlin	DNA/Merlin	355	UN-ISSpo8_Spo#DNA/Merlin   ISSpo8, transposase [Silicibacter pomeroyi DSS-3]
UN-Merlin-1_XT	Merlin	DNA/Merlin	283	UN-Merlin-1_XT#DNA/Merlin   Replacing BQ737326_Xla,  [Xenopus (silurana) tropicalis]
Merlin1_CI	Merlin	DNA/Merlin	274	Merlin1_CI#DNA/Merlin RBRM:Merlin1_CI cds_range:517-1432 exons:517-895;988-1432 Via genewise with Merlin1_HS [Ciona intestinalis]
Merlin1_SM	Merlin	DNA/Merlin	306	Merlin1_SM#DNA/Merlin RBRM:MERLIN1_SM cds_range:70-988 [Schmidtea mediterranea]
Merlin1B_SM_1p	Merlin	DNA/Merlin	295	Merlin1B_SM_1p#DNA/Merlin RBRM:Merlin1B_SM cds_range:155-1040 [Schmidtea mediterranea]
Merlin2_SM	Merlin	DNA/Merlin	296	Merlin2_SM#DNA/Merlin RBRM:MERLIN2_SM cds_range:169-1057 [Schmidtea mediterranea]
Merlin3_SM	Merlin	DNA/Merlin	284	Merlin3_SM#DNA/Merlin RBRM:MERLIN3_SM frameshifts:1 cds_range:68-919 via tfasty with Merlin1_HS [Schmidtea mediterranea]
Merlin4_SM	Merlin	DNA/Merlin	304	Merlin4_SM#DNA/Merlin RBRM:MERLIN4_SM cds_range:89-1001 [Schmidtea mediterranea]
Merlin5_SM_1p	Merlin	DNA/Merlin	300	Merlin5_SM_1p#DNA/Merlin RBRM:Merlin5_SM cds_range:84-984 [Schmidtea mediterranea]
Merlin6_SM_tp	Merlin	DNA/Merlin	302	Merlin6_SM_tp#DNA/Merlin RBRM:Merlin6_SM cds_range:201-1107 [Schmidtea mediterranea]
Merlin7_SM_1p	Merlin	DNA/Merlin	299	Merlin7_SM_1p#DNA/Merlin RBRM:Merlin7_SM cds_range:94-991 [Schmidtea mediterranea]
Merlin8_SM_1p	Merlin	DNA/Merlin	290	Merlin8_SM_1p#DNA/Merlin RBRM:Merlin8_SM cds_range:98-968 [Schmidtea mediterranea]
Merlin9_SM_1p	Merlin	DNA/Merlin	270	Merlin9_SM_1p#DNA/Merlin RBRM:Merlin9_SM cds_range:76-886 [Schmidtea mediterranea]
Merlin10_SM_1p	Merlin	DNA/Merlin	298	Merlin10_SM_1p#DNA/Merlin RBRM:Merlin10_SM cds_range:156-1050 [Schmidtea mediterranea]
Merlin-1_CGi_1p	Merlin	DNA/Merlin	329	Merlin-1_CGi_1p#DNA/Merlin RBRM:Merlin-1_CGi cds_range:354-1341 [Crassostrea gigas]
Merlin-1_DF	Merlin	DNA/Merlin	288	Merlin-1_DF#DNA/Merlin RBRM:Merlin-1_DF frameshifts:1 cds_range:353-1216 via tfasty with Merlin1_CI [Drosophila ficusphila]
Merlin-1_DT	Merlin	DNA/Merlin	336	Merlin-1_DT#DNA/Merlin RBRM:Merlin-1_DT frameshifts:1 stops:1 cds_range:298-1305 via tfasty with Merlin2_SM [Drosophila takahashii]
Merlin-1_LSal	Merlin	DNA/Merlin	292	Merlin-1_LSal#DNA/Merlin RBRM:Merlin-1_LSal frameshifts:1 cds_range:287-1162 via tfasty with Merlin1_SM [Lepeophtheirus salmonis]
Merlin-2_CGi_1p	Merlin	DNA/Merlin	343	Merlin-2_CGi_1p#DNA/Merlin RBRM:Merlin-2_CGi cds_range:343-1372 [Crassostrea gigas]
Merlin-2_HMa	Merlin	DNA/Merlin	334	Merlin-2_HMa#DNA/Merlin RBRM:Merlin-2_HMa cds_range:295-1297 [Hydra vulgaris]
Merlin-3_HMa	Merlin	DNA/Merlin	332	Merlin-3_HMa#DNA/Merlin RBRM:Merlin-3_HMa cds_range:376-1372 [Hydra vulgaris]
Merlin-4_HMa	Merlin	DNA/Merlin	323	Merlin-4_HMa#DNA/Merlin RBRM:Merlin-4_HMa cds_range:333-1302 [Hydra vulgaris]
Merlin-5_HMa	Merlin	DNA/Merlin	332	Merlin-5_HMa#DNA/Merlin RBRM:Merlin-5_HMa cds_range:373-1369 [Hydra vulgaris]
Merlin-5_ROr	Merlin	DNA/Merlin	515	Merlin-5_ROr#DNA/Merlin RBRM:Merlin-5_ROr cds_range:1521-3066 [Rhizopus oryzae]
Merlin-6_HMa	Merlin	DNA/Merlin	301	Merlin-6_HMa#DNA/Merlin RBRM:Merlin-6_HMa cds_range:166-1299 exons:166-301;531-1299 via genewise with Merlin-7_HMa [Hydra vulgaris]
Merlin-7_HMa	Merlin	DNA/Merlin	304	Merlin-7_HMa#DNA/Merlin RBRM:Merlin-7_HMa cds_range:168-1136 exons:168-332;388-1136 via genewise with Merlin1_SM [Hydra vulgaris]
Novosib-1_CR	Novosib	DNA/Novosib	1102	Novosib-1_CR#DNA/Novosib RBRM:Novosib-1_CR cds_range:318-4062 exons:318-540;642-786;942-1246;1370-2095;2145-4062 [Chlamydomonas reinhardtii]
Novosib-2_CR	Novosib	DNA/Novosib	771	Novosib-2_CR#DNA/Novosib RBRM:Novosib-2_CR cds_range:154-2924 exons:154-547;645-768;964-1335;1462-2230;2266-2924 [Chlamydomonas reinhardtii]
Novosib-4_CR	Novosib	DNA/Novosib	1774	Novosib-4_CR#DNA/Novosib RBRM:Novosib-4_CR cds_range:161-5937 exons:161-566;892-1764;1892-5937 [Chlamydomonas reinhardtii]
P-1_DR	P	DNA/P	877	P-1_DR#DNA/P  Dfam:DF0002925 cds_range:3021-5652 [Danio rerio]
UN-21284380_Dbo	P	DNA/P	573	UN-21284380_Dbo#DNA/P   P-repressor-like protein RL1 [Drosophila bocqueti]
UN-28630152_Dvu	P	DNA/P	573	UN-28630152_Dvu#DNA/P   P repressor-like protein 1 [Drosophila vulcana]
UN-31194665_Aga	P	DNA/P	338	UN-31194665_Aga#DNA/P   ENSANGP00000015450 [Anopheles gambiae]
UN-31196825_Aga	P	DNA/P	419	UN-31196825_Aga#DNA/P   ENSANGP00000013602 [Anopheles gambiae]
UN-31201925_Aga	P	DNA/P	790	UN-31201925_Aga#DNA/P   ENSANGP00000017213 extended with gi31208543. gi31211983 is also same, very poorly spliced. gi55244298_ also overlaps. [Anopheles gambiae]
UN-31211253_Aga	P	DNA/P	330	UN-31211253_Aga#DNA/P   ENSANGP00000019810 [Anopheles gambiae]
UN-31221170_Aga	P	DNA/P	668	UN-31221170_Aga#DNA/P   ENSANGP00000006612 [Anopheles gambiae]
UN-31226952_Aga	P	DNA/P	706	UN-31226952_Aga#DNA/P   ENSANGP00000014340 [Anopheles gambiae]
UN-31229997_Aga	P	DNA/P	444	UN-31229997_Aga#DNA/P   ENSANGP00000001708 C-term extended with 31194101_Aga [Anopheles gambiae]
UN-50746565_Gga	P	DNA/P	681	UN-50746565_Gga#DNA/P   PREDICTED: similar to THAP domain containing 9 [Gallus gallus]
UN-55243097_Aga	P	DNA/P	599	UN-55243097_Aga#DNA/P   ENSANGP00000017534 [Anopheles gambiae str. PEST]
UN-55247335_Aga	P	DNA/P	539	UN-55247335_Aga#DNA/P   ENSANGP00000000194 C term expended with gi31229976 [Anopheles gambiae str. PEST]
UN-KBOC_DB_tp	P	DNA/P	721	UN-KBOC_DB_tp#DNA/P   putative transposase [Drosophila bocqueti]
UN-Lu-P1_tp	P	DNA/P	767	UN-Lu-P1_tp#DNA/P   P element homolog (Lu-P1 element) - greenbottle fly [Lucilia cuprina]
UN-Lu-P2_tp	P	DNA/P	437	UN-Lu-P2_tp#DNA/P   P element homolog (Lu-P2 element) - greenbottle fly [Lucilia cuprina]
UN-P_Dan_tp	P	DNA/P	753	UN-P_Dan_tp#DNA/P   transposase (clone IbifM3) (transposable element P) - fruit fly (Drosophila ananassae) equals product of RepBase entry P_DB and is 95% identical to  in D. helvetica. [Drosophila ananassae]
UN-P_Dbi_tp	P	DNA/P	757	UN-P_Dbi_tp#DNA/P   O-type P element protein {exons 0-3} [Drosophila bifasciata, Peptide Transposon Partial, 757 aa]
UN-P_Dma_tp	P	DNA/P	575	UN-P_Dma_tp#DNA/P   transposase homolog - fruit fly [Drosophila madeirensis]
UN-P_Dme_tp	P	DNA/P	766	UN-P_Dme_tp#DNA/P   P element transposase - fruit fly [Drosophila madeirensis]
UN-P_Dsubsi_tp	P	DNA/P	574	UN-P_Dsubsi_tp#DNA/P   repressor [Drosophila subsilvestris]
UN-ProtoP_tp	P	DNA/P	864	UN-ProtoP_tp#DNA/P   named Hoppel ( transposase) by Anxolabehere in 2003 [Drosophila fruit fly genus]
Galileo_DB	P	DNA/P	912	Galileo_DB#DNA/P RBRM:Galileo_DB cds_range:1348-4084 [Drosophila buzzatii]
Galileo_DM	P	DNA/P	927	Galileo_DM#DNA/P RBRM:Galileo_DM frameshifts:2 stops:1 cds_range:1798-4579 via tfasty with Galileo_DB [Drosophila melanogaster]
Galileo_DW	P	DNA/P	884	Galileo_DW#DNA/P RBRM:Galileo_DW cds_range:1046-3698 [Drosophila willistoni]
P1_AG_tp	P	DNA/P	773	P1_AG_tp#DNA/P RBRM:P1_AG cds_range:786-3278 exons:786-2261;2431-3278 wised with 31221170_Aga and extended with ORFs [Anopheles genus]
P1_Cis_tp	P	DNA/P	872	P1_Cis_tp#DNA/P RBRM:P1_Cis cds_range:668-3482 exons:668-738;812-998;1122-3482 wised with the human P element derived gene NP_078948. Two N terminal introns. I think they are real as the first exons match other P elements as well (e.g. 28630150_Dbo). [Ciona savignyi]
P2_AG_tp	P	DNA/P	664	P2_AG_tp#DNA/P RBRM:P2_AG frameshifts:1 stops:1 cds_range:1170-3231 exons:1170-2322;2390-3231 wised with 31226952_Aga. One intronlet. Can be an upstream exon as well. [Anopheles genus]
P3_AG_tp	P	DNA/P	775	P3_AG_tp#DNA/P RBRM:P3_AG cds_range:731-3117 exons:731-2197;2258-3117 wised with P1_AG (one intron) [Anopheles genus]
P4_AG_tp	P	DNA/P	814	P4_AG_tp#DNA/P RBRM:P4_AG cds_range:2502-5008 exons:2502-4145;4209-5008 wised with P1_AG (one intron) [Anopheles genus]
P-1_AAe_tp	P	DNA/P	696	P-1_AAe_tp#DNA/P RBRM:P-1_AAe cds_range:151-2239 [Aedes aegypti]
P-1_AP_tp	P	DNA/P	871	P-1_AP_tp#DNA/P RBRM:P-1_AP cds_range:488-3226 exons:488-1152;1277-3226 via genewise with P-26_HM [Acyrthosiphon pisum]
P-1_DBp	P	DNA/P	890	P-1_DBp#DNA/P RBRM:P-1_DBp cds_range:1403-4073 [Drosophila bipectinata]
P-1_DRh	P	DNA/P	910	P-1_DRh#DNA/P RBRM:P-1_DRh cds_range:812-3542 [Drosophila rhopaloa]
P-1_DY	P	DNA/P	853	P-1_DY#DNA/P RBRM:P-1_DY cds_range:1188-3747 Near-identical to ProtoP_tp [Drosophila yakuba]
P-1_HM	P	DNA/P	854	P-1_HM#DNA/P RBRM:P-1_HM cds_range:399-2961 [Hydra vulgaris]
P-1_LHu	P	DNA/P	763	P-1_LHu#DNA/P RBRM:P-1_LHu cds_range:1451-3740 [Linepithema humile]
P-1_NV	P	DNA/P	364	P-1_NV#DNA/P RBRM:P-1_NV (fragment) [Nematostella vectensis]
P-1_TV_tp	P	DNA/P	677	P-1_TV_tp#DNA/P RBRM:P-1_TV cds_range:4164-6195 [Trichomonas vaginalis]
P-2_AP_tp	P	DNA/P	912	P-2_AP_tp#DNA/P RBRM:P-2_AP frameshifts:1 stops:5 cds_range:273-3163 exons:273-343;414-1139;1223-3163 via genewise with P-13_HM [Acyrthosiphon pisum]
P-2_CR_tp	P	DNA/P	1680	P-2_CR_tp#DNA/P RBRM:P-2_CR cds_range:260-7818 exons:260-316;1060-1204;1684-2236;2403-2634;3132-3527;3619-4054;4149-4340;4438-4600;4727-5313;5405-5607;5732-7818 [Chlamydomonas reinhardtii]
P-2_HM	P	DNA/P	766	P-2_HM#DNA/P RBRM:P-2_HM stops:1 cds_range:695-2993 via tfasty with Galileo_DW [Hydra vulgaris]
P-2_LG	P	DNA/P	888	P-2_LG#DNA/P RBRM:P-2_LG frameshifts:1 cds_range:151-3140 exons:151-224;550-3140 via genewise with P-28_HM [Lottia gigantea]
P-2_LMi	P	DNA/P	715	P-2_LMi#DNA/P RBRM:P-2_LMi cds_range:153-3138 exons:153-229;320-519;973-1097;1392-3138 via genewise with P-28_HM [Locusta migratoria]
P-2_TV_tp	P	DNA/P	840	P-2_TV_tp#DNA/P RBRM:P-2_TV cds_range:3540-6060 [Trichomonas vaginalis]
P-3_AP_tp	P	DNA/P	746	P-3_AP_tp#DNA/P RBRM:P-3_AP frameshifts:4 stops:5 cds_range:2264-4502 via tfasty with Galileo_DM [Acyrthosiphon pisum]
P-3_HM	P	DNA/P	839	P-3_HM#DNA/P RBRM:P-3_HM cds_range:132-2649 [Hydra vulgaris]
P-4_AP_tp	P	DNA/P	916	P-4_AP_tp#DNA/P RBRM:P-4_AP frameshifts:2 cds_range:576-3462 exons:576-646;712-1447;1516-3462 via genewise with P-13_HM [Acyrthosiphon pisum]
P-4_HM	P	DNA/P	860	P-4_HM#DNA/P RBRM:P-4_HM cds_range:111-2691 [Hydra vulgaris]
P-5_HM	P	DNA/P	849	P-5_HM#DNA/P RBRM:P-5_HM cds_range:242-2789 [Hydra vulgaris]
P-6_HM	P	DNA/P	594	P-6_HM#DNA/P RBRM:P-6_HM frameshifts:2 stops:1 cds_range:825-2607 via tfasty with KBOC_DB_tp (fragment) [Hydra vulgaris]
P-7_HM	P	DNA/P	852	P-7_HM#DNA/P RBRM:P-7_HM cds_range:222-2778 [Hydra vulgaris]
P-7_LSal	P	DNA/P	861	P-7_LSal#DNA/P RBRM:P-7_LSal frameshifts:2 stops:3 cds_range:386-3328 exons:386-774;1131-3328 via genewise with P-17_LSal, [Lepeophtheirus salmonis]
P-8_LSal	P	DNA/P	832	P-8_LSal#DNA/P RBRM:P-8_LSal frameshifts:1 stops:1 cds_range:165-2807 exons:165-2219;2363-2807 via genewise with P-15_LSal [Lepeophtheirus salmonis]
P-9_HM	P	DNA/P	829	P-9_HM#DNA/P RBRM:P-9_HM cds_range:143-2630 [Hydra vulgaris]
P-9_LSal	P	DNA/P	846	P-9_LSal#DNA/P RBRM:P-9_LSal frameshifts:1 stops:2 cds_range:312-2849 via tfasty with P-32_HM [Lepeophtheirus salmonis]
P-10_HM	P	DNA/P	839	P-10_HM#DNA/P RBRM:P-10_HM cds_range:108-2625 [Hydra vulgaris]
P-11_HM	P	DNA/P	861	P-11_HM#DNA/P RBRM:P-11_HM cds_range:138-2721 [Hydra vulgaris]
P-11_LSal	P	DNA/P	892	P-11_LSal#DNA/P RBRM:P-11_LSal frameshifts:1 cds_range:167-3109 exons:167-1156;1424-3109 via genewise with 31226952_Aga [Lepeophtheirus salmonis]
P-12_HM	P	DNA/P	820	P-12_HM#DNA/P RBRM:P-12_HM frameshifts:1 stops:4 cds_range:1006-3465 via tfasty with ProtoP_tp [Hydra vulgaris]
P-13_HM	P	DNA/P	902	P-13_HM#DNA/P RBRM:P-13_HM frameshifts:1 cds_range:99-2806 via tfasty with P1_Cis_tp [Hydra vulgaris]
P-13_LSal	P	DNA/P	648	P-13_LSal#DNA/P RBRM:P-13_LSal frameshifts:3 stops:3 cds_range:197-2140 (fragment) via tfasty with P-16_HM [Lepeophtheirus salmonis]
P-14_HM	P	DNA/P	783	P-14_HM#DNA/P RBRM:P-14_HM frameshifts:1 cds_range:894-3244 via tfasty with Galileo_DW [Hydra vulgaris]
P-15_HM	P	DNA/P	761	P-15_HM#DNA/P RBRM:P-15_HM cds_range:402-2685 [Hydra vulgaris]
P-15_LSal	P	DNA/P	869	P-15_LSal#DNA/P RBRM:P-15_LSal cds_range:192-3009 exons:192-1221;1305-2409;2538-3009 via genewise with KBOC_DB_tp [Lepeophtheirus salmonis]
P-16_HM	P	DNA/P	868	P-16_HM#DNA/P RBRM:P-16_HM frameshifts:1 cds_range:230-2835 via tfasty with Galileo_DW [Hydra vulgaris]
P-16_LSal	P	DNA/P	876	P-16_LSal#DNA/P RBRM:P-16_LSal frameshifts:1 cds_range:217-4182 exons:217-725;854-1330;2537-4182 via genewise with P-11_LSal [Lepeophtheirus salmonis]
P-17_LSal	P	DNA/P	900	P-17_LSal#DNA/P RBRM:P-17_LSal frameshifts:2 cds_range:164-3150 exons:164-800;1086-3150 via genewise with P-11_HM [Lepeophtheirus salmonis]
P-18_LSal	P	DNA/P	860	P-18_LSal#DNA/P RBRM:P-18_LSal frameshifts:1 cds_range:478-3277 exons:478-562;626-1770;1833-2585;2678-3277 via genewise with P-28_HM [Lepeophtheirus salmonis]
P-19_HM	P	DNA/P	623	P-19_HM#DNA/P RBRM:P-19_HM cds_range:1025-2894 [Hydra vulgaris]
P-20_HM	P	DNA/P	849	P-20_HM#DNA/P RBRM:P-20_HM cds_range:154-2701 [Hydra vulgaris]
P-20_LSal	P	DNA/P	784	P-20_LSal#DNA/P RBRM:P-20_LSal frameshifts:1 cds_range:622-2973 (fragment) via tfasty with P-18_LSal [Lepeophtheirus salmonis]
P-21_HM	P	DNA/P	829	P-21_HM#DNA/P RBRM:P-21_HM frameshifts:2 stops:3 cds_range:151-2638 via tfasty with Galileo_DM [Hydra vulgaris]
P-21_LSal	P	DNA/P	861	P-21_LSal#DNA/P RBRM:P-21_LSal frameshifts:3 stops:1 cds_range:324-2991 exons:324-2170;2250-2991 via genewise with P-16_LSal, [Lepeophtheirus salmonis]
P-22_HM	P	DNA/P	819	P-22_HM#DNA/P RBRM:P-22_HM cds_range:254-2711 [Hydra vulgaris]
P-23_HM	P	DNA/P	863	P-23_HM#DNA/P RBRM:P-23_HM cds_range:179-2768 [Hydra vulgaris]
P-24_LSal	P	DNA/P	896	P-24_LSal#DNA/P RBRM:P-24_LSal stops:1 cds_range:207-3205 exons:207-501;811-3205 via genewise with P-22_HM [Lepeophtheirus salmonis]
P-25_HM	P	DNA/P	827	P-25_HM#DNA/P RBRM:P-25_HM cds_range:254-2735 [Hydra vulgaris]
P-25_LSal	P	DNA/P	905	P-25_LSal#DNA/P RBRM:P-25_LSal frameshifts:1 stops:1 cds_range:130-2987 exons:130-1619;1687-2089;2164-2987 via genewise with P-28_HM [Lepeophtheirus salmonis]
P-26_HM	P	DNA/P	896	P-26_HM#DNA/P RBRM:P-26_HM cds_range:718-3406 [Hydra vulgaris]
P-27_HM	P	DNA/P	901	P-27_HM#DNA/P RBRM:P-27_HM cds_range:178-2881 [Hydra vulgaris]
P-27_HM_p2	P	DNA/P	389	P-27_HM_p2#DNA/P RBRM:P-27_HM rev:1 cds_range:6695-5528 [Hydra vulgaris] ??
P-27_LSal	P	DNA/P	915	P-27_LSal#DNA/P RBRM:P-27_LSal frameshifts:3 stops:1 cds_range:217-3021 exons:217-1542;1602-3021 via genewise with P-16_LSal [Lepeophtheirus salmonis]
P-28_HM	P	DNA/P	921	P-28_HM#DNA/P RBRM:P-28_HM frameshifts:4 stops:1 cds_range:704-3561 exons:704-783;877-3561 via tfasty with P1_Cis_tp and genewise with P-13_HM,. [Hydra vulgaris]
P-28_LSal	P	DNA/P	903	P-28_LSal#DNA/P RBRM:P-28_LSal frameshifts:6 stops:1 cds_range:221-3244 exons:221-324;398-613;787-2455;2523-3244 via genewise with P-28_HM, [Lepeophtheirus salmonis]
P-29_HM	P	DNA/P	901	P-29_HM#DNA/P RBRM:P-29_HM frameshifts:2 cds_range:151-3059 exons:151-428;557-2752;2825-3059 via genewise with P-13_HM#DNA/P [Hydra vulgaris]
P-29_LSal	P	DNA/P	749	P-29_LSal#DNA/P RBRM:P-29_LSal stops:1 cds_range:157-2954 exons:157-403;953-2954 via genewise with P_Dme_tp [Lepeophtheirus salmonis]
P-30_HM	P	DNA/P	909	P-30_HM#DNA/P RBRM:P-30_HM cds_range:170-2897 [Hydra vulgaris]
P-30_HM_p2	P	DNA/P	398	P-30_HM_p2#DNA/P RBRM:P-30_HM rev:1 cds_range:6159-4965 [Hydra vulgaris] ??
P-30_LSal	P	DNA/P	884	P-30_LSal#DNA/P RBRM:P-30_LSal frameshifts:1 stops:1 cds_range:192-3220 exons:192-610;993-3220 via genewise with P-17_LSal, [Lepeophtheirus salmonis]
P-31_HM	P	DNA/P	923	P-31_HM#DNA/P RBRM:P-31_HM frameshifts:2 cds_range:209-2978 via tfasty with P-13_HM [Hydra vulgaris]
P-32_HM	P	DNA/P	830	P-32_HM#DNA/P RBRM:P-32_HM frameshifts:1 cds_range:346-2837 via tfasty with P-15_HM [Hydra vulgaris]
P-34_HM	P	DNA/P	897	P-34_HM#DNA/P RBRM:P-34_HM cds_range:169-2860 [Hydra vulgaris]
P-35_HM	P	DNA/P	550	P-35_HM#DNA/P RBRM:P-35_HM stops:1 cds_range:967-5120 exons:967-1565;2304-2619;2751-2845;3522-3684;3761-3944;4729-4862;4955-5120 Bad quality fragment, via genewise with P-34_HM#DNA/P, many stops and shifts [Hydra vulgaris]
P-36_HMa_tp	P	DNA/P	825	P-36_HMa_tp#DNA/P RBRM:P-36_HMa cds_range:361-2836 [Hydra vulgaris]
P-37_HMa_tp	P	DNA/P	914	P-37_HMa_tp#DNA/P RBRM:P-37_HMa cds_range:749-3949 exons:749-967;1082-1285;1371-2919;3076-3211;3311-3949 via genewise with P-10_HM and P-12_HM_tp [Hydra vulgaris]
P-38_HMa	P	DNA/P	875	P-38_HMa#DNA/P RBRM:P-38_HMa cds_range:218-2903 exons:218-318;378-2903 (with simple repeat (YI)n collapsed) [Hydra vulgaris]
P-39_HMa	P	DNA/P	1056	P-39_HMa#DNA/P RBRM:P-39_HMa cds_range:196-3364 [Hydra vulgaris]
P-1_MLP	P	DNA/P-Fungi	1183	P-1_MLP#DNA/P-Fungi RBRM:P-1_MLP cds_range:505-4400 exons:505-661;744-1880;1951-3182;3252-3465;3532-3978;4033-4400 via genscan [Melampsora larici-populina]
P-1_PSt	P	DNA/P-Fungi	732	P-1_PSt#DNA/P-Fungi RBRM:P-1_PSt frameshifts:6 cds_range:427-2888 exons:427-646;868-1859;1928-2888 via genewise with P-10_MLP [Puccinia striiformis]
P-1_PTrit	P	DNA/P-Fungi	1273	P-1_PTrit#DNA/P-Fungi RBRM:P-1_PTrit frameshifts:9 stops:1 cds_range:575-5168 exons:575-920;987-1067;1253-1428;1620-2660;2800-3716;3780-3996;4057-4712;4777-5168 via genewise with P-10_MLP, 2 fraemshifts [Puccinia triticina]
P-3_MLP	P	DNA/P-Fungi	1220	P-3_MLP#DNA/P-Fungi RBRM:P-3_MLP cds_range:324-4298 exons:324-588;680-1774;1855-2852;2916-3827;3904-4298 via genewise with P-1_MLP [Melampsora larici-populina]
P-4_MLP	P	DNA/P-Fungi	1411	P-4_MLP#DNA/P-Fungi RBRM:P-4_MLP stops:2 cds_range:569-5435 exons:569-929;1210-1705;1773-2885;2957-4194;4263-4473;4549-4977;5044-5435 via genewise with P-10_MLP [Melampsora larici-populina]
P-5_MLP	P	DNA/P-Fungi	1322	P-5_MLP#DNA/P-Fungi RBRM:P-5_MLP stops:2 cds_range:521-4903 exons:521-716;788-1196;1263-2366;2438-3654;3721-3931;4008-4457;4518-4903 via genewise with P-10_MLP [Melampsora larici-populina]
P-7_MLP	P	DNA/P-Fungi	1184	P-7_MLP#DNA/P-Fungi RBRM:P-7_MLP stops:1 cds_range:183-3949 exons:183-390;463-1554;1626-2641;2710-3949 via genewise with P-1_MLP [Melampsora larici-populina]
P-8_MLP	P	DNA/P-Fungi	1393	P-8_MLP#DNA/P-Fungi RBRM:P-8_MLP stops:1 cds_range:450-5402 exons:450-777;920-947;1228-1690;1759-2865;2929-4148;4222-4432;4502-4954;5026-5402 via genewise with P-10_MLP [Melampsora larici-populina]
P-9_MLP	P	DNA/P-Fungi	1371	P-9_MLP#DNA/P-Fungi RBRM:P-9_MLP stops:1 cds_range:358-4917 exons:358-688;785-1193;1257-2366;2459-3678;3736-3946;4019-4471;4532-4917 via genewise with P-10_MLP [Melampsora larici-populina]
P-10_MLP	P	DNA/P-Fungi	1360	P-10_MLP#DNA/P-Fungi RBRM:P-10_MLP frameshifts:2 stops:1 cds_range:508-5018 exons:508-745;834-1302;1372-2477;2547-3766;3839-4046;4111-4565;4633-5018 via genewise with P-1_MLP [Melampsora larici-populina]
Harbinger1_DR_tp	PIF-Harbinger	DNA/PIF-Harbinger	383	Harbinger1_DR_tp#DNA/PIF-Harbinger  Dfam:DF0003232 cds_range:959-2108 [Danio]
Harbinger2_DR_tp	PIF-Harbinger	DNA/PIF-Harbinger	368	Harbinger2_DR_tp#DNA/PIF-Harbinger  Dfam:DF0003227 cds_range:2139-3243 [Danio]
Harbinger3_DR_tp	PIF-Harbinger	DNA/PIF-Harbinger	345	Harbinger3_DR_tp#DNA/PIF-Harbinger  Dfam:DF0003575 cds_range:361-1477 exons:361-1036;1117-1477 Genewised with Harbinger-5_XT_tp [Danio]
Harbinger-5_DR_tp	PIF-Harbinger	DNA/PIF-Harbinger	373	Harbinger-5_DR_tp#DNA/PIF-Harbinger  Dfam:DF0003447 cds_range:1285-2404 (probably has an upstream exon) [Danio rerio]
Harbinger-6_DR_tp	PIF-Harbinger	DNA/PIF-Harbinger	406	Harbinger-6_DR_tp#DNA/PIF-Harbinger  Dfam:DF0004045 cds_range:213-1431 [Danio rerio]
Turmoil1_tp	PIF-Harbinger	DNA/PIF-Harbinger	555	Turmoil1_tp#DNA/PIF-Harbinger  Dfam:DF0001491 frameshifts:1 cds_range:169-4100 exons:169-246;1341-1836;3008-4100 Genscan prediction [Caenorhabditis elegans]
Turmoil2_tp	PIF-Harbinger	DNA/PIF-Harbinger	274	Turmoil2_tp#DNA/PIF-Harbinger  Dfam:DF0001492 frameshifts:1 stops:1 cds_range:3834-4657 via tfasty with Turmoil1 [Caenorhabditis elegans]
IS4EU-1_DR_ex	PIF-Harbinger	DNA/PIF-ISL2EU	505	IS4EU-1_DR_ex#DNA/PIF-ISL2EU  Dfam:DF0002393 rev:1 cds_range:4892-2709 exons:4892-4448;3781-2709 , 3780-2710 [Danio rerio]
IS4EU-1_DR_tp	PIF-Harbinger	DNA/PIF-ISL2EU	464	IS4EU-1_DR_tp#DNA/PIF-ISL2EU  Dfam:DF0002393 cds_range:107-2091 exons:107-440;1032-2091 , 1034-2091 [Danio rerio]
IS4EU-2_DR_ex	PIF-Harbinger	DNA/PIF-ISL2EU	515	IS4EU-2_DR_ex#DNA/PIF-ISL2EU  Dfam:DF0002297 rev:1 cds_range:5276-2903 exons:5276-5122;4985-4880;4484-4119;3827-2903 5276--2904 [Danio rerio]
IS4EU-2_DR_tp	PIF-Harbinger	DNA/PIF-ISL2EU	475	IS4EU-2_DR_tp#DNA/PIF-ISL2EU  Dfam:DF0002297 cds_range:75-2169 exons:75-501;1170-2169 , 1172-2169 [Danio rerio]
UN-Candystripe1_SB_tp	PIF-Harbinger	DNA/PIF-Harbinger	408	UN-Candystripe1_SB_tp#DNA/PIF-Harbinger   , 1 intron.  [Sorghum bicolor] Not to say that the entire Candystripe is a Harbinger. This coding region is for a Harbinger-like transposase though.
UN-IS4EU-1_NV_ex	PIF-Harbinger	DNA/PIF-ISL2EU	995	UN-IS4EU-1_NV_ex#DNA/PIF-ISL2EU   from  Nematostella vectensis predicted protein (NEMVEDRAFT_v1g217754) mRNA (RepBase entry seems to have accidental duplication) Partly matches Rehavkus-2_CS protein (47% sim)) [Nematostella vectensis]
UN-Spy-3_HSa_tp	PIF-Harbinger	DNA/PIF-Spy	471	UN-Spy-3_HSa_tp#DNA/PIF-Spy   (Han et al. GBE 2014) [Harpegnathos saltator]
UN-Spy_AEc_tp	PIF-Harbinger	DNA/PIF-Spy	416	UN-Spy_AEc_tp#DNA/PIF-Spy   Fragment (Han et al. GBE 2014) [Acromyrmex echinatior]
UN-Spy_MMo_tp	PIF-Harbinger	DNA/PIF-Spy	552	UN-Spy_MMo_tp#DNA/PIF-Spy   (Han et al. GBE 2014) [Mengenilla moldrzyki]
UN-Spy_MOc_tp	PIF-Harbinger	DNA/PIF-Spy	671	UN-Spy_MOc_tp#DNA/PIF-Spy   (Han et al. GBE 2014) [Metaseiulus occidentalis]
UN-Spy_MRo_tp	PIF-Harbinger	DNA/PIF-Spy	428	UN-Spy_MRo_tp#DNA/PIF-Spy   (Han et al. GBE 2014) [Megachile rotundata]
UN-SpyPXy_tp	PIF-Harbinger	DNA/PIF-Spy	546	UN-SpyPXy_tp#DNA/PIF-Spy   (Han et al. GBE 2014) [Plutella xylostella]
UN-SpySLn_tp	PIF-Harbinger	DNA/PIF-Spy	538	UN-SpySLn_tp#DNA/PIF-Spy   (Han et al. GBE 2014) [Solenopsis invicta]
UN-Spy_TUr	PIF-Harbinger	DNA/PIF-Spy	716	UN-Spy_TUr#DNA/PIF-Spy   (Han et al. GBE 2014) [Tetranychus urticae]
ATIS112A_tp	PIF-Harbinger	DNA/PIF-Harbinger	484	ATIS112A_tp#DNA/PIF-Harbinger RBRM:ATIS112A cds_range:3582-5034 [Arabidopsis]
AutoChomp1_tp	PIF-Harbinger	DNA/PIF-Harbinger	481	AutoChomp1_tp#DNA/PIF-Harbinger RBRM:AutoChomp1_Croc cds_range:416-1859 [Crocodylidae]
HARB3_ZM_tp	PIF-Harbinger	DNA/PIF-Harbinger	455	HARB3_ZM_tp#DNA/PIF-Harbinger RBRM:HARB3_ZM cds_range:521-1886 [Zea mays]
HARB4_ZM_tp	PIF-Harbinger	DNA/PIF-Harbinger	436	HARB4_ZM_tp#DNA/PIF-Harbinger RBRM:HARB4_ZM cds_range:646-1954 [Zea mays]
HARB5_ZM_tp	PIF-Harbinger	DNA/PIF-Harbinger	460	HARB5_ZM_tp#DNA/PIF-Harbinger RBRM:HARB5_ZM frameshifts:1 stops:3 cds_range:533-1914 via tfasty with MTIS112A_tp (includes translated intronlet) [Zea mays]
HARB6_ZM_tp	PIF-Harbinger	DNA/PIF-Harbinger	439	HARB6_ZM_tp#DNA/PIF-Harbinger RBRM:HARB6_ZM cds_range:415-1729 [Zea mays]
HARB7_ZM_tp	PIF-Harbinger	DNA/PIF-Harbinger	513	HARB7_ZM_tp#DNA/PIF-Harbinger RBRM:HARB7_ZM frameshifts:1 cds_range:373-1911 via tfasty with ATIS112A_tp (includes translated intronlet) [Zea mays]
HARB8_ZM_tp	PIF-Harbinger	DNA/PIF-Harbinger	448	HARB8_ZM_tp#DNA/PIF-Harbinger RBRM:HARB8_ZM frameshifts:1 stops:1 cds_range:620-1963 via tfasty with MTIS112A_tp, HARB-N9_ZM_tp identical. [Zea mays]
HARB-1_ALy	PIF-Harbinger	DNA/PIF-Harbinger	373	HARB-1_ALy#DNA/PIF-Harbinger RBRM:HARB-1_ALy cds_range:473-1592 [Arabidopsis lyrata]
HARB-1_FV_tp	PIF-Harbinger	DNA/PIF-Harbinger	446	HARB-1_FV_tp#DNA/PIF-Harbinger RBRM:HARB-1_FV cds_range:664-2002 [Fragaria vesca]
HARB-1_GM	PIF-Harbinger	DNA/PIF-Harbinger	410	HARB-1_GM#DNA/PIF-Harbinger RBRM:HARB-1_GM cds_range:1089-2319 [Glycine max]
HARB-1_GM_tp	PIF-Harbinger	DNA/PIF-Harbinger	434	HARB-1_GM_tp#DNA/PIF-Harbinger RBRM:HARB-1_GM cds_range:2621-3923 [Glycine max]
HARB-1_Mad_tp	PIF-Harbinger	DNA/PIF-Harbinger	467	HARB-1_Mad_tp#DNA/PIF-Harbinger RBRM:HARB-1_Mad cds_range:441-1842 [Malus domestica]
HARB-1_OS_tp	PIF-Harbinger	DNA/PIF-Harbinger	497	HARB-1_OS_tp#DNA/PIF-Harbinger RBRM:HARB-1_OS stops:1 cds_range:2913-4404 via tfasty with ATIS112A_tp [Oryza sativa]
HARB-1_TA_tp	PIF-Harbinger	DNA/PIF-Harbinger	432	HARB-1_TA_tp#DNA/PIF-Harbinger RBRM:HARB-1_TA cds_range:469-1765 [Triticum aestivum]
HARB-2_ALy_1p	PIF-Harbinger	DNA/PIF-Harbinger	311	HARB-2_ALy_1p#DNA/PIF-Harbinger RBRM:HARB-2_ALy cds_range:2124-3057 [Arabidopsis lyrata]
HARB-2_ALy_tp	PIF-Harbinger	DNA/PIF-Harbinger	435	HARB-2_ALy_tp#DNA/PIF-Harbinger RBRM:HARB-2_ALy cds_range:3696-5001 [Arabidopsis lyrata]
HARB-2_FV_tp	PIF-Harbinger	DNA/PIF-Harbinger	499	HARB-2_FV_tp#DNA/PIF-Harbinger RBRM:HARB-2_FV cds_range:432-1929 [Fragaria vesca]
HARB-2_Mad_tp	PIF-Harbinger	DNA/PIF-Harbinger	511	HARB-2_Mad_tp#DNA/PIF-Harbinger RBRM:HARB-2_Mad stops:1 cds_range:490-2023 [Malus domestica]
HARB-2_OS_tp	PIF-Harbinger	DNA/PIF-Harbinger	428	HARB-2_OS_tp#DNA/PIF-Harbinger RBRM:HARB-2_OS cds_range:565-1931 exons:565-815;897-1931 via genewise with HARB-N1_OS_tp [Oryza sativa]
HARB-2_STu_tp	PIF-Harbinger	DNA/PIF-Harbinger	401	HARB-2_STu_tp#DNA/PIF-Harbinger RBRM:HARB-2_STu frameshifts:1 cds_range:1028-2344 exons:1028-1462;1576-2344 via genewise with MtPH-A5-Ia_tp, 1 intron & [Solanum tuberosum]
HARB-2B_Mad_tp	PIF-Harbinger	DNA/PIF-Harbinger	468	HARB-2B_Mad_tp#DNA/PIF-Harbinger RBRM:HARB-2B_Mad stops:1 cds_range:710-2114 [Malus domestica]
HARB-3_ALy	PIF-Harbinger	DNA/PIF-Harbinger	261	HARB-3_ALy#DNA/PIF-Harbinger RBRM:HARB-3_ALy cds_range:1644-2427 [Arabidopsis lyrata]
HARB-3_Mad_tp	PIF-Harbinger	DNA/PIF-Harbinger	450	HARB-3_Mad_tp#DNA/PIF-Harbinger RBRM:HARB-3_Mad cds_range:565-1915 [Malus domestica]
HARB-3_OS_tp	PIF-Harbinger	DNA/PIF-Harbinger	415	HARB-3_OS_tp#DNA/PIF-Harbinger RBRM:HARB-3_OS cds_range:849-2172 exons:849-1060;1138-2172 via genewise with HARB-N1_OS_tp [Oryza sativa]
HARB-3_STu_tp	PIF-Harbinger	DNA/PIF-Harbinger	339	HARB-3_STu_tp#DNA/PIF-Harbinger RBRM:HARB-3_STu frameshifts:1 cds_range:2518-3694 exons:2518-2826;2904-3143;3223-3694 via genewise with Harbinger_tp [Solanum tuberosum]
HARB-3B_FV_tp	PIF-Harbinger	DNA/PIF-Harbinger	484	HARB-3B_FV_tp#DNA/PIF-Harbinger RBRM:HARB-3B_FV cds_range:516-1968 [Fragaria vesca]
HARB-4_ALy_1p	PIF-Harbinger	DNA/PIF-Harbinger	292	HARB-4_ALy_1p#DNA/PIF-Harbinger RBRM:HARB-4_ALy cds_range:2014-2890 [Arabidopsis lyrata]
HARB-4_ALy_tp	PIF-Harbinger	DNA/PIF-Harbinger	428	HARB-4_ALy_tp#DNA/PIF-Harbinger RBRM:HARB-4_ALy cds_range:3548-4832 [Arabidopsis lyrata]
HARB-4_FV_tp	PIF-Harbinger	DNA/PIF-Harbinger	448	HARB-4_FV_tp#DNA/PIF-Harbinger RBRM:HARB-4_FV cds_range:543-1887 [Fragaria vesca]
HARB-4A_SBi_tp	PIF-Harbinger	DNA/PIF-Harbinger	397	HARB-4A_SBi_tp#DNA/PIF-Harbinger RBRM:HARB-4A_SBi cds_range:1913-3104 [Sorghum bicolor]
HARB-5_ALy_tp	PIF-Harbinger	DNA/PIF-Harbinger	429	HARB-5_ALy_tp#DNA/PIF-Harbinger RBRM:HARB-5_ALy cds_range:1915-3202 [Arabidopsis lyrata]
HARB-5_FV_tp	PIF-Harbinger	DNA/PIF-Harbinger	449	HARB-5_FV_tp#DNA/PIF-Harbinger RBRM:HARB-5_FV cds_range:491-1838 [Fragaria vesca]
HARB-5_SBi_tp	PIF-Harbinger	DNA/PIF-Harbinger	369	HARB-5_SBi_tp#DNA/PIF-Harbinger RBRM:HARB-5_SBi cds_range:674-1781 [Sorghum bicolor]
HARB-6_ALy_1p	PIF-Harbinger	DNA/PIF-Harbinger	316	HARB-6_ALy_1p#DNA/PIF-Harbinger RBRM:HARB-6_ALy cds_range:1893-2841 [Arabidopsis lyrata]
HARB-6_FV_tp	PIF-Harbinger	DNA/PIF-Harbinger	445	HARB-6_FV_tp#DNA/PIF-Harbinger RBRM:HARB-6_FV cds_range:597-1932 [Fragaria vesca]
HARB-7_ALy_1p	PIF-Harbinger	DNA/PIF-Harbinger	294	HARB-7_ALy_1p#DNA/PIF-Harbinger RBRM:HARB-7_ALy cds_range:1765-2647 [Arabidopsis lyrata]
HARB-8_ALy_1p	PIF-Harbinger	DNA/PIF-Harbinger	320	HARB-8_ALy_1p#DNA/PIF-Harbinger RBRM:HARB-8_ALy cds_range:1815-2775 [Arabidopsis lyrata]
HARB-8_ALy_tp	PIF-Harbinger	DNA/PIF-Harbinger	429	HARB-8_ALy_tp#DNA/PIF-Harbinger RBRM:HARB-8_ALy cds_range:3585-4872 [Arabidopsis lyrata]
HARB-8_FV_tp	PIF-Harbinger	DNA/PIF-Harbinger	446	HARB-8_FV_tp#DNA/PIF-Harbinger RBRM:HARB-8_FV cds_range:717-2055 [Fragaria vesca]
HARB-9_ALy_tp	PIF-Harbinger	DNA/PIF-Harbinger	471	HARB-9_ALy_tp#DNA/PIF-Harbinger RBRM:HARB-9_ALy cds_range:1642-3055 [Arabidopsis lyrata]
HARB-9_FV_2p	PIF-Harbinger	DNA/PIF-Harbinger	320	HARB-9_FV_2p#DNA/PIF-Harbinger RBRM:HARB-9_FV cds_range:1957-2917 [Fragaria vesca]
HARB-9_FV_tp	PIF-Harbinger	DNA/PIF-Harbinger	443	HARB-9_FV_tp#DNA/PIF-Harbinger RBRM:HARB-9_FV cds_range:304-1633 [Fragaria vesca]
HARB-10_ALy_tp	PIF-Harbinger	DNA/PIF-Harbinger	452	HARB-10_ALy_tp#DNA/PIF-Harbinger RBRM:HARB-10_ALy frameshifts:1 cds_range:1987-3338 via tfasty with HARB-9_ALy [Arabidopsis lyrata]
HARB-10_FV_tp	PIF-Harbinger	DNA/PIF-Harbinger	361	HARB-10_FV_tp#DNA/PIF-Harbinger RBRM:HARB-10_FV cds_range:532-1615 [Fragaria vesca]
HARB-11_FV_tp	PIF-Harbinger	DNA/PIF-Harbinger	396	HARB-11_FV_tp#DNA/PIF-Harbinger RBRM:HARB-11_FV cds_range:693-2026 exons:693-989;1134-2026 via genewise with Harbinger-6_PGr_2p [Fragaria vesca]
HARB-13_SBi_tp	PIF-Harbinger	DNA/PIF-Harbinger	400	HARB-13_SBi_tp#DNA/PIF-Harbinger RBRM:HARB-13_SBi cds_range:2268-3542 exons:2268-2994;3068-3542 via genewise with Candystripe1_SB_tp [Sorghum bicolor]
HARB-14_SBi_tp	PIF-Harbinger	DNA/PIF-Harbinger	403	HARB-14_SBi_tp#DNA/PIF-Harbinger RBRM:HARB-14_SBi cds_range:2049-3363 exons:2049-2784;2889-3363 via genewise with HARB-13_SBi [Sorghum bicolor]
HARB-N1_OS_tp	PIF-Harbinger	DNA/PIF-Harbinger	418	HARB-N1_OS_tp#DNA/PIF-Harbinger RBRM:HARB-N1_OS cds_range:981-2235 [Oryza sativa]
Harb_Cis1_tp	PIF-Harbinger	DNA/PIF-Harbinger	432	Harb_Cis1_tp#DNA/PIF-Harbinger RBRM:Harb_Cis1 cds_range:282-1578 [Ciona savignyi]
Harbinger1_AG_tp	PIF-Harbinger	DNA/PIF-Harbinger	340	Harbinger1_AG_tp#DNA/PIF-Harbinger RBRM:Harbinger1_AG cds_range:451-2932 exons:451-804;873-951;2343-2932 genewised with Harbinger-5_BF_tp,. [Anopheles genus]
Harbinger1_CN_tp	PIF-Harbinger	DNA/PIF-Harbinger	337	Harbinger1_CN_tp#DNA/PIF-Harbinger RBRM:HARBINGER1_CN frameshifts:1 cds_range:725-1737 via tfasty with Harbinger1_DR_tp [Cryptococcus neoformans var. neoformans]
Harbinger1_PTr_tp	PIF-Harbinger	DNA/PIF-Harbinger	428	Harbinger1_PTr_tp#DNA/PIF-Harbinger RBRM:Harbinger1_PTr cds_range:646-1930 [Populus trichocarpa]
Harbinger1_tp	PIF-Harbinger	DNA/PIF-Harbinger	520	Harbinger1_tp#DNA/PIF-Harbinger RBRM:Harbinger1_TP cds_range:142-1702 [Thalassiosira]
Harbinger2-1_AAp_tp	PIF-Harbinger	DNA/PIF-Harbinger	369	Harbinger2-1_AAp_tp#DNA/PIF-Harbinger RBRM:Harbinger2-1_AAp cds_range:278-1385 [Ascosphaera apis]
Harbinger2-1_HM_tp	PIF-Harbinger	DNA/PIF-Harbinger	358	Harbinger2-1_HM_tp#DNA/PIF-Harbinger RBRM:Harbinger2-1_HM cds_range:269-1343 [Hydra vulgaris]
Harbinger2-2_HM_tp	PIF-Harbinger	DNA/PIF-Harbinger	359	Harbinger2-2_HM_tp#DNA/PIF-Harbinger RBRM:Harbinger2-2_HM cds_range:441-1518 [Hydra vulgaris]
Harbinger2-2_NV_tp	PIF-Harbinger	DNA/PIF-Harbinger	358	Harbinger2-2_NV_tp#DNA/PIF-Harbinger RBRM:Harbinger2-2_NV cds_range:155-1229 [Nematostella vectensis]
Harbinger2-2_TMe_tp	PIF-Harbinger	DNA/PIF-Harbinger	387	Harbinger2-2_TMe_tp#DNA/PIF-Harbinger RBRM:Harbinger2-2_TMe cds_range:242-1403 [Tuber melanosporum]
Harbinger2-3_TMe_tp	PIF-Harbinger	DNA/PIF-Harbinger	281	Harbinger2-3_TMe_tp#DNA/PIF-Harbinger RBRM:Harbinger2-3_TMe cds_range:529-1372 [Tuber melanosporum]
Harbinger2_tp	PIF-Harbinger	DNA/PIF-Harbinger	470	Harbinger2_tp#DNA/PIF-Harbinger RBRM:Harbinger2_TP cds_range:297-1707 [Thalassiosira]
Harbinger3_tp	PIF-Harbinger	DNA/PIF-Harbinger	435	Harbinger3_tp#DNA/PIF-Harbinger RBRM:Harbinger3_TP cds_range:548-1853 [Thalassiosira]
Harbinger4_tp	PIF-Harbinger	DNA/PIF-Harbinger	428	Harbinger4_tp#DNA/PIF-Harbinger RBRM:Harbinger4_TP cds_range:192-1570 exons:192-412;506-1570 Via genewise with Harbinger2_tp [Thalassiosira]
Harbinger-1_AAe_tp	PIF-Harbinger	DNA/PIF-Harbinger	342	Harbinger-1_AAe_tp#DNA/PIF-Harbinger RBRM:Harbinger-1_AAe cds_range:263-1289 [Aedes aegypti]
Harbinger-1_ADi_tp	PIF-Harbinger	DNA/PIF-Harbinger	359	Harbinger-1_ADi_tp#DNA/PIF-Harbinger RBRM:Harbinger-1_ADi cds_range:205-1282 [Acropora digitifera]
Harbinger-1_AMi_tp	PIF-Harbinger	DNA/PIF-Harbinger	484	Harbinger-1_AMi_tp#DNA/PIF-Harbinger RBRM:Harbinger-1_AMi cds_range:4004-5456 [Crocodylia]
Harbinger-1_ATr_tp	PIF-Harbinger	DNA/PIF-Harbinger	392	Harbinger-1_ATr_tp#DNA/PIF-Harbinger RBRM:Harbinger-1_ATr frameshifts:1 cds_range:5453-6817 exons:5453-5937;6023-6252;6352-6817 via genewise with Harbinger_tp [Amborella trichopoda]
Harbinger-1_BF_tp	PIF-Harbinger	DNA/PIF-Harbinger	428	Harbinger-1_BF_tp#DNA/PIF-Harbinger RBRM:Harbinger-1_BF cds_range:466-2134 exons:466-782;1166-2134 Via genewise with Harbinger-5_BF_tp [Branchiostoma floridae]
Harbinger-1_CCri_tp	PIF-Harbinger	DNA/PIF-Harbinger	387	Harbinger-1_CCri_tp#DNA/PIF-Harbinger RBRM:Harbinger-1_CCri rev:1 cds_range:2243-1082 [Chondrus crispus]
Harbinger-1_CGi_tp	PIF-Harbinger	DNA/PIF-Harbinger	361	Harbinger-1_CGi_tp#DNA/PIF-Harbinger RBRM:Harbinger-1_CGi cds_range:734-1817 [Crassostrea gigas]
Harbinger-1_CPB_tp	PIF-Harbinger	DNA/PIF-Harbinger	427	Harbinger-1_CPB_tp#DNA/PIF-Harbinger RBRM:Harbinger-1_CPB cds_range:383-1664 [Chrysemys picta bellii]
Harbinger-1_Crp_tp	PIF-Harbinger	DNA/PIF-Harbinger	599	Harbinger-1_Crp_tp#DNA/PIF-Harbinger RBRM:Harbinger-1_Crp cds_range:575-2372 [Crocodylia]
Harbinger-1_DF_tp	PIF-Harbinger	DNA/PIF-Harbinger	359	Harbinger-1_DF_tp#DNA/PIF-Harbinger RBRM:Harbinger-1_DF frameshifts:3 cds_range:124-2065 exons:124-437;1302-2065 via genewise with Harb_Cis1_tp, frameshifts, stopcodons [Drosophila ficusphila]
Harbinger-1_DK_tp	PIF-Harbinger	DNA/PIF-Harbinger	444	Harbinger-1_DK_tp#DNA/PIF-Harbinger RBRM:Harbinger-1_DK cds_range:395-1856 exons:395-794;857-960;1026-1856 via genewise with Harbinger1_DR_tp, N-term truncated. [Drosophila kikkawai]
Harbinger-1_DRh_tp	PIF-Harbinger	DNA/PIF-Harbinger	344	Harbinger-1_DRh_tp#DNA/PIF-Harbinger RBRM:Harbinger-1_DRh cds_range:381-1533 exons:381-765;820-923;988-1533 via genewise with Harbinger-1_AMi_tp, N-term truncated. [Drosophila rhopaloa]
Harbinger-1_DW_tp	PIF-Harbinger	DNA/PIF-Harbinger	387	Harbinger-1_DW_tp#DNA/PIF-Harbinger RBRM:Harbinger-1_DW cds_range:963-2779 exons:963-1246;1901-2779 via genewise with Harb_Cis1_tp [Drosophila willistoni]
Harbinger-1_Gav_tp	PIF-Harbinger	DNA/PIF-Harbinger	882	Harbinger-1_Gav_tp#DNA/PIF-Harbinger RBRM:Harbinger-1_Gav cds_range:186-2832 Seems a bit overextended. [Crocodylia]
Harbinger-1_MLP_tp	PIF-Harbinger	DNA/PIF-Harbinger	487	Harbinger-1_MLP_tp#DNA/PIF-Harbinger RBRM:Harbinger-1_MLP cds_range:204-1739 exons:204-1209;1283-1739 via genewise with Harbinger-1_PI_tp [Melampsora larici-populina]
Harbinger-1_MN	PIF-Harbinger	DNA/PIF-Harbinger	440	Harbinger-1_MN#DNA/PIF-Harbinger RBRM:Harbinger-1_MN cds_range:3640-5142 exons:3640-4224;4304-4536;4638-5142 via genewise with MtPH-M-3-Ia_tp [Morus notabilis]
Harbinger-1_NV_tp	PIF-Harbinger	DNA/PIF-Harbinger	344	Harbinger-1_NV_tp#DNA/PIF-Harbinger RBRM:Harbinger-1_NV cds_range:202-1563 exons:202-751;1080-1563 , Via genewise with Harbinger2_DR_tp [Nematostella vectensis]
Harbinger-1_PI_tp	PIF-Harbinger	DNA/PIF-Harbinger	455	Harbinger-1_PI_tp#DNA/PIF-Harbinger RBRM:Harbinger-1_PI cds_range:322-1687 [Phytophthora infestans]
Harbinger-1_PPe_tp	PIF-Harbinger	DNA/PIF-Harbinger	455	Harbinger-1_PPe_tp#DNA/PIF-Harbinger RBRM:Harbinger-1_PPe cds_range:549-1914 [Prunus persica]
Harbinger-1_PPI_tp	PIF-Harbinger	DNA/PIF-Harbinger	372	Harbinger-1_PPI_tp#DNA/PIF-Harbinger RBRM:Harbinger-1_PPI frameshifts:3 cds_range:223-1404 exons:223-854;920-1404 via genewise with Harbinger1_CN_tp [Phytophthora parasitica]
Harbinger-1_PR_2p	PIF-Harbinger	DNA/PIF-Harbinger	315	Harbinger-1_PR_2p#DNA/PIF-Harbinger RBRM:Harbinger-1_PR rev:1 cds_range:2504-1559 (NAM-associated) [Phytophthora ramorum]
Harbinger-1_PSo_tp	PIF-Harbinger	DNA/PIF-Harbinger	376	Harbinger-1_PSo_tp#DNA/PIF-Harbinger RBRM:Harbinger-1_PSo cds_range:181-1309 [Phytophthora sojae]
Harbinger-1_PTrit_tp	PIF-Harbinger	DNA/PIF-Harbinger	420	Harbinger-1_PTrit_tp#DNA/PIF-Harbinger RBRM:Harbinger-1_PTrit stops:1 cds_range:191-1527 exons:191-490;566-1527 via genewise with HARB7_ZM_tp,. [Puccinia triticina]
Harbinger-1_SP_tp	PIF-Harbinger	DNA/PIF-Harbinger	407	Harbinger-1_SP_tp#DNA/PIF-Harbinger RBRM:Harbinger-1_SP cds_range:440-1661 [Strongylocentrotus purpuratus]
Harbinger-1_TV_tp	PIF-Harbinger	DNA/PIF-Harbinger	701	Harbinger-1_TV_tp#DNA/PIF-Harbinger RBRM:Harbinger-1_TV cds_range:1581-3684 Past pos 2626 no similarities to otherHarbinger TPs. [Trichomonas vaginalis]
Harbinger-1_XT_tp	PIF-Harbinger	DNA/PIF-Harbinger	390	Harbinger-1_XT_tp#DNA/PIF-Harbinger RBRM:Harbinger-1_XT frameshifts:1 cds_range:323-1762 exons:323-1017;1285-1762 Via genewise with Harbinger-5_XT_tp ( [Xenopus (silurana) tropicalis]
HARBINGER-2_AFC	PIF-Harbinger	DNA/PIF-Harbinger	346	HARBINGER-2_AFC#DNA/PIF-Harbinger RBRM:HARBINGER-2_AFC cds_range:226-1505 exons:226-658;734-847;932-1044;1124-1505 via genewise with Harbinger-1_NV_tp [Cichlidae]
Harbinger-2_AMi_tp	PIF-Harbinger	DNA/PIF-Harbinger	474	Harbinger-2_AMi_tp#DNA/PIF-Harbinger RBRM:Harbinger-2_AMi cds_range:460-1882 [Crocodylia]
Harbinger-2_CCri_tp	PIF-Harbinger	DNA/PIF-Harbinger	509	Harbinger-2_CCri_tp#DNA/PIF-Harbinger RBRM:Harbinger-2_CCri cds_range:132-1659 [Chondrus crispus]
Harbinger-2_CPB_tp	PIF-Harbinger	DNA/PIF-Harbinger	475	Harbinger-2_CPB_tp#DNA/PIF-Harbinger RBRM:Harbinger-2_CPB cds_range:233-1658 [Chrysemys picta bellii]
Harbinger-2_MLP_tp	PIF-Harbinger	DNA/PIF-Harbinger	497	Harbinger-2_MLP_tp#DNA/PIF-Harbinger RBRM:Harbinger-2_MLP cds_range:189-1747 exons:189-1227;1294-1747 via genewise with Harbinger-1_PI_tp [Melampsora larici-populina]
Harbinger-2_PTrit_tp	PIF-Harbinger	DNA/PIF-Harbinger	450	Harbinger-2_PTrit_tp#DNA/PIF-Harbinger RBRM:Harbinger-2_PTrit frameshifts:1 stops:1 cds_range:99-1525 exons:99-643;717-1525 via genewise with MtPH-A6-4-Ia_tp, [Puccinia triticina]
Harbinger-2_TV_tp	PIF-Harbinger	DNA/PIF-Harbinger	696	Harbinger-2_TV_tp#DNA/PIF-Harbinger RBRM:Harbinger-2_TV cds_range:1522-3610 (Harbinger-2_TV)  (Harbinger TPase and C19 cysteine protease) [Trichomonas vaginalis]
Harbinger-2_XT_tp	PIF-Harbinger	DNA/PIF-Harbinger	377	Harbinger-2_XT_tp#DNA/PIF-Harbinger RBRM:Harbinger-2_XT cds_range:878-2465 exons:878-1616;2072-2465 [Xenopus (silurana) tropicalis]
Harbinger-2B_CPB_tp	PIF-Harbinger	DNA/PIF-Harbinger	469	Harbinger-2B_CPB_tp#DNA/PIF-Harbinger RBRM:Harbinger-2B_CPB cds_range:230-1637 [Chrysemys picta bellii]
Harbinger-2B_DRh_tp	PIF-Harbinger	DNA/PIF-Harbinger	398	Harbinger-2B_DRh_tp#DNA/PIF-Harbinger RBRM:Harbinger-2B_DRh cds_range:860-2273 exons:860-893;923-1012;1080-1244;1310-1581;1636-2273 via genewise with Harbinger-1_BF_tp [Drosophila rhopaloa]
Harbinger-2C_CPB_tp	PIF-Harbinger	DNA/PIF-Harbinger	451	Harbinger-2C_CPB_tp#DNA/PIF-Harbinger RBRM:Harbinger-2C_CPB cds_range:894-2247 [Chrysemys picta bellii]
Harbinger-2F_CPB_tp	PIF-Harbinger	DNA/PIF-Harbinger	362	Harbinger-2F_CPB_tp#DNA/PIF-Harbinger RBRM:Harbinger-2F_CPB cds_range:373-1459 [Chrysemys picta bellii]
Harbinger-3_AMi_tp	PIF-Harbinger	DNA/PIF-Harbinger	554	Harbinger-3_AMi_tp#DNA/PIF-Harbinger RBRM:Harbinger-3_AMi cds_range:342-2004 [Crocodylia]
Harbinger-3_CCri_2p	PIF-Harbinger	DNA/PIF-Harbinger	362	Harbinger-3_CCri_2p#DNA/PIF-Harbinger RBRM:Harbinger-3_CCri rev:1 cds_range:3919-2833 [Chondrus crispus]
Harbinger-3_CPB_2p	PIF-Harbinger	DNA/PIF-Harbinger	270	Harbinger-3_CPB_2p#DNA/PIF-Harbinger RBRM:Harbinger-3_CPB rev:1 cds_range:3851-3041 (Myb) [Chrysemys picta bellii]
Harbinger-3_Crp_tp	PIF-Harbinger	DNA/PIF-Harbinger	542	Harbinger-3_Crp_tp#DNA/PIF-Harbinger RBRM:Harbinger-3_Crp frameshifts:4 stops:3 cds_range:348-1974 via tfasty with Harbinger-1_Crp_tp [Crocodylia]
Harbinger-3_HMa	PIF-Harbinger	DNA/PIF-Harbinger	481	Harbinger-3_HMa#DNA/PIF-Harbinger RBRM:Harbinger-3_HMa cds_range:34-1477 [Hydra vulgaris]
Harbinger-3_LCh_tp	PIF-Harbinger	DNA/PIF-Harbinger	302	Harbinger-3_LCh_tp#DNA/PIF-Harbinger RBRM:Harbinger-3_LCh cds_range:3100-4006 [Latimeria chalumnae]
Harbinger-3_MLP_tp	PIF-Harbinger	DNA/PIF-Harbinger	438	Harbinger-3_MLP_tp#DNA/PIF-Harbinger RBRM:Harbinger-3_MLP cds_range:292-1677 exons:292-1168;1239-1677 via genewise with Harbinger-1_PI_tp [Melampsora larici-populina]
Harbinger-3_SLL_tp	PIF-Harbinger	DNA/PIF-Harbinger	371	Harbinger-3_SLL_tp#DNA/PIF-Harbinger RBRM:Harbinger-3_SLL cds_range:83-1196 [Serpula lacrymans]
Harbinger-3_SPur_tp	PIF-Harbinger	DNA/PIF-Harbinger	338	Harbinger-3_SPur_tp#DNA/PIF-Harbinger RBRM:Harbinger-3_SPur cds_range:3-1017 (fragment) [Strongylocentrotus purpuratus]
Harbinger-3_TV_tp	PIF-Harbinger	DNA/PIF-Harbinger	449	Harbinger-3_TV_tp#DNA/PIF-Harbinger RBRM:Harbinger-3_TV cds_range:1483-2830 (Harbinger-3_TV)  [Trichomonas vaginalis]
Harbinger-3B_PSt_tp	PIF-Harbinger	DNA/PIF-Harbinger	432	Harbinger-3B_PSt_tp#DNA/PIF-Harbinger RBRM:Harbinger-3B_PSt cds_range:251-1624 exons:251-671;748-1624 via genewise with HARB-3_OS_tp [Puccinia striiformis]
Harbinger-4_BF_tp	PIF-Harbinger	DNA/PIF-Harbinger	442	Harbinger-4_BF_tp#DNA/PIF-Harbinger RBRM:Harbinger-4_BF frameshifts:2 cds_range:574-1902 via tfasty with Harbinger-5_BF_tp [Branchiostoma floridae]
Harbinger-4_CCri_1p	PIF-Harbinger	DNA/PIF-Harbinger	407	Harbinger-4_CCri_1p#DNA/PIF-Harbinger RBRM:Harbinger-4_CCri cds_range:308-1529 [Chondrus crispus]
Harbinger-4_CCri_tp	PIF-Harbinger	DNA/PIF-Harbinger	442	Harbinger-4_CCri_tp#DNA/PIF-Harbinger RBRM:Harbinger-4_CCri rev:1 cds_range:2857-1531 [Chondrus crispus]
Harbinger-4_CPB_tp	PIF-Harbinger	DNA/PIF-Harbinger	415	Harbinger-4_CPB_tp#DNA/PIF-Harbinger RBRM:Harbinger-4_CPB cds_range:357-1602 [Chrysemys picta bellii]
Harbinger-4_HM_tp	PIF-Harbinger	DNA/PIF-Harbinger	398	Harbinger-4_HM_tp#DNA/PIF-Harbinger RBRM:Harbinger-4_HM cds_range:3950-5144 [Hydra vulgaris]
Harbinger-4_MLP_tp	PIF-Harbinger	DNA/PIF-Harbinger	427	Harbinger-4_MLP_tp#DNA/PIF-Harbinger RBRM:Harbinger-4_MLP cds_range:227-1569 exons:227-1138;1199-1569 via genewise with HARB-1_Mad_tp [Melampsora larici-populina]
Harbinger-4_PGr_tp	PIF-Harbinger	DNA/PIF-Harbinger	457	Harbinger-4_PGr_tp#DNA/PIF-Harbinger RBRM:Harbinger-4_PGr cds_range:87-1526 exons:87-573;641-1526 via genewise with HARB-2_OS_tp [Puccinia graminis f. sp. tritici crl 75-36-700-3]
Harbinger-4_PI_2p	PIF-Harbinger	DNA/PIF-Harbinger	299	Harbinger-4_PI_2p#DNA/PIF-Harbinger RBRM:Harbinger-4_PI rev:1 cds_range:2759-1862 [Phytophthora infestans]
Harbinger-4_PI_tp	PIF-Harbinger	DNA/PIF-Harbinger	442	Harbinger-4_PI_tp#DNA/PIF-Harbinger RBRM:Harbinger-4_PI cds_range:139-1465 [Phytophthora infestans]
Harbinger-4_PSt_tp	PIF-Harbinger	DNA/PIF-Harbinger	435	Harbinger-4_PSt_tp#DNA/PIF-Harbinger RBRM:Harbinger-4_PSt stops:1 cds_range:232-1666 exons:232-909;974-1241;1305-1666 via genewise with Harbinger-10_PGr_tp [Puccinia striiformis]
Harbinger-4_TV_tp	PIF-Harbinger	DNA/PIF-Harbinger	463	Harbinger-4_TV_tp#DNA/PIF-Harbinger RBRM:Harbinger-4_TV cds_range:1236-2625 (Harbinger-4_TV)  [Trichomonas vaginalis]
Harbinger-5_AMi_tp	PIF-Harbinger	DNA/PIF-Harbinger	605	Harbinger-5_AMi_tp#DNA/PIF-Harbinger RBRM:Harbinger-5_AMi rev:1 frameshifts:1 cds_range:2604-790 R, via tfasty with Harbinger-1_Crp_tp [Crocodylia]
Harbinger-5_BF_tp	PIF-Harbinger	DNA/PIF-Harbinger	426	Harbinger-5_BF_tp#DNA/PIF-Harbinger RBRM:Harbinger-5_BF stops:1 cds_range:589-1867 via tfasty with Harb_Cis1_454-1581 [Branchiostoma floridae]
Harbinger-5_CCri_2p	PIF-Harbinger	DNA/PIF-Harbinger	430	Harbinger-5_CCri_2p#DNA/PIF-Harbinger RBRM:Harbinger-5_CCri rev:1 cds_range:5197-3907 [Chondrus crispus]
Harbinger-5_CPB_tp	PIF-Harbinger	DNA/PIF-Harbinger	447	Harbinger-5_CPB_tp#DNA/PIF-Harbinger RBRM:Harbinger-5_CPB cds_range:238-1579 [Chrysemys picta bellii]
Harbinger-5_MLP_tp	PIF-Harbinger	DNA/PIF-Harbinger	446	Harbinger-5_MLP_tp#DNA/PIF-Harbinger RBRM:Harbinger-5_MLP cds_range:149-1543 exons:149-1001;1057-1543 via genewise with VHARB4_VV_tp [Melampsora larici-populina]
Harbinger-5_XT_tp	PIF-Harbinger	DNA/PIF-Harbinger	362	Harbinger-5_XT_tp#DNA/PIF-Harbinger RBRM:Harbinger-5_XT cds_range:326-1598 exons:326-1019;1205-1598 [Xenopus (silurana) tropicalis]
Harbinger-6_CCri_1p	PIF-Harbinger	DNA/PIF-Harbinger	400	Harbinger-6_CCri_1p#DNA/PIF-Harbinger RBRM:Harbinger-6_CCri cds_range:402-1602 [Chondrus crispus]
Harbinger-6_CCri_tp	PIF-Harbinger	DNA/PIF-Harbinger	462	Harbinger-6_CCri_tp#DNA/PIF-Harbinger RBRM:Harbinger-6_CCri rev:1 cds_range:3320-1934 [Chondrus crispus]
Harbinger-6_CGi_tp	PIF-Harbinger	DNA/PIF-Harbinger	433	Harbinger-6_CGi_tp#DNA/PIF-Harbinger RBRM:Harbinger-6_CGi cds_range:478-1777 [Crassostrea gigas]
Harbinger-6_MLP_tp	PIF-Harbinger	DNA/PIF-Harbinger	471	Harbinger-6_MLP_tp#DNA/PIF-Harbinger RBRM:Harbinger-6_MLP cds_range:177-1773 exons:177-584;650-837;899-1234;1289-1773 via genescan [Melampsora larici-populina]
Harbinger-6_PGr_tp	PIF-Harbinger	DNA/PIF-Harbinger	424	Harbinger-6_PGr_tp#DNA/PIF-Harbinger RBRM:Harbinger-6_PGr rev:1 cds_range:3064-1792 [Puccinia graminis f. sp. tritici crl 75-36-700-3]
Harbinger-6_PI_2p	PIF-Harbinger	DNA/PIF-Harbinger	274	Harbinger-6_PI_2p#DNA/PIF-Harbinger RBRM:Harbinger-6_PI rev:1 cds_range:2330-1508 [Phytophthora infestans]
Harbinger-6_PI_tp	PIF-Harbinger	DNA/PIF-Harbinger	428	Harbinger-6_PI_tp#DNA/PIF-Harbinger RBRM:Harbinger-6_PI cds_range:166-1450 [Phytophthora infestans]
Harbinger-7_CCri_tp	PIF-Harbinger	DNA/PIF-Harbinger	445	Harbinger-7_CCri_tp#DNA/PIF-Harbinger RBRM:Harbinger-7_CCri rev:1 cds_range:4691-3356 [Chondrus crispus]
Harbinger-7_MLP_tp	PIF-Harbinger	DNA/PIF-Harbinger	462	Harbinger-7_MLP_tp#DNA/PIF-Harbinger RBRM:Harbinger-7_MLP cds_range:231-1686 exons:231-1256;1325-1686 via genewise with Harbinger-10_PGr_tp [Melampsora larici-populina]
Harbinger-7_PGr_tp	PIF-Harbinger	DNA/PIF-Harbinger	442	Harbinger-7_PGr_tp#DNA/PIF-Harbinger RBRM:Harbinger-7_PGr stops:2 cds_range:230-1698 exons:230-910;975-1242;1319-1698 via genewise with Harbinger-10_PGr_tp [Puccinia graminis f. sp. tritici crl 75-36-700-3]
Harbinger-7_PI_tp	PIF-Harbinger	DNA/PIF-Harbinger	420	Harbinger-7_PI_tp#DNA/PIF-Harbinger RBRM:Harbinger-7_PI cds_range:108-1368 [Phytophthora infestans]
Harbinger-8_CCri_tp	PIF-Harbinger	DNA/PIF-Harbinger	325	Harbinger-8_CCri_tp#DNA/PIF-Harbinger RBRM:Harbinger-8_CCri rev:1 cds_range:4834-3859 [Chondrus crispus]
Harbinger-8_CPB_tp	PIF-Harbinger	DNA/PIF-Harbinger	379	Harbinger-8_CPB_tp#DNA/PIF-Harbinger RBRM:Harbinger-8_CPB cds_range:539-1676 [Chrysemys picta bellii]
Harbinger-8_PI_2p	PIF-Harbinger	DNA/PIF-Harbinger	278	Harbinger-8_PI_2p#DNA/PIF-Harbinger RBRM:Harbinger-8_PI rev:1 cds_range:2271-1437 [Phytophthora infestans]
Harbinger-8_PI_tp	PIF-Harbinger	DNA/PIF-Harbinger	435	Harbinger-8_PI_tp#DNA/PIF-Harbinger RBRM:Harbinger-8_PI cds_range:130-1435 [Phytophthora infestans]
Harbinger-9_CCri_3p	PIF-Harbinger	DNA/PIF-Harbinger	648	Harbinger-9_CCri_3p#DNA/PIF-Harbinger RBRM:Harbinger-9_CCri rev:1 cds_range:9961-8017 [Chondrus crispus]
Harbinger-9_PGr_tp	PIF-Harbinger	DNA/PIF-Harbinger	437	Harbinger-9_PGr_tp#DNA/PIF-Harbinger RBRM:Harbinger-9_PGr cds_range:134-1511 exons:134-478;544-1511 via genewise with HARB-3_Mad_tp [Puccinia graminis f. sp. tritici crl 75-36-700-3]
Harbinger-9_PI_2p	PIF-Harbinger	DNA/PIF-Harbinger	259	Harbinger-9_PI_2p#DNA/PIF-Harbinger RBRM:Harbinger-9_PI rev:1 cds_range:2374-1597 [Phytophthora infestans]
Harbinger-9_PI_tp	PIF-Harbinger	DNA/PIF-Harbinger	425	Harbinger-9_PI_tp#DNA/PIF-Harbinger RBRM:Harbinger-9_PI cds_range:170-1445 [Phytophthora infestans]
Harbinger-10_CCri_tp	PIF-Harbinger	DNA/PIF-Harbinger	488	Harbinger-10_CCri_tp#DNA/PIF-Harbinger RBRM:Harbinger-10_CCri cds_range:346-1810 [Chondrus crispus]
Harbinger-10_PGr_tp	PIF-Harbinger	DNA/PIF-Harbinger	444	Harbinger-10_PGr_tp#DNA/PIF-Harbinger RBRM:Harbinger-10_PGr cds_range:221-1553 [Puccinia graminis f. sp. tritici crl 75-36-700-3]
Harbinger-10_PI_2p	PIF-Harbinger	DNA/PIF-Harbinger	282	Harbinger-10_PI_2p#DNA/PIF-Harbinger RBRM:Harbinger-10_PI rev:1 cds_range:2472-1626 [Phytophthora infestans]
Harbinger-10_PI_tp	PIF-Harbinger	DNA/PIF-Harbinger	365	Harbinger-10_PI_tp#DNA/PIF-Harbinger RBRM:Harbinger-10_PI cds_range:463-1558 [Phytophthora infestans]
Harbinger-10_PSt_tp	PIF-Harbinger	DNA/PIF-Harbinger	425	Harbinger-10_PSt_tp#DNA/PIF-Harbinger RBRM:Harbinger-10_PSt cds_range:1212-2560 exons:1212-1672;1742-2560 via genewise with Harbinger-2_PTrit_tp [Puccinia striiformis]
Harbinger-11_CCri_3p	PIF-Harbinger	DNA/PIF-Harbinger	583	Harbinger-11_CCri_3p#DNA/PIF-Harbinger RBRM:Harbinger-11_CCri rev:1 cds_range:6997-5248 [Chondrus crispus]
Harbinger-11_PI_2p	PIF-Harbinger	DNA/PIF-Harbinger	285	Harbinger-11_PI_2p#DNA/PIF-Harbinger RBRM:Harbinger-11_PI rev:1 cds_range:2296-1441 [Phytophthora infestans]
Harbinger-11_PI_tp	PIF-Harbinger	DNA/PIF-Harbinger	437	Harbinger-11_PI_tp#DNA/PIF-Harbinger RBRM:Harbinger-11_PI cds_range:139-1450 [Phytophthora infestans]
Harbinger-12_CCri_tp	PIF-Harbinger	DNA/PIF-Harbinger	391	Harbinger-12_CCri_tp#DNA/PIF-Harbinger RBRM:Harbinger-12_CCri cds_range:162-1335 [Chondrus crispus]
Harbinger-12_PI_2p	PIF-Harbinger	DNA/PIF-Harbinger	257	Harbinger-12_PI_2p#DNA/PIF-Harbinger RBRM:Harbinger-12_PI rev:1 cds_range:2409-1638 [Phytophthora infestans]
Harbinger-12_PI_tp	PIF-Harbinger	DNA/PIF-Harbinger	348	Harbinger-12_PI_tp#DNA/PIF-Harbinger RBRM:Harbinger-12_PI cds_range:526-1570 [Phytophthora infestans]
Harbinger-13_PI_2p	PIF-Harbinger	DNA/PIF-Harbinger	277	Harbinger-13_PI_2p#DNA/PIF-Harbinger RBRM:Harbinger-13_PI rev:1 cds_range:2453-1622 [Phytophthora infestans]
Harbinger-13_PI_tp	PIF-Harbinger	DNA/PIF-Harbinger	378	Harbinger-13_PI_tp#DNA/PIF-Harbinger RBRM:Harbinger-13_PI cds_range:379-1513 [Phytophthora infestans]
Harbinger-14_PI_tp	PIF-Harbinger	DNA/PIF-Harbinger	415	Harbinger-14_PI_tp#DNA/PIF-Harbinger RBRM:Harbinger-14_PI cds_range:214-1459 [Phytophthora infestans]
Harbinger-15_PI_tp	PIF-Harbinger	DNA/PIF-Harbinger	396	Harbinger-15_PI_tp#DNA/PIF-Harbinger RBRM:Harbinger-15_PI cds_range:163-1351 [Phytophthora infestans]
Harbinger-16_CCri_tp	PIF-Harbinger	DNA/PIF-Harbinger	394	Harbinger-16_CCri_tp#DNA/PIF-Harbinger RBRM:Harbinger-16_CCri cds_range:201-1383 [Chondrus crispus]
Harbinger-17_CCri_2p	PIF-Harbinger	DNA/PIF-Harbinger	304	Harbinger-17_CCri_2p#DNA/PIF-Harbinger RBRM:Harbinger-17_CCri rev:1 cds_range:2531-1619 [Chondrus crispus]
Harbinger-17_CCri_tp	PIF-Harbinger	DNA/PIF-Harbinger	394	Harbinger-17_CCri_tp#DNA/PIF-Harbinger RBRM:Harbinger-17_CCri cds_range:281-1463 [Chondrus crispus]
Harbinger-17_PGr_tp	PIF-Harbinger	DNA/PIF-Harbinger	444	Harbinger-17_PGr_tp#DNA/PIF-Harbinger RBRM:Harbinger-17_PGr cds_range:181-1570 exons:181-525;582-1570 via genewise with HARB-3_Mad_tp [Puccinia graminis f. sp. tritici crl 75-36-700-3]
Harbinger-18_CCri_2p	PIF-Harbinger	DNA/PIF-Harbinger	280	Harbinger-18_CCri_2p#DNA/PIF-Harbinger RBRM:Harbinger-18_CCri rev:1 cds_range:3893-3053 [Chondrus crispus]
Harbinger-18_CCri_tp	PIF-Harbinger	DNA/PIF-Harbinger	379	Harbinger-18_CCri_tp#DNA/PIF-Harbinger RBRM:Harbinger-18_CCri cds_range:259-1396 [Chondrus crispus]
Harbinger-20_CCri_2p	PIF-Harbinger	DNA/PIF-Harbinger	275	Harbinger-20_CCri_2p#DNA/PIF-Harbinger RBRM:Harbinger-20_CCri rev:1 cds_range:2396-1571 [Chondrus crispus]
Harbinger-20_CCri_tp	PIF-Harbinger	DNA/PIF-Harbinger	420	Harbinger-20_CCri_tp#DNA/PIF-Harbinger RBRM:Harbinger-20_CCri cds_range:130-1390 [Chondrus crispus]
Harbinger-27_CCri_2p	PIF-Harbinger	DNA/PIF-Harbinger	454	Harbinger-27_CCri_2p#DNA/PIF-Harbinger RBRM:Harbinger-27_CCri rev:1 cds_range:6848-5486 [Chondrus crispus]
Harbinger-27_CCri_tp	PIF-Harbinger	DNA/PIF-Harbinger	425	Harbinger-27_CCri_tp#DNA/PIF-Harbinger RBRM:Harbinger-27_CCri cds_range:251-1526 [Chondrus crispus]
Harbinger-28_CCri_tp	PIF-Harbinger	DNA/PIF-Harbinger	398	Harbinger-28_CCri_tp#DNA/PIF-Harbinger RBRM:Harbinger-28_CCri cds_range:187-1381 [Chondrus crispus]
Harbinger-31_CCri_2p	PIF-Harbinger	DNA/PIF-Harbinger	292	Harbinger-31_CCri_2p#DNA/PIF-Harbinger RBRM:Harbinger-31_CCri rev:1 cds_range:2398-1522 [Chondrus crispus]
Harbinger-31_CCri_tp	PIF-Harbinger	DNA/PIF-Harbinger	395	Harbinger-31_CCri_tp#DNA/PIF-Harbinger RBRM:Harbinger-31_CCri cds_range:201-1386 [Chondrus crispus]
Harbinger-32_CCri_1p	PIF-Harbinger	DNA/PIF-Harbinger	339	Harbinger-32_CCri_1p#DNA/PIF-Harbinger RBRM:Harbinger-32_CCri cds_range:345-1362 [Chondrus crispus]
Harbinger-33_CCri_2p	PIF-Harbinger	DNA/PIF-Harbinger	270	Harbinger-33_CCri_2p#DNA/PIF-Harbinger RBRM:Harbinger-33_CCri rev:1 cds_range:2273-1463 [Chondrus crispus]
Harbinger-33_CCri_tp	PIF-Harbinger	DNA/PIF-Harbinger	409	Harbinger-33_CCri_tp#DNA/PIF-Harbinger RBRM:Harbinger-33_CCri cds_range:121-1348 [Chondrus crispus]
Harbinger-34_CCri_tp	PIF-Harbinger	DNA/PIF-Harbinger	394	Harbinger-34_CCri_tp#DNA/PIF-Harbinger RBRM:Harbinger-34_CCri cds_range:201-1383 [Chondrus crispus]
Harbinger-35_CCri_1p	PIF-Harbinger	DNA/PIF-Harbinger	418	Harbinger-35_CCri_1p#DNA/PIF-Harbinger RBRM:Harbinger-35_CCri cds_range:429-1683 [Chondrus crispus]
Harbinger-35_CCri_tp	PIF-Harbinger	DNA/PIF-Harbinger	466	Harbinger-35_CCri_tp#DNA/PIF-Harbinger RBRM:Harbinger-35_CCri rev:1 cds_range:4060-2662 [Chondrus crispus]
Harbinger-36_CCri_2p	PIF-Harbinger	DNA/PIF-Harbinger	424	Harbinger-36_CCri_2p#DNA/PIF-Harbinger RBRM:Harbinger-36_CCri rev:1 cds_range:2653-1381 [Chondrus crispus]
Harbinger-36_CCri_tp	PIF-Harbinger	DNA/PIF-Harbinger	382	Harbinger-36_CCri_tp#DNA/PIF-Harbinger RBRM:Harbinger-36_CCri cds_range:179-1325 [Chondrus crispus]
Harbinger-38_CCri_tp	PIF-Harbinger	DNA/PIF-Harbinger	394	Harbinger-38_CCri_tp#DNA/PIF-Harbinger RBRM:Harbinger-38_CCri cds_range:231-1413 [Chondrus crispus]
Harbinger-41_CCri_tp	PIF-Harbinger	DNA/PIF-Harbinger	429	Harbinger-41_CCri_tp#DNA/PIF-Harbinger RBRM:Harbinger-41_CCri cds_range:421-1708 [Chondrus crispus]
Harbinger-42_CCri_tp	PIF-Harbinger	DNA/PIF-Harbinger	403	Harbinger-42_CCri_tp#DNA/PIF-Harbinger RBRM:Harbinger-42_CCri cds_range:200-1409 [Chondrus crispus]
Harbinger-43_CCri_2p	PIF-Harbinger	DNA/PIF-Harbinger	701	Harbinger-43_CCri_2p#DNA/PIF-Harbinger RBRM:Harbinger-43_CCri rev:1 cds_range:5549-3446 [Chondrus crispus]
Harbinger-43_CCri_tp	PIF-Harbinger	DNA/PIF-Harbinger	505	Harbinger-43_CCri_tp#DNA/PIF-Harbinger RBRM:Harbinger-43_CCri cds_range:114-1629 [Chondrus crispus]
Harbinger-44_CCri_2p	PIF-Harbinger	DNA/PIF-Harbinger	295	Harbinger-44_CCri_2p#DNA/PIF-Harbinger RBRM:Harbinger-44_CCri rev:1 cds_range:2740-1855 [Chondrus crispus]
Harbinger-44_CCri_tp	PIF-Harbinger	DNA/PIF-Harbinger	393	Harbinger-44_CCri_tp#DNA/PIF-Harbinger RBRM:Harbinger-44_CCri cds_range:210-1389 [Chondrus crispus]
Harbinger-45_CCri_2p	PIF-Harbinger	DNA/PIF-Harbinger	291	Harbinger-45_CCri_2p#DNA/PIF-Harbinger RBRM:Harbinger-45_CCri rev:1 cds_range:4089-3216 [Chondrus crispus]
Harbinger-45_CCri_tp	PIF-Harbinger	DNA/PIF-Harbinger	396	Harbinger-45_CCri_tp#DNA/PIF-Harbinger RBRM:Harbinger-45_CCri cds_range:210-1398 [Chondrus crispus]
Harbinger-46_CCri_2p	PIF-Harbinger	DNA/PIF-Harbinger	547	Harbinger-46_CCri_2p#DNA/PIF-Harbinger RBRM:Harbinger-46_CCri rev:1 cds_range:6277-4636 [Chondrus crispus]
Harbinger-46_CCri_tp	PIF-Harbinger	DNA/PIF-Harbinger	480	Harbinger-46_CCri_tp#DNA/PIF-Harbinger RBRM:Harbinger-46_CCri cds_range:245-1685 [Chondrus crispus]
Harbinger-47_CCri_3p	PIF-Harbinger	DNA/PIF-Harbinger	575	Harbinger-47_CCri_3p#DNA/PIF-Harbinger RBRM:Harbinger-47_CCri rev:1 cds_range:8271-6546 [Chondrus crispus]
Harbinger-48_CCri_2p	PIF-Harbinger	DNA/PIF-Harbinger	469	Harbinger-48_CCri_2p#DNA/PIF-Harbinger RBRM:Harbinger-48_CCri rev:1 cds_range:3416-2009 [Chondrus crispus]
Harbinger-48_CCri_tp	PIF-Harbinger	DNA/PIF-Harbinger	422	Harbinger-48_CCri_tp#DNA/PIF-Harbinger RBRM:Harbinger-48_CCri cds_range:231-1497 [Chondrus crispus]
Harbinger-49_CCri_2p	PIF-Harbinger	DNA/PIF-Harbinger	320	Harbinger-49_CCri_2p#DNA/PIF-Harbinger RBRM:Harbinger-49_CCri rev:1 cds_range:2406-1446 [Chondrus crispus]
Harbinger-49_CCri_tp	PIF-Harbinger	DNA/PIF-Harbinger	395	Harbinger-49_CCri_tp#DNA/PIF-Harbinger RBRM:Harbinger-49_CCri cds_range:189-1374 [Chondrus crispus]
Harbinger-50_CCri_2p	PIF-Harbinger	DNA/PIF-Harbinger	368	Harbinger-50_CCri_2p#DNA/PIF-Harbinger RBRM:Harbinger-50_CCri rev:1 cds_range:2558-1454 [Chondrus crispus]
Harbinger-51_CCri_2p	PIF-Harbinger	DNA/PIF-Harbinger	293	Harbinger-51_CCri_2p#DNA/PIF-Harbinger RBRM:Harbinger-51_CCri rev:1 cds_range:2252-1373 [Chondrus crispus]
Harbinger-51_CCri_tp	PIF-Harbinger	DNA/PIF-Harbinger	377	Harbinger-51_CCri_tp#DNA/PIF-Harbinger RBRM:Harbinger-51_CCri cds_range:177-1308 [Chondrus crispus]
Harbinger-52_CCri_tp	PIF-Harbinger	DNA/PIF-Harbinger	444	Harbinger-52_CCri_tp#DNA/PIF-Harbinger RBRM:Harbinger-52_CCri cds_range:277-1609 [Chondrus crispus]
Harbinger-53_CCri_tp	PIF-Harbinger	DNA/PIF-Harbinger	448	Harbinger-53_CCri_tp#DNA/PIF-Harbinger RBRM:Harbinger-53_CCri cds_range:53-1397 [Chondrus crispus]
Harbinger-54_CCri_2p	PIF-Harbinger	DNA/PIF-Harbinger	373	Harbinger-54_CCri_2p#DNA/PIF-Harbinger RBRM:Harbinger-54_CCri rev:1 cds_range:2452-1333 [Chondrus crispus]
Harbinger-54_CCri_tp	PIF-Harbinger	DNA/PIF-Harbinger	380	Harbinger-54_CCri_tp#DNA/PIF-Harbinger RBRM:Harbinger-54_CCri cds_range:180-1320 [Chondrus crispus]
Harbinger-55_CCri_tp	PIF-Harbinger	DNA/PIF-Harbinger	443	Harbinger-55_CCri_tp#DNA/PIF-Harbinger RBRM:Harbinger-55_CCri frameshifts:2 cds_range:114-1443 via tfasty with Harbinger-7_CCri_tp [Chondrus crispus]
Harbinger-56_CCri_tp	PIF-Harbinger	DNA/PIF-Harbinger	451	Harbinger-56_CCri_tp#DNA/PIF-Harbinger RBRM:Harbinger-56_CCri rev:1 cds_range:5191-3838 [Chondrus crispus]
Harbinger-57B_CCri_2p	PIF-Harbinger	DNA/PIF-Harbinger	328	Harbinger-57B_CCri_2p#DNA/PIF-Harbinger RBRM:Harbinger-57B_CCri rev:1 cds_range:2558-1574 [Chondrus crispus]
Harbinger-57B_CCri_tp	PIF-Harbinger	DNA/PIF-Harbinger	401	Harbinger-57B_CCri_tp#DNA/PIF-Harbinger RBRM:Harbinger-57B_CCri cds_range:200-1403 [Chondrus crispus]
Harbinger-58B_CCri_1p	PIF-Harbinger	DNA/PIF-Harbinger	288	Harbinger-58B_CCri_1p#DNA/PIF-Harbinger RBRM:Harbinger-58B_CCri rev:1 cds_range:1698-834 [Chondrus crispus]
Harbinger-59_CCri_2p	PIF-Harbinger	DNA/PIF-Harbinger	535	Harbinger-59_CCri_2p#DNA/PIF-Harbinger RBRM:Harbinger-59_CCri rev:1 frameshifts:1 cds_range:9629-8025 via tfasty with Harbinger-68_CCri_2,
Harbinger-59_CCri_tp	PIF-Harbinger	DNA/PIF-Harbinger	437	Harbinger-59_CCri_tp#DNA/PIF-Harbinger RBRM:Harbinger-59_CCri rev:1 cds_range:3267-1956 [Chondrus crispus]
Harbinger-60_CCri_1p	PIF-Harbinger	DNA/PIF-Harbinger	354	Harbinger-60_CCri_1p#DNA/PIF-Harbinger RBRM:Harbinger-60_CCri cds_range:360-1422 [Chondrus crispus]
Harbinger-60_CCri_tp	PIF-Harbinger	DNA/PIF-Harbinger	497	Harbinger-60_CCri_tp#DNA/PIF-Harbinger RBRM:Harbinger-60_CCri rev:1 cds_range:3038-1547 [Chondrus crispus]
Harbinger-61_CCri_2p	PIF-Harbinger	DNA/PIF-Harbinger	346	Harbinger-61_CCri_2p#DNA/PIF-Harbinger RBRM:Harbinger-61_CCri rev:1 cds_range:2438-1400 [Chondrus crispus]
Harbinger-61_CCri_tp	PIF-Harbinger	DNA/PIF-Harbinger	379	Harbinger-61_CCri_tp#DNA/PIF-Harbinger RBRM:Harbinger-61_CCri cds_range:227-1364 [Chondrus crispus]
Harbinger-62_CCri_2p	PIF-Harbinger	DNA/PIF-Harbinger	367	Harbinger-62_CCri_2p#DNA/PIF-Harbinger RBRM:Harbinger-62_CCri rev:1 cds_range:5023-3922 [Chondrus crispus]
Harbinger-64_CCri_2p	PIF-Harbinger	DNA/PIF-Harbinger	342	Harbinger-64_CCri_2p#DNA/PIF-Harbinger RBRM:Harbinger-64_CCri rev:1 cds_range:2499-1473 [Chondrus crispus]
Harbinger-64_CCri_tp	PIF-Harbinger	DNA/PIF-Harbinger	407	Harbinger-64_CCri_tp#DNA/PIF-Harbinger RBRM:Harbinger-64_CCri cds_range:82-1303 [Chondrus crispus]
Harbinger-65_CCri_tp	PIF-Harbinger	DNA/PIF-Harbinger	397	Harbinger-65_CCri_tp#DNA/PIF-Harbinger RBRM:Harbinger-65_CCri cds_range:160-1351 [Chondrus crispus]
Harbinger-66_CCri_2p	PIF-Harbinger	DNA/PIF-Harbinger	255	Harbinger-66_CCri_2p#DNA/PIF-Harbinger RBRM:Harbinger-66_CCri rev:1 cds_range:2349-1584 [Chondrus crispus]
Harbinger-66_CCri_tp	PIF-Harbinger	DNA/PIF-Harbinger	394	Harbinger-66_CCri_tp#DNA/PIF-Harbinger RBRM:Harbinger-66_CCri cds_range:194-1376 [Chondrus crispus]
Harbinger-68_CCri_2p	PIF-Harbinger	DNA/PIF-Harbinger	541	Harbinger-68_CCri_2p#DNA/PIF-Harbinger RBRM:Harbinger-68_CCri rev:1 cds_range:6173-4550 [Chondrus crispus]
Harbinger-69_CCri_2p	PIF-Harbinger	DNA/PIF-Harbinger	548	Harbinger-69_CCri_2p#DNA/PIF-Harbinger RBRM:Harbinger-69_CCri rev:1 cds_range:5261-3617 [Chondrus crispus]
Harbinger-71_CCri_tp	PIF-Harbinger	DNA/PIF-Harbinger	505	Harbinger-71_CCri_tp#DNA/PIF-Harbinger RBRM:Harbinger-71_CCri cds_range:407-1922 [Chondrus crispus]
Harbinger-73_CCri_tp	PIF-Harbinger	DNA/PIF-Harbinger	425	Harbinger-73_CCri_tp#DNA/PIF-Harbinger RBRM:Harbinger-73_CCri cds_range:720-1995 [Chondrus crispus]
Harbinger-75_CCri_2p	PIF-Harbinger	DNA/PIF-Harbinger	346	Harbinger-75_CCri_2p#DNA/PIF-Harbinger RBRM:Harbinger-75_CCri rev:1 cds_range:2789-1751 [Chondrus crispus]
Harbinger-75_CCri_tp	PIF-Harbinger	DNA/PIF-Harbinger	477	Harbinger-75_CCri_tp#DNA/PIF-Harbinger RBRM:Harbinger-75_CCri cds_range:146-1577 [Chondrus crispus]
Harbinger-77_CCri_2p	PIF-Harbinger	DNA/PIF-Harbinger	524	Harbinger-77_CCri_2p#DNA/PIF-Harbinger RBRM:Harbinger-77_CCri rev:1 cds_range:3020-1448 [Chondrus crispus]
Harbinger_tp	PIF-Harbinger	DNA/PIF-Harbinger	404	Harbinger_tp#DNA/PIF-Harbinger RBRM:Harbinger cds_range:3281-4493 [Arabidopsis]
MTIS112A_tp	PIF-Harbinger	DNA/PIF-Harbinger	426	MTIS112A_tp#DNA/PIF-Harbinger RBRM:MTIS112A cds_range:2228-3506 [Medicago truncatula]
MtPH-A5-Ia_tp	PIF-Harbinger	DNA/PIF-Harbinger	438	MtPH-A5-Ia_tp#DNA/PIF-Harbinger RBRM:MtPH-A5-Ia stops:2 cds_range:1250-2564 via tfasty with Harbinger_tp [Medicago truncatula]
MtPH-A6-2-Ia_tp	PIF-Harbinger	DNA/PIF-Harbinger	393	MtPH-A6-2-Ia_tp#DNA/PIF-Harbinger RBRM:MtPH-A6-2-Ia cds_range:946-2268 exons:946-1452;1522-1748;1821-2268 via genewise with Harbinger_tp [Medicago truncatula]
MtPH-A6-4-Ia_tp	PIF-Harbinger	DNA/PIF-Harbinger	408	MtPH-A6-4-Ia_tp#DNA/PIF-Harbinger RBRM:MtPH-A6-4-Ia cds_range:686-1993 exons:686-1436;1519-1993 via genewise with MtPH-A6-2-Ia_tp [Medicago truncatula]
MtPH-M-3-Ia_tp	PIF-Harbinger	DNA/PIF-Harbinger	404	MtPH-M-3-Ia_tp#DNA/PIF-Harbinger RBRM:MtPH-M-3-Ia cds_range:2390-3677 exons:2390-3140;3215-3677 via genewise with Harbinger_tp, MtPH-M-2-Ia_tp very similar. [Medicago truncatula]
Senkusha1_tp	PIF-Harbinger	DNA/PIF-Harbinger	331	Senkusha1_tp#DNA/PIF-Harbinger RBRM:Senkusha1 cds_range:712-1705 [Takifugu]
VHARB4_VV_tp	PIF-Harbinger	DNA/PIF-Harbinger	446	VHARB4_VV_tp#DNA/PIF-Harbinger RBRM:VHARB4_VV stops:1 cds_range:3174-4512 via genewise with HARB-3_STu_tp [Vitis vinifera]
Harbinger-20_PGr_2p	PIF-Harbinger	DNA/PIF-Harbinger	453	Harbinger-20_PGr_2p#DNA/PIF-Harbinger RBRM:Harbinger-20_PGr rev:1 cds_range:3525-2166 [Puccinia graminis]
Harbinger-21_CCri_tp	PIF-Harbinger	DNA/PIF-HarbS	387	Harbinger-21_CCri_tp#DNA/PIF-HarbS RBRM:Harbinger-21_CCri cds_range:200-1361 [Chondrus crispus]
Harbinger-22_CCri_tp	PIF-Harbinger	DNA/PIF-HarbS	390	Harbinger-22_CCri_tp#DNA/PIF-HarbS RBRM:Harbinger-22_CCri cds_range:248-1418 [Chondrus crispus]
Harbinger-23_CCri_2p	PIF-Harbinger	DNA/PIF-HarbS	451	Harbinger-23_CCri_2p#DNA/PIF-HarbS RBRM:Harbinger-23_CCri rev:1 cds_range:2901-1548 [Chondrus crispus]
Harbinger-23_CCri_tp	PIF-Harbinger	DNA/PIF-HarbS	394	Harbinger-23_CCri_tp#DNA/PIF-HarbS RBRM:Harbinger-23_CCri cds_range:235-1417 [Chondrus crispus]
Harbinger-24_CCri_2p	PIF-Harbinger	DNA/PIF-HarbS	418	Harbinger-24_CCri_2p#DNA/PIF-HarbS RBRM:Harbinger-24_CCri rev:1 cds_range:2615-1361 [Chondrus crispus]
Harbinger-24_CCri_tp	PIF-Harbinger	DNA/PIF-HarbS	411	Harbinger-24_CCri_tp#DNA/PIF-HarbS RBRM:Harbinger-24_CCri cds_range:109-1342 [Chondrus crispus]
Harbinger-25_CCri_2p	PIF-Harbinger	DNA/PIF-HarbS	351	Harbinger-25_CCri_2p#DNA/PIF-HarbS RBRM:Harbinger-25_CCri rev:1 cds_range:2514-1461 [Chondrus crispus]
Harbinger-25_CCri_tp	PIF-Harbinger	DNA/PIF-HarbS	392	Harbinger-25_CCri_tp#DNA/PIF-HarbS RBRM:Harbinger-25_CCri cds_range:277-1453 [Chondrus crispus]
Harbinger-26_CCri_2p	PIF-Harbinger	DNA/PIF-HarbS	393	Harbinger-26_CCri_2p#DNA/PIF-HarbS RBRM:Harbinger-26_CCri rev:1 cds_range:4839-3660 [Chondrus crispus]
Harbinger-63_CCri_tp	PIF-Harbinger	DNA/PIF-HarbS	418	Harbinger-63_CCri_tp#DNA/PIF-HarbS RBRM:Harbinger-63_CCri cds_range:555-1809 [Chondrus crispus]
HarbingerS-1_PI_3p	PIF-Harbinger	DNA/PIF-HarbS	403	HarbingerS-1_PI_3p#DNA/PIF-HarbS RBRM:HarbingerS-1_PI rev:1 cds_range:3023-1814 [Phytophthora infestans]
HarbingerS-1_PSo_3p	PIF-Harbinger	DNA/PIF-HarbS	402	HarbingerS-1_PSo_3p#DNA/PIF-HarbS RBRM:HarbingerS-1_PSo rev:1 cds_range:2996-1790 [Phytophthora sojae]
HarbingerS-1_PSo_tp	PIF-Harbinger	DNA/PIF-HarbS	385	HarbingerS-1_PSo_tp#DNA/PIF-HarbS RBRM:HarbingerS-1_PSo cds_range:156-1434 exons:156-400;460-821;884-1434 Genscan prediction [Phytophthora sojae]
HarbingerS-2_PI_3p	PIF-Harbinger	DNA/PIF-HarbS	385	HarbingerS-2_PI_3p#DNA/PIF-HarbS RBRM:HarbingerS-2_PI rev:1 cds_range:2958-1803 [Phytophthora infestans]
HarbingerS-2_PI_tp	PIF-Harbinger	DNA/PIF-HarbS	386	HarbingerS-2_PI_tp#DNA/PIF-HarbS RBRM:HarbingerS-2_PI cds_range:263-1562 exons:263-513;580-941;1015-1562 via genewise with HarbingerS-4_PI_tp [Phytophthora infestans]
HarbingerS-2_PSo_2p	PIF-Harbinger	DNA/PIF-HarbS	449	HarbingerS-2_PSo_2p#DNA/PIF-HarbS RBRM:HarbingerS-2_PSo rev:1 cds_range:4884-3537 (SET domain) [Phytophthora sojae]
HarbingerS-2_PSo_3p	PIF-Harbinger	DNA/PIF-HarbS	419	HarbingerS-2_PSo_3p#DNA/PIF-HarbS RBRM:HarbingerS-2_PSo rev:1 cds_range:3019-1762 [Phytophthora sojae]
HarbingerS-2_PSo_tp	PIF-Harbinger	DNA/PIF-HarbS	366	HarbingerS-2_PSo_tp#DNA/PIF-HarbS RBRM:HarbingerS-2_PSo cds_range:204-1507 exons:204-448;574-869;948-1507 Genscan prediction [Phytophthora sojae]
HarbingerS-3_PI_3p	PIF-Harbinger	DNA/PIF-HarbS	380	HarbingerS-3_PI_3p#DNA/PIF-HarbS RBRM:HarbingerS-3_PI rev:1 cds_range:2941-1801 [Phytophthora infestans]
HarbingerS-3_PI_tp	PIF-Harbinger	DNA/PIF-HarbS	408	HarbingerS-3_PI_tp#DNA/PIF-HarbS RBRM:HarbingerS-3_PI cds_range:279-1568 exons:279-950;1015-1568 Genscan prediction [Phytophthora infestans]
HarbingerS-3_PSo_3p	PIF-Harbinger	DNA/PIF-HarbS	498	HarbingerS-3_PSo_3p#DNA/PIF-HarbS RBRM:HarbingerS-3_PSo rev:1 cds_range:3184-1690 [Phytophthora sojae]
HarbingerS-3_PSo_tp	PIF-Harbinger	DNA/PIF-HarbS	419	HarbingerS-3_PSo_tp#DNA/PIF-HarbS RBRM:HarbingerS-3_PSo cds_range:283-1614 exons:283-536;610-1614 Genscan prediction [Phytophthora sojae]
HarbingerS-4_PI_2p	PIF-Harbinger	DNA/PIF-HarbS	418	HarbingerS-4_PI_2p#DNA/PIF-HarbS RBRM:HarbingerS-4_PI rev:1 cds_range:4935-3681 (SET domain) [Phytophthora infestans]
HarbingerS-4_PI_tp	PIF-Harbinger	DNA/PIF-HarbS	383	HarbingerS-4_PI_tp#DNA/PIF-HarbS RBRM:HarbingerS-4_PI cds_range:284-1565 exons:284-531;594-955;1024-1565 Genscan prediction [Phytophthora infestans]
HarbingerS-5_PI_3p	PIF-Harbinger	DNA/PIF-HarbS	386	HarbingerS-5_PI_3p#DNA/PIF-HarbS RBRM:HarbingerS-5_PI rev:1 cds_range:2856-1698 [Phytophthora infestans]
HarbingerS-5_PI_tp	PIF-Harbinger	DNA/PIF-HarbS	388	HarbingerS-5_PI_tp#DNA/PIF-HarbS RBRM:HarbingerS-5_PI cds_range:283-1569 exons:283-536;597-958;1019-1569 Genscan prediction [Phytophthora infestans]
HarbingerS-6_PI_2p	PIF-Harbinger	DNA/PIF-HarbS	424	HarbingerS-6_PI_2p#DNA/PIF-HarbS RBRM:HarbingerS-6_PI rev:1 cds_range:4823-3551 (SET domain) [Phytophthora infestans]
HarbingerS-6_PI_3p	PIF-Harbinger	DNA/PIF-HarbS	411	HarbingerS-6_PI_3p#DNA/PIF-HarbS RBRM:HarbingerS-6_PI rev:1 cds_range:3018-1785 [Phytophthora infestans]
HarbingerS-6_PI_tp	PIF-Harbinger	DNA/PIF-HarbS	386	HarbingerS-6_PI_tp#DNA/PIF-HarbS RBRM:HarbingerS-6_PI cds_range:337-1655 exons:337-584;673-1037;1108-1655 Genscan prediction [Phytophthora infestans]
HarbingerS-7_PI_3p	PIF-Harbinger	DNA/PIF-HarbS	465	HarbingerS-7_PI_3p#DNA/PIF-HarbS RBRM:HarbingerS-7_PI rev:1 cds_range:2920-1525 [Phytophthora infestans]
HarbingerS-8_PI_3p	PIF-Harbinger	DNA/PIF-HarbS	342	HarbingerS-8_PI_3p#DNA/PIF-HarbS RBRM:HarbingerS-8_PI rev:1 cds_range:3153-2127 [Phytophthora infestans]
HarbingerS-9_PI_tp	PIF-Harbinger	DNA/PIF-HarbS	387	HarbingerS-9_PI_tp#DNA/PIF-HarbS RBRM:HarbingerS-9_PI cds_range:272-1565 exons:272-516;575-936;1009-1565 Genscan prediction [Phytophthora infestans]
IS4EU-1_AA_ex	PIF-Harbinger	DNA/PIF-ISL2EU	519	IS4EU-1_AA_ex#DNA/PIF-ISL2EU RBRM:IS4EU-1_AA rev:1 cds_range:3904-2050 exons:3904-3578;3335-3056;3001-2050 [Aedes aegypti]
IS4EU-1_AA_tp	PIF-Harbinger	DNA/PIF-ISL2EU	430	IS4EU-1_AA_tp#DNA/PIF-ISL2EU RBRM:IS4EU-1_AA cds_range:359-1919 exons:359-704;974-1919 , 976-1919 [Aedes aegypti]
IS4EU-1_BF_ex	PIF-Harbinger	DNA/PIF-ISL2EU	512	IS4EU-1_BF_ex#DNA/PIF-ISL2EU RBRM:IS4EU-1_BF rev:1 cds_range:5231-2229 exons:5231-5059;4899-4738;4521-4426;4130-3709;3186-3049;2784-2229 [Branchiostoma floridae]
IS4EU-1_BF_tp	PIF-Harbinger	DNA/PIF-ISL2EU	426	IS4EU-1_BF_tp#DNA/PIF-ISL2EU RBRM:IS4EU-1_BF cds_range:106-1979 exons:106-316;911-1979 [Branchiostoma floridae]
IS4EU-1_NV_tp	PIF-Harbinger	DNA/PIF-ISL2EU	538	IS4EU-1_NV_tp#DNA/PIF-ISL2EU RBRM:IS4EU-1_NV cds_range:107-1721 [Nematostella vectensis]
ISL2EU-1_ADi_ex	PIF-Harbinger	DNA/PIF-ISL2EU	559	ISL2EU-1_ADi_ex#DNA/PIF-ISL2EU RBRM:ISL2EU-1_ADi rev:1 cds_range:3773-2096 [Acropora digitifera]
ISL2EU-1_ADi_tp	PIF-Harbinger	DNA/PIF-ISL2EU	512	ISL2EU-1_ADi_tp#DNA/PIF-ISL2EU RBRM:ISL2EU-1_ADi cds_range:146-1954 exons:146-443;715-1954 via genewise with IS4EU-2_DR_tp [Acropora digitifera]
ISL2EU-1_CGi_ex	PIF-Harbinger	DNA/PIF-ISL2EU	502	ISL2EU-1_CGi_ex#DNA/PIF-ISL2EU RBRM:ISL2EU-1_CGi rev:1 cds_range:4027-2521 [Crassostrea gigas]
ISL2EU-1_CGi_tp	PIF-Harbinger	DNA/PIF-ISL2EU	420	ISL2EU-1_CGi_tp#DNA/PIF-ISL2EU RBRM:ISL2EU-1_CGi cds_range:1138-2395 [Crassostrea gigas]
ISL2EU-1_CS_ex	PIF-Harbinger	DNA/PIF-ISL2EU	439	ISL2EU-1_CS_ex#DNA/PIF-ISL2EU RBRM:ISL2EU-1_CS rev:1 cds_range:3414-2097 [Ciona savignyi]
ISL2EU-1_CS_tp	PIF-Harbinger	DNA/PIF-ISL2EU	392	ISL2EU-1_CS_tp#DNA/PIF-ISL2EU RBRM:ISL2EU-1_CS cds_range:669-1845 [Ciona savignyi]
ISL2EU-1_HM_ex	PIF-Harbinger	DNA/PIF-ISL2EU	597	ISL2EU-1_HM_ex#DNA/PIF-ISL2EU RBRM:ISL2EU-1_HM rev:1 cds_range:3794-1915 exons:3794-3473;3386-1915 R, Via genewise with ISL2EU-4_HM_ex  [Hydra vulgaris]
ISL2EU-1_HM_tp	PIF-Harbinger	DNA/PIF-ISL2EU	419	ISL2EU-1_HM_tp#DNA/PIF-ISL2EU RBRM:ISL2EU-1_HM cds_range:176-1816 exons:176-383;766-1816 Via genewise with IS4EU-1_BF_tp  [Hydra vulgaris]
ISL2EU-2_ADi_tp	PIF-Harbinger	DNA/PIF-ISL2EU	504	ISL2EU-2_ADi_tp#DNA/PIF-ISL2EU RBRM:ISL2EU-2_ADi cds_range:146-1658 [Acropora digitifera]
ISL2EU-2_HM_ex	PIF-Harbinger	DNA/PIF-ISL2EU	576	ISL2EU-2_HM_ex#DNA/PIF-ISL2EU RBRM:ISL2EU-2_HM rev:1 cds_range:4191-2463 [Hydra vulgaris]
ISL2EU-2_HM_tp	PIF-Harbinger	DNA/PIF-ISL2EU	528	ISL2EU-2_HM_tp#DNA/PIF-ISL2EU RBRM:ISL2EU-2_HM cds_range:123-1707 [Hydra vulgaris]
ISL2EU-2_NV_ex	PIF-Harbinger	DNA/PIF-ISL2EU	618	ISL2EU-2_NV_ex#DNA/PIF-ISL2EU RBRM:ISL2EU-2_NV rev:1 cds_range:3906-2052 [Nematostella vectensis]
ISL2EU-2_NV_tp	PIF-Harbinger	DNA/PIF-ISL2EU	540	ISL2EU-2_NV_tp#DNA/PIF-ISL2EU RBRM:ISL2EU-2_NV cds_range:168-1788 [Nematostella vectensis]
ISL2EU-2_SSa_ex	PIF-Harbinger	DNA/PIF-ISL2EU	515	ISL2EU-2_SSa_ex#DNA/PIF-ISL2EU RBRM:ISL2EU-2_SSa frameshifts:2 stops:1 cds_range:106-2493 exons:106-258;475-577;933-1251;1519-2493 via genewise with IS4EU-2_DR_ex [Salmo salar]
ISL2EU-3_HM_ex	PIF-Harbinger	DNA/PIF-ISL2EU	567	ISL2EU-3_HM_ex#DNA/PIF-ISL2EU RBRM:ISL2EU-3_HM rev:1 cds_range:3353-1652 [Hydra vulgaris]
ISL2EU-3_HM_tp	PIF-Harbinger	DNA/PIF-ISL2EU	498	ISL2EU-3_HM_tp#DNA/PIF-ISL2EU RBRM:ISL2EU-3_HM frameshifts:1 cds_range:120-1615 Via genewise with ISL2EU-2_HM_tp  [Hydra vulgaris]
ISL2EU-4_HM_ex	PIF-Harbinger	DNA/PIF-ISL2EU	585	ISL2EU-4_HM_ex#DNA/PIF-ISL2EU RBRM:ISL2EU-4_HM rev:1 cds_range:6583-4673 exons:6583-6359;6205-4673 R, Via genewise with IS4EU-1_NV_ex  [Hydra vulgaris]
ISL2EU-4_HM_tp	PIF-Harbinger	DNA/PIF-ISL2EU	519	ISL2EU-4_HM_tp#DNA/PIF-ISL2EU RBRM:ISL2EU-4_HM cds_range:115-2559 exons:115-316;392-524;600-699;1434-2559 Via genewise with IS4EU-1_NV_tp (; perhaps incorrectly spliced)  [Hydra vulgaris]
ISL2EU-5_HM_ex	PIF-Harbinger	DNA/PIF-ISL2EU	631	ISL2EU-5_HM_ex#DNA/PIF-ISL2EU RBRM:ISL2EU-5_HM rev:1 cds_range:3771-1878 [Hydra vulgaris]
ISL2EU-5_HM_tp	PIF-Harbinger	DNA/PIF-ISL2EU	524	ISL2EU-5_HM_tp#DNA/PIF-ISL2EU RBRM:ISL2EU-5_HM cds_range:171-1743 [Hydra vulgaris]
ISL2EU-6_HM_ex	PIF-Harbinger	DNA/PIF-ISL2EU	648	ISL2EU-6_HM_ex#DNA/PIF-ISL2EU RBRM:ISL2EU-6_HM stops:1 cds_range:85-2029 via tfasty with ISL2EU-2_HM_ex [Hydra vulgaris]
ISL2EU-7_HMa_ex	PIF-Harbinger	DNA/PIF-ISL2EU	546	ISL2EU-7_HMa_ex#DNA/PIF-ISL2EU RBRM:ISL2EU-7_HMa rev:1 frameshifts:2 cds_range:3416-1778 via tfasty with ISL2EU-3_HM_ex [Hydra vulgaris]
ISL2EU-7_HMa_tp	PIF-Harbinger	DNA/PIF-ISL2EU	552	ISL2EU-7_HMa_tp#DNA/PIF-ISL2EU RBRM:ISL2EU-7_HMa cds_range:69-1725 [Hydra vulgaris]
ISL2EU-12_CGi_ex	PIF-Harbinger	DNA/PIF-ISL2EU	651	ISL2EU-12_CGi_ex#DNA/PIF-ISL2EU RBRM:ISL2EU-12_CGi cds_range:490-2443 [Crassostrea gigas]
ISL2EU-14_CGi_tp	PIF-Harbinger	DNA/PIF-ISL2EU	453	ISL2EU-14_CGi_tp#DNA/PIF-ISL2EU RBRM:ISL2EU-14_CGi cds_range:133-2023 exons:133-397;928-2023 via genewise with ISL2EU-7_HMa_tp [Crassostrea gigas]
ISL2EU-16_CGi_tp	PIF-Harbinger	DNA/PIF-ISL2EU	550	ISL2EU-16_CGi_tp#DNA/PIF-ISL2EU RBRM:ISL2EU-16_CGi rev:1 cds_range:4590-2940 [Crassostrea gigas]
ISL2EU-18_CGi_ex	PIF-Harbinger	DNA/PIF-ISL2EU	506	ISL2EU-18_CGi_ex#DNA/PIF-ISL2EU RBRM:ISL2EU-18_CGi rev:1 cds_range:4871-3353 [Crassostrea gigas]
ISL2EU-2_CCri_tp	PIF-Harbinger	DNA/PIF-ISL2EU	427	ISL2EU-2_CCri_tp#DNA/PIF-ISL2EU RBRM:ISL2EU-2_CCri frameshifts:1 stops:1 cds_range:1029-2309 via tfasty with ISL2EU-13_CCri_tp [Chondrus crispus]
ISL2EU-3_CCri_tp	PIF-Harbinger	DNA/PIF-ISL2EU	426	ISL2EU-3_CCri_tp#DNA/PIF-ISL2EU RBRM:ISL2EU-3_CCri frameshifts:1 cds_range:351-1628 via tfasty with ISL2EU-13_CCri_tp [Chondrus crispus]
ISL2EU-8_CCri_tp	PIF-Harbinger	DNA/PIF-ISL2EU	438	ISL2EU-8_CCri_tp#DNA/PIF-ISL2EU RBRM:ISL2EU-8_CCri cds_range:505-1819 [Chondrus crispus]
ISL2EU-9_CCri_tp	PIF-Harbinger	DNA/PIF-ISL2EU	426	ISL2EU-9_CCri_tp#DNA/PIF-ISL2EU RBRM:ISL2EU-9_CCri stops:1 cds_range:360-1638 via tfasty with ISL2EU-13_CCri_tp [Chondrus crispus]
ISL2EU-13_CCri_tp	PIF-Harbinger	DNA/PIF-ISL2EU	432	ISL2EU-13_CCri_tp#DNA/PIF-ISL2EU RBRM:ISL2EU-13_CCri cds_range:621-1917 [Chondrus crispus]
ISL2EU-1_CFl_tp	PIF-Harbinger	DNA/PIF-Spy	504	ISL2EU-1_CFl_tp#DNA/PIF-Spy RBRM:ISL2EU-1_CFl cds_range:1280-2792 [Camponotus floridanus]
ISL2EU-1_HSal_tp	PIF-Harbinger	DNA/PIF-Spy	666	ISL2EU-1_HSal_tp#DNA/PIF-Spy RBRM:ISL2EU-1_HSal frameshifts:1 stops:1 cds_range:1023-3022 via tfasty with ISL2EU-4_CFl_tp [Harpegnathos saltator]
ISL2EU-1_LHu_tp	PIF-Harbinger	DNA/PIF-Spy	693	ISL2EU-1_LHu_tp#DNA/PIF-Spy RBRM:ISL2EU-1_LHu cds_range:711-2790 [Linepithema humile]
ISL2EU-2_CGi_tp	PIF-Harbinger	DNA/PIF-Spy	689	ISL2EU-2_CGi_tp#DNA/PIF-Spy RBRM:ISL2EU-2_CGi cds_range:1736-3803 [Crassostrea gigas]
ISL2EU-3_CFl_tp	PIF-Harbinger	DNA/PIF-Spy	670	ISL2EU-3_CFl_tp#DNA/PIF-Spy RBRM:ISL2EU-3_CFl cds_range:725-2735 [Camponotus floridanus]
ISL2EU-4_CFl_tp	PIF-Harbinger	DNA/PIF-Spy	670	ISL2EU-4_CFl_tp#DNA/PIF-Spy RBRM:ISL2EU-4_CFl cds_range:1271-3281 [Camponotus floridanus]
ISL2EU-4_CGi_tp	PIF-Harbinger	DNA/PIF-Spy	682	ISL2EU-4_CGi_tp#DNA/PIF-Spy RBRM:ISL2EU-4_CGi cds_range:767-3294 exons:767-1515;1996-3294 ISL2EU-4_CGi  (1 intron and some errors) in Repbase [Crassostrea gigas]
ISL2EU-5_CGi_tp	PIF-Harbinger	DNA/PIF-Spy	678	ISL2EU-5_CGi_tp#DNA/PIF-Spy RBRM:ISL2EU-5_CGi cds_range:1710-4014 exons:1710-3041;3311-4014 via genewise with ISL2EU-2_CGi_tp [Crassostrea gigas]
ISL2EU-6_CFl_tp	PIF-Harbinger	DNA/PIF-Spy	680	ISL2EU-6_CFl_tp#DNA/PIF-Spy RBRM:ISL2EU-6_CFl stops:1 cds_range:316-2356 via tfasty with ISL2EU-3_CFl_tp [Camponotus floridanus]
Looper_tp	PiggyBac	DNA/PiggyBac	275	Looper_tp#DNA/PiggyBac  Dfam:DF0000369 frameshifts:1 cds_range:572-1396 via tfasty with IFP2_tp [Eutheria]
UN-13324604_NH	PiggyBac	DNA/PiggyBac	329	UN-13324604_NH#DNA/PiggyBac   PEP1-1 [Nectria haematococca]
UN-14210514_HSgene	PiggyBac	DNA/PiggyBac	809	UN-14210514_HSgene#DNA/PiggyBac   PiggyBac transposable element derived 1 [Homo sapiens]
UN-21355395_DM	PiggyBac	DNA/PiggyBac	622	UN-21355395_DM#DNA/PiggyBac   CG9839-PA [Drosophila melanogaster]
UN-24653084_DM	PiggyBac	DNA/PiggyBac	604	UN-24653084_DM#DNA/PiggyBac   CG13151-PA [Drosophila melanogaster]
UN-25777744_HSgene	PiggyBac	DNA/PiggyBac	593	UN-25777744_HSgene#DNA/PiggyBac   PiggyBac transposable element derived 3 [Homo sapiens]
UN-25777746_HSgene	PiggyBac	DNA/PiggyBac	581	UN-25777746_HSgene#DNA/PiggyBac   PiggyBac transposable element derived 4 [Homo sapiens]
UN-25777750_MMgene	PiggyBac	DNA/PiggyBac	409	UN-25777750_MMgene#DNA/PiggyBac   PiggyBac transposable element derived 5 [Mus musculus]
UN-31203561_AG	PiggyBac	DNA/PiggyBac	500	UN-31203561_AG#DNA/PiggyBac   ENSANGP00000023466 [Anopheles gambiae]
UN-31207297_AG	PiggyBac	DNA/PiggyBac	591	UN-31207297_AG#DNA/PiggyBac   ENSANGP00000022573 [Anopheles gambiae]
UN-31240001_AG	PiggyBac	DNA/PiggyBac	565	UN-31240001_AG#DNA/PiggyBac   ENSANGP00000023252 [Anopheles gambiae]
UN-37650829_DR	PiggyBac	DNA/PiggyBac	453	UN-37650829_DR#DNA/PiggyBac   SI:zC8A9.3 (novel protein) [Danio rerio]
UN-39645706_HSgene	PiggyBac	DNA/PiggyBac	592	UN-39645706_HSgene#DNA/PiggyBac   PiggyBac transposable element derived 2 [Homo sapiens]
UN-46123137_GZ	PiggyBac	DNA/PiggyBac	475	UN-46123137_GZ#DNA/PiggyBac   hypothetical protein FG05946.1 [Gibberella zeae PH-1]
UN-47209776_TN	PiggyBac	DNA/PiggyBac	477	UN-47209776_TN#DNA/PiggyBac   unnamed protein product [Tetraodon nigroviridis]
UN-47226729_TN	PiggyBac	DNA/PiggyBac	440	UN-47226729_TN#DNA/PiggyBac   unnamed protein product [Tetraodon nigroviridis]
UN-47230770_TN	PiggyBac	DNA/PiggyBac	669	UN-47230770_TN#DNA/PiggyBac   unnamed protein product [Tetraodon nigroviridis]
UN-50741428_GGgene	PiggyBac	DNA/PiggyBac	569	UN-50741428_GGgene#DNA/PiggyBac   PREDICTED: similar to PiggyBac transposable element derived 5 [Gallus gallus]
UN-IFP2_tp	PiggyBac	DNA/PiggyBac	594	UN-IFP2_tp#DNA/PiggyBac   is  PiggyBac transposase (PiggyBac ubiquitin-transposase P replacement vector EP3005) [Trichoplusia ni]
UN-PiggyBac1_Api	PiggyBac	DNA/PiggyBac	594	UN-PiggyBac1_Api#DNA/PiggyBac   via tfasty with PiggyBac-4_SM, 1 frameshift. Copy on NW_001931451.1. [Acyrthosiphon pisum]
UN-PiggyBac2_Api	PiggyBac	DNA/PiggyBac	595	UN-PiggyBac2_Api#DNA/PiggyBac   via tfasty with PiggyBac-3_SM, 1 frameshift. Copy on NW_001938706.1 [Acyrthosiphon pisum]
UN-PiggyBac3_Api	PiggyBac	DNA/PiggyBac	537	UN-PiggyBac3_Api#DNA/PiggyBac   187894268  [Acyrthosiphon pisum]
UN-PiggyBac5_Api	PiggyBac	DNA/PiggyBac	518	UN-PiggyBac5_Api#DNA/PiggyBac   187899136  R [Acyrthosiphon pisum]
UN-piggyBac-1_MelSac	PiggyBac	DNA/PiggyBac	624	UN-piggyBac-1_MelSac#DNA/PiggyBac   [Melanaphis sacchari]
UN-Pokey1_HM	PiggyBac	DNA/PiggyBac	605	UN-Pokey1_HM#DNA/PiggyBac   (GenBank )  [Hydra magnipapillata]
UN-Pokey_DP_tp	PiggyBac	DNA/PiggyBac	672	UN-Pokey_DP_tp#DNA/PiggyBac   Translated with one intron: 3957-5377, 5444-6077 (using GenScan and similarity to 25777744_HSgene) Contains  putative transposase [Daphnia pulicaria]
UN-Uribo1_HM	PiggyBac	DNA/PiggyBac	440	UN-Uribo1_HM#DNA/PiggyBac   (GenBank ) Fragment (missing C terminal ~200 AA)  [Hydra magnipapillata]
UN-Uribo2_HM	PiggyBac	DNA/PiggyBac	551	UN-Uribo2_HM#DNA/PiggyBac   (GenBank ) (two (80 AA & 30 AA internal deletions)  [Hydra magnipapillata]
UN-Uribo3_HM	PiggyBac	DNA/PiggyBac	581	UN-Uribo3_HM#DNA/PiggyBac   (GenBank )  [Hydra magnipapillata]
UN-Yabusame_BM_tp	PiggyBac	DNA/PiggyBac	610	UN-Yabusame_BM_tp#DNA/PiggyBac   putative transposase yabusame-W  [Bombyx mori]
AVPB1_tp	PiggyBac	DNA/PiggyBac	500	AVPB1_tp#DNA/PiggyBac RBRM:AVPB1 stops:1 cds_range:169-1672 [Adineta vaga]
AvPB2_tp	PiggyBac	DNA/PiggyBac	575	AvPB2_tp#DNA/PiggyBac RBRM:AvPB2 frameshifts:1 cds_range:457-2181 [Adineta vaga]
Leapfrog1_EI_tp	PiggyBac	DNA/PiggyBac	579	Leapfrog1_EI_tp#DNA/PiggyBac RBRM:LEAPFROG1_EI cds_range:106-1843 [Entamoeba invadens]
PiggyB2_SM	PiggyBac	DNA/PiggyBac	617	PiggyB2_SM#DNA/PiggyBac RBRM:PIGGYB2_SM cds_range:457-2308 [Schmidtea mediterranea]
PiggyB_SM_tp	PiggyBac	DNA/PiggyBac	625	PiggyB_SM_tp#DNA/PiggyBac RBRM:PIGGYB_SM cds_range:521-4529 exons:521-1369;3502-4529 , 4598-5628  (Splice acceptor forced; based on homology to other PiggyBac transposases like Pokey_DP_tp and 47209776_TN) [Schmidtea mediterranea]
PiggyBac1_AG_tp	PiggyBac	DNA/PiggyBac	552	PiggyBac1_AG_tp#DNA/PiggyBac RBRM:piggyBac1_AG cds_range:1164-2820 [Anopheles genus]
PiggyBac1_CI_tp	PiggyBac	DNA/PiggyBac	573	PiggyBac1_CI_tp#DNA/PiggyBac RBRM:piggyBac1_CI cds_range:262-1981 [Ciona intestinalis]
piggyBac1_Mm	PiggyBac	DNA/PiggyBac	527	piggyBac1_Mm#DNA/PiggyBac RBRM:piggyBac1_Mm cds_range:763-2344 [Microcebus murinus]
piggyBac2_Mm	PiggyBac	DNA/PiggyBac	583	piggyBac2_Mm#DNA/PiggyBac RBRM:piggyBac2_Mm cds_range:276-2025 [Microcebus murinus]
piggyBac-1_AAe_tp	PiggyBac	DNA/PiggyBac	602	piggyBac-1_AAe_tp#DNA/PiggyBac RBRM:piggyBac-1_AAe cds_range:1242-3048 [Aedes aegypti]
piggyBac-1_AMi_tp	PiggyBac	DNA/PiggyBac	626	piggyBac-1_AMi_tp#DNA/PiggyBac RBRM:piggyBac-1_AMi cds_range:992-2870 [Crocodylia]
piggyBac-1_BF_tp	PiggyBac	DNA/PiggyBac	641	piggyBac-1_BF_tp#DNA/PiggyBac RBRM:piggyBac-1_BF cds_range:746-2669 (TPase and the C5HC2 zinc-finger domains) [Branchiostoma floridae]
PiggyBac-1_BM	PiggyBac	DNA/PiggyBac	513	PiggyBac-1_BM#DNA/PiggyBac RBRM:piggyBac-1_BM cds_range:724-2263 [Bombyx]
piggyBac-1_CGi_tp	PiggyBac	DNA/PiggyBac	588	piggyBac-1_CGi_tp#DNA/PiggyBac RBRM:piggyBac-1_CGi frameshifts:1 cds_range:310-2075 via tfasty with piggyBac-2_CGi_1p [Crassostrea gigas]
piggyBac-1_DAn_tp	PiggyBac	DNA/PiggyBac	655	piggyBac-1_DAn_tp#DNA/PiggyBac RBRM:piggyBac-1_DAn cds_range:421-2386 [Drosophila ananassae]
piggyBac-1_DPu_tp	PiggyBac	DNA/PiggyBac	924	piggyBac-1_DPu_tp#DNA/PiggyBac RBRM:piggyBac-1_DPu cds_range:1260-4032 [Daphnia pulex]
piggyBac-1_DW_tp	PiggyBac	DNA/PiggyBac	588	piggyBac-1_DW_tp#DNA/PiggyBac RBRM:piggyBac-1_DW frameshifts:1 cds_range:336-2101 via tfasty with PiggyBac1_AG_tp [Drosophila willistoni]
PiggyBac-1_HM	PiggyBac	DNA/PiggyBac	615	PiggyBac-1_HM#DNA/PiggyBac RBRM:PiggyBac-1_HM cds_range:795-2640 [Hydra vulgaris]
PiggyBac-1_NV	PiggyBac	DNA/PiggyBac	567	PiggyBac-1_NV#DNA/PiggyBac RBRM:piggyBac-1_NV cds_range:264-1965 [Nematostella vectensis]
piggyBac-1_SIn_tp	PiggyBac	DNA/PiggyBac	564	piggyBac-1_SIn_tp#DNA/PiggyBac RBRM:piggyBac-1_SIn cds_range:668-2360 [Solenopsis invicta]
PiggyBac-1_SM	PiggyBac	DNA/PiggyBac	590	PiggyBac-1_SM#DNA/PiggyBac RBRM:piggyBac-1_SM cds_range:475-2245 [Schmidtea]
PiggyBac-1_XT	PiggyBac	DNA/PiggyBac	597	PiggyBac-1_XT#DNA/PiggyBac RBRM:piggyBac-1_XT cds_range:1578-3369 [Xenopus (silurana) tropicalis]
piggyBac-2_BF_tp	PiggyBac	DNA/PiggyBac	674	piggyBac-2_BF_tp#DNA/PiggyBac RBRM:piggyBac-2_BF cds_range:316-2763 exons:316-813;1151-2364;2451-2763 via genewise with piggyBac-3_BF [Branchiostoma floridae]
piggyBac-2_CGi	PiggyBac	DNA/PiggyBac	587	piggyBac-2_CGi#DNA/PiggyBac RBRM:piggyBac-2_CGi cds_range:1111-2872 [Crassostrea gigas]
piggyBac-2_DBp_tp	PiggyBac	DNA/PiggyBac	597	piggyBac-2_DBp_tp#DNA/PiggyBac RBRM:piggyBac-2_DBp cds_range:605-2396 [Drosophila bipectinata]
piggyBac-2_DEu_tp	PiggyBac	DNA/PiggyBac	565	piggyBac-2_DEu_tp#DNA/PiggyBac RBRM:piggyBac-2_DEu stops:1 cds_range:887-2582 Fragment via tfasty with PiggyBac-5_SM [Drosophila eugracilis]
PiggyBac-2_HM	PiggyBac	DNA/PiggyBac	662	PiggyBac-2_HM#DNA/PiggyBac RBRM:PiggyBac-2_HM frameshifts:1 cds_range:463-2450 via tfasty with PiggyBac-5_SM [Hydra vulgaris]
PiggyBac-2_NV	PiggyBac	DNA/PiggyBac	490	PiggyBac-2_NV#DNA/PiggyBac RBRM:piggyBac-2_NV cds_range:1217-2687 [Nematostella vectensis]
PiggyBac-2_SM	PiggyBac	DNA/PiggyBac	576	PiggyBac-2_SM#DNA/PiggyBac RBRM:piggyBac-2_SM cds_range:457-2185 [Schmidtea]
PiggyBac-2_XT	PiggyBac	DNA/PiggyBac	589	PiggyBac-2_XT#DNA/PiggyBac RBRM:piggyBac-2_XT cds_range:1894-3661 [Xenopus (silurana) tropicalis]
piggyBac-3_BF_tp	PiggyBac	DNA/PiggyBac	733	piggyBac-3_BF_tp#DNA/PiggyBac RBRM:piggyBac-3_BF cds_range:321-2757 exons:321-908;1145-2757 via genscan [Branchiostoma floridae]
piggyBac-3_CGi	PiggyBac	DNA/PiggyBac	576	piggyBac-3_CGi#DNA/PiggyBac RBRM:piggyBac-3_CGi cds_range:306-2034 [Crassostrea gigas]
piggyBac-3_DBp_tp	PiggyBac	DNA/PiggyBac	567	piggyBac-3_DBp_tp#DNA/PiggyBac RBRM:piggyBac-3_DBp frameshifts:1 cds_range:407-2109 Fragment via tfasty with PiggyBac-2_HM [Drosophila bipectinata]
PiggyBac-3_HM	PiggyBac	DNA/PiggyBac	721	PiggyBac-3_HM#DNA/PiggyBac RBRM:PiggyBac-3_HM cds_range:223-2386 [Hydra vulgaris]
PiggyBac-3_NV	PiggyBac	DNA/PiggyBac	671	PiggyBac-3_NV#DNA/PiggyBac RBRM:piggyBac-3_NV cds_range:234-2247 [Nematostella vectensis]
piggyBac-3_RPr	PiggyBac	DNA/PiggyBac	620	piggyBac-3_RPr#DNA/PiggyBac RBRM:piggyBac-3_RPr frameshifts:4 cds_range:853-2711 via tfasty with piggyBac-1_LMi_tp [Rhodnius prolixus]
PiggyBac-3_SM	PiggyBac	DNA/PiggyBac	573	PiggyBac-3_SM#DNA/PiggyBac RBRM:piggyBac-3_SM cds_range:368-2087 [Schmidtea]
piggyBac-4_BF	PiggyBac	DNA/PiggyBac	648	piggyBac-4_BF#DNA/PiggyBac RBRM:piggyBac-4_BF cds_range:7073-9017 [Branchiostoma floridae]
piggyBac-4_CGi	PiggyBac	DNA/PiggyBac	584	piggyBac-4_CGi#DNA/PiggyBac RBRM:piggyBac-4_CGi cds_range:108-1860 [Crassostrea gigas]
PiggyBac-4_HM	PiggyBac	DNA/PiggyBac	593	PiggyBac-4_HM#DNA/PiggyBac RBRM:PiggyBac-4_HM frameshifts:2 cds_range:888-2669 via tfasty with PiggyBac-1_XT (Uribo1) [Hydra vulgaris]
PiggyBac-4_SM	PiggyBac	DNA/PiggyBac	529	PiggyBac-4_SM#DNA/PiggyBac RBRM:piggyBac-4_SM cds_range:1238-2825 [Schmidtea]
PiggyBac-5_HM	PiggyBac	DNA/PiggyBac	576	PiggyBac-5_HM#DNA/PiggyBac RBRM:PiggyBac-5_HM frameshifts:1 cds_range:483-2212 via tfasty with PiggyBac-5_SM [Hydra vulgaris]
piggyBac-5_PI	PiggyBac	DNA/PiggyBac	902	piggyBac-5_PI#DNA/PiggyBac RBRM:piggyBac-5_PI cds_range:275-3250 exons:275-434;641-2050;2112-3250 via genewise with piggyBac-10_PI_tp [Phytophthora infestans]
PiggyBac-5_SM	PiggyBac	DNA/PiggyBac	605	PiggyBac-5_SM#DNA/PiggyBac RBRM:piggyBac-5_SM cds_range:422-2237 [Schmidtea]
PiggyBac-6_HM	PiggyBac	DNA/PiggyBac	524	PiggyBac-6_HM#DNA/PiggyBac RBRM:PiggyBac-6_HM cds_range:470-2042 [Hydra vulgaris]
piggyBac-6_PI	PiggyBac	DNA/PiggyBac	1062	piggyBac-6_PI#DNA/PiggyBac RBRM:piggyBac-6_PI cds_range:314-3761 exons:314-1565;1671-2371;2526-3761 via genscan [Phytophthora infestans]
piggyBac-6_PR_2p	PiggyBac	DNA/PiggyBac	330	piggyBac-6_PR_2p#DNA/PiggyBac RBRM:piggyBac-6_PR rev:1 cds_range:6432-5445 (AdoMet_MTase) [Phytophthora ramorum]
PiggyBac-6_SM	PiggyBac	DNA/PiggyBac	578	PiggyBac-6_SM#DNA/PiggyBac RBRM:piggyBac-6_SM cds_range:507-2241 [Schmidtea]
piggyBac-7_PI	PiggyBac	DNA/PiggyBac	945	piggyBac-7_PI#DNA/PiggyBac RBRM:piggyBac-7_PI frameshifts:2 cds_range:230-3065 via tfasty with piggyBac-3_PR_tp [Phytophthora infestans]
PiggyBac-7_SM	PiggyBac	DNA/PiggyBac	582	PiggyBac-7_SM#DNA/PiggyBac RBRM:piggyBac-7_SM cds_range:594-2340 [Schmidtea]
piggyBac-8_PI	PiggyBac	DNA/PiggyBac	989	piggyBac-8_PI#DNA/PiggyBac RBRM:piggyBac-8_PI stops:1 cds_range:271-3453 exons:271-481;533-1265;1362-2645;2711-3453 via genewise with piggyBac-5_PI [Phytophthora infestans]
PiggyBac-8_SM	PiggyBac	DNA/PiggyBac	581	PiggyBac-8_SM#DNA/PiggyBac RBRM:piggyBac-8_SM cds_range:476-2219 [Schmidtea]
PiggyBac-9_SM	PiggyBac	DNA/PiggyBac	642	PiggyBac-9_SM#DNA/PiggyBac RBRM:piggyBac-9_SM stops:2 cds_range:745-2671 via tfasty with Pigibakku_tp [Schmidtea]
PiggyBac-10_SM	PiggyBac	DNA/PiggyBac	567	PiggyBac-10_SM#DNA/PiggyBac RBRM:piggyBac-10_SM cds_range:783-2484 [Schmidtea]
PiggyBac-11_SM	PiggyBac	DNA/PiggyBac	511	PiggyBac-11_SM#DNA/PiggyBac RBRM:piggyBac-11_SM cds_range:240-1773 [Schmidtea]
PiggyBac-12_SM	PiggyBac	DNA/PiggyBac	596	PiggyBac-12_SM#DNA/PiggyBac RBRM:piggyBac-12_SM cds_range:346-2134 [Schmidtea]
PiggyBac-13_SM	PiggyBac	DNA/PiggyBac	560	PiggyBac-13_SM#DNA/PiggyBac RBRM:piggyBac-13_SM frameshifts:1 cds_range:553-2232 via tfasty with PiggyBac1_CI_tp [Schmidtea]
PiggyBac-14_SM	PiggyBac	DNA/PiggyBac	546	PiggyBac-14_SM#DNA/PiggyBac RBRM:piggyBac-14_SM cds_range:378-2016 [Schmidtea]
PiggyBac-15_SM	PiggyBac	DNA/PiggyBac	570	PiggyBac-15_SM#DNA/PiggyBac RBRM:piggyBac-15_SM frameshifts:1 cds_range:445-2156 via tfasty with AvPB2_tp [Schmidtea]
piggyBac-16_SM	PiggyBac	DNA/PiggyBac	601	piggyBac-16_SM#DNA/PiggyBac RBRM:piggyBac-16_SM cds_range:397-2200 [Schmidtea]
piggyBac-17_SM	PiggyBac	DNA/PiggyBac	564	piggyBac-17_SM#DNA/PiggyBac RBRM:piggyBac-17_SM cds_range:399-2091 [Schmidtea]
piggyBac-19_SM	PiggyBac	DNA/PiggyBac	486	piggyBac-19_SM#DNA/PiggyBac RBRM:piggyBac-19_SM cds_range:421-1879 [Schmidtea]
piggyBac-22_SM	PiggyBac	DNA/PiggyBac	465	piggyBac-22_SM#DNA/PiggyBac RBRM:piggyBac-22_SM cds_range:387-1782 [Schmidtea]
Pigibakku_tp	PiggyBac	DNA/PiggyBac	580	Pigibakku_tp#DNA/PiggyBac RBRM:Pigibakku frameshifts:2 cds_range:155-1893 wised with PiggyBac1_AG, extended with ORFs [Takifugu]
Pokey_Cis_tp	PiggyBac	DNA/PiggyBac	610	Pokey_Cis_tp#DNA/PiggyBac RBRM:Pokey_Cis cds_range:370-2200 [Ciona savignyi]
piggyBacA-1_DD_tp	PiggyBac	DNA/PiggyBac-A	501	piggyBacA-1_DD_tp#DNA/PiggyBac-A RBRM:piggyBacA-1_DD cds_range:621-2124 [Dictyostelium discoideum]
piggyBacA-1_DPur_tp	PiggyBac	DNA/PiggyBac-A	578	piggyBacA-1_DPur_tp#DNA/PiggyBac-A RBRM:piggyBacA-1_DPur cds_range:786-2520 [Dictyostelium purpureum]
piggyBacA-1_NGr_tp	PiggyBac	DNA/PiggyBac-A	593	piggyBacA-1_NGr_tp#DNA/PiggyBac-A RBRM:piggyBacA-1_NGr cds_range:144-1923 [Naegleria gruberi]
Piggybac-1_CCri_tp	PiggyBac	DNA/PiggyBac	700	Piggybac-1_CCri_tp#DNA/PiggyBac RBRM:piggyBac-1_CCri cds_range:227-2327 [Chondrus crispus]
piggyBac-1_EL_tp	PiggyBac	DNA/PiggyBac	605	piggyBac-1_EL_tp#DNA/PiggyBac RBRM:piggyBac-1_EL frameshifts:2 stops:4 cds_range:1137-2954 via tfasty with 47230770_TN [Esox lucius]
piggyBac-1_Hmel_tp	PiggyBac	DNA/PiggyBac	673	piggyBac-1_Hmel_tp#DNA/PiggyBac RBRM:piggyBac-1_Hmel frameshifts:1 cds_range:674-2694 via tfasty with PiggyBac-1_SM [Heliconius melpomene]
piggyBac-1_LG_tp	PiggyBac	DNA/PiggyBac	589	piggyBac-1_LG_tp#DNA/PiggyBac RBRM:piggyBac-1_LG cds_range:595-2362 [Lottia gigantea]
piggyBac-1_LMi_tp	PiggyBac	DNA/PiggyBac	580	piggyBac-1_LMi_tp#DNA/PiggyBac RBRM:piggyBac-1_LMi frameshifts:1 cds_range:440-2179 via tfasty with piggyBac-4B_LMi [Locusta migratoria]
piggyBac-1_LSal_tp	PiggyBac	DNA/PiggyBac	513	piggyBac-1_LSal_tp#DNA/PiggyBac RBRM:piggyBac-1_LSal cds_range:621-2160 [Lepeophtheirus salmonis]
piggyBac-1_LVa_tp	PiggyBac	DNA/PiggyBac	693	piggyBac-1_LVa_tp#DNA/PiggyBac RBRM:piggyBac-1_LVa frameshifts:4 stops:1 cds_range:1240-3315 via tfasty with PiggyBac-1_XT [Litopenaeus vannamei]
piggyBac-1_SSa_tp	PiggyBac	DNA/PiggyBac	564	piggyBac-1_SSa_tp#DNA/PiggyBac RBRM:piggyBac-1_SSa cds_range:555-2247 Very close to Pigibakku_tp. [Salmo salar]
piggyBac-1_tp	PiggyBac	DNA/PiggyBac	709	piggyBac-1_tp#DNA/PiggyBac RBRM:piggyBac-1_TP cds_range:349-2476 [Thalassiosira pseudonana]
piggyBac-1B_PR_tp	PiggyBac	DNA/PiggyBac	956	piggyBac-1B_PR_tp#DNA/PiggyBac RBRM:piggyBac-1B_PR frameshifts:2 cds_range:240-3376 exons:240-385;453-644;845-3376 via genewise with piggyBac-10_PI [Phytophthora ramorum]
piggyBac-2_CCri_tp	PiggyBac	DNA/PiggyBac	634	piggyBac-2_CCri_tp#DNA/PiggyBac RBRM:piggyBac-2_CCri cds_range:344-2246 [Chondrus crispus]
piggyBac-2_Hmel_tp	PiggyBac	DNA/PiggyBac	576	piggyBac-2_Hmel_tp#DNA/PiggyBac RBRM:piggyBac-2_Hmel cds_range:411-2139 [Heliconius melpomene]
piggyBac-2_LMi_tp	PiggyBac	DNA/PiggyBac	595	piggyBac-2_LMi_tp#DNA/PiggyBac RBRM:piggyBac-2_LMi frameshifts:1 stops:1 cds_range:398-2400 exons:398-767;983-2400 via genewise with PiggyBac-8_SM [Locusta migratoria]
piggyBac-2_PTric_tp	PiggyBac	DNA/PiggyBac	765	piggyBac-2_PTric_tp#DNA/PiggyBac RBRM:piggyBac-2_PTric cds_range:324-2619 [Thalassiosira pseudonana]
piggyBac-2_SSa_tp	PiggyBac	DNA/PiggyBac	588	piggyBac-2_SSa_tp#DNA/PiggyBac RBRM:piggyBac-2_SSa cds_range:459-2361 exons:459-1269;1407-2361 via genewise with piggyBac-1_SSa [Salmo salar]
piggyBac-3_CCri_tp	PiggyBac	DNA/PiggyBac	715	piggyBac-3_CCri_tp#DNA/PiggyBac RBRM:piggyBac-3_CCri frameshifts:1 cds_range:192-2336 via tfasty with piggyBac-8_CCri [Chondrus crispus]
piggyBac-3_LMi_tp	PiggyBac	DNA/PiggyBac	623	piggyBac-3_LMi_tp#DNA/PiggyBac RBRM:piggyBac-3_LMi frameshifts:1 cds_range:142-2012 via tfasty with PiggyBac-4_SM, ORF already starts at a pos 14 methionine, but no matches to others yet. [Locusta migratoria]
piggyBac-3_PR_tp	PiggyBac	DNA/PiggyBac	964	piggyBac-3_PR_tp#DNA/PiggyBac RBRM:piggyBac-3_PR frameshifts:1 stops:2 cds_range:248-3141 via tfasty with piggyBac-10_PI [Phytophthora ramorum]
piggyBac-3_SSa_tp	PiggyBac	DNA/PiggyBac	639	piggyBac-3_SSa_tp#DNA/PiggyBac RBRM:piggyBac-3_SSa cds_range:721-3340 exons:721-926;987-1676;2317-3340 via genewise with Pigibakku_tp [Salmo salar]
piggyBac-4_CCri_tp	PiggyBac	DNA/PiggyBac	727	piggyBac-4_CCri_tp#DNA/PiggyBac RBRM:piggyBac-4_CCri frameshifts:1 cds_range:235-2415 via tfasty with piggyBac-10_CCri [Chondrus crispus]
piggyBac-4_PR_p2	PiggyBac	DNA/PiggyBac	401	piggyBac-4_PR_p2#DNA/PiggyBac RBRM:piggyBac-4_PR rev:1 cds_range:5618-4415 R, This methyltransferase on the reverse strand also in piggyBac-5 to 7_PR [Phytophthora ramorum]
piggyBac-4_PR_tp	PiggyBac	DNA/PiggyBac	1070	piggyBac-4_PR_tp#DNA/PiggyBac RBRM:piggyBac-4_PR frameshifts:1 cds_range:830-4200 exons:830-1211;1370-4200 via genewise with piggyBac-9_PR [Phytophthora ramorum]
piggyBac-4B_LMi_tp	PiggyBac	DNA/PiggyBac	650	piggyBac-4B_LMi_tp#DNA/PiggyBac RBRM:piggyBac-4B_LMi frameshifts:1 cds_range:133-2082 via tfasty with piggyBac-1_LMi [Locusta migratoria]
piggyBac-5_CCri_tp	PiggyBac	DNA/PiggyBac	682	piggyBac-5_CCri_tp#DNA/PiggyBac RBRM:piggyBac-5_CCri cds_range:326-2372 [Chondrus crispus]
piggyBac-5_PR_p2	PiggyBac	DNA/PiggyBac	330	piggyBac-5_PR_p2#DNA/PiggyBac RBRM:piggyBac-5_PR rev:1 cds_range:4336-3346 R, methyltransferase [Phytophthora ramorum]
piggyBac-5_PR_tp	PiggyBac	DNA/PiggyBac	803	piggyBac-5_PR_tp#DNA/PiggyBac RBRM:piggyBac-5_PR frameshifts:1 cds_range:508-2916 via tfasty with piggyBac-4_PR [Phytophthora ramorum]
piggyBac-6_CCri_tp	PiggyBac	DNA/PiggyBac	692	piggyBac-6_CCri_tp#DNA/PiggyBac RBRM:piggyBac-6_CCri cds_range:208-2284 [Chondrus crispus]
piggyBac-6_LMi_tp	PiggyBac	DNA/PiggyBac	554	piggyBac-6_LMi_tp#DNA/PiggyBac RBRM:piggyBac-6_LMi frameshifts:2 cds_range:366-2026 via tfasty with PiggyBac-4_HM [Locusta migratoria]
piggyBac-7_CCri_tp	PiggyBac	DNA/PiggyBac	655	piggyBac-7_CCri_tp#DNA/PiggyBac RBRM:piggyBac-7_CCri cds_range:250-2215 [Chondrus crispus]
piggyBac-7_PR_p2	PiggyBac	DNA/PiggyBac	395	piggyBac-7_PR_p2#DNA/PiggyBac RBRM:piggyBac-7_PR rev:1 cds_range:4945-3760 R, methyltransferase [Phytophthora ramorum]
piggyBac-7_PR_tp	PiggyBac	DNA/PiggyBac	973	piggyBac-7_PR_tp#DNA/PiggyBac RBRM:piggyBac-7_PR stops:1 cds_range:710-3629 via tfasty with piggyBac-9_PR [Phytophthora ramorum]
piggyBac-8_CCri_tp	PiggyBac	DNA/PiggyBac	709	piggyBac-8_CCri_tp#DNA/PiggyBac RBRM:piggyBac-8_CCri frameshifts:1 cds_range:250-2376 via tfasty with piggyBac-3_CCri [Chondrus crispus]
piggyBac-8_LMi_tp	PiggyBac	DNA/PiggyBac	583	piggyBac-8_LMi_tp#DNA/PiggyBac RBRM:piggyBac-8_LMi frameshifts:1 cds_range:341-2089 via tfasty with Yabusame_BM_tp [Locusta migratoria]
piggyBac-9_CCri_tp	PiggyBac	DNA/PiggyBac	740	piggyBac-9_CCri_tp#DNA/PiggyBac RBRM:piggyBac-9_CCri cds_range:232-2452 [Chondrus crispus]
piggyBac-9_LMi_tp	PiggyBac	DNA/PiggyBac	575	piggyBac-9_LMi_tp#DNA/PiggyBac RBRM:piggyBac-9_LMi frameshifts:1 cds_range:363-2087 via tfasty with piggyBac-27_LMi [Locusta migratoria]
piggyBac-9_PR_tp	PiggyBac	DNA/PiggyBac	1031	piggyBac-9_PR_tp#DNA/PiggyBac RBRM:piggyBac-9_PR frameshifts:3 cds_range:447-3541 via tfasty with piggyBac-4_PR [Phytophthora ramorum]
piggyBac-10_CCri_tp	PiggyBac	DNA/PiggyBac	741	piggyBac-10_CCri_tp#DNA/PiggyBac RBRM:piggyBac-10_CCri cds_range:231-2454 [Chondrus crispus]
piggyBac-10_LMi_tp	PiggyBac	DNA/PiggyBac	553	piggyBac-10_LMi_tp#DNA/PiggyBac RBRM:piggyBac-10_LMi frameshifts:3 cds_range:467-2127 via tfasty with piggyBac-2_SSa [Locusta migratoria]
piggyBac-10_PI_tp	PiggyBac	DNA/PiggyBac	984	piggyBac-10_PI_tp#DNA/PiggyBac RBRM:piggyBac-10_PI cds_range:143-3095 [Phytophthora infestans]
piggyBac-11_CCri_tp	PiggyBac	DNA/PiggyBac	813	piggyBac-11_CCri_tp#DNA/PiggyBac RBRM:piggyBac-11_CCri cds_range:150-2589 [Chondrus crispus]
piggyBac-11_LMi_tp	PiggyBac	DNA/PiggyBac	585	piggyBac-11_LMi_tp#DNA/PiggyBac RBRM:piggyBac-11_LMi cds_range:332-2087 [Locusta migratoria]
piggyBac-11_PI_tp	PiggyBac	DNA/PiggyBac	1001	piggyBac-11_PI_tp#DNA/PiggyBac RBRM:piggyBac-11_PI stops:3 cds_range:84-3087 via tfasty with piggyBac-3_PR [Phytophthora infestans]
piggyBac-12_CCri_tp	PiggyBac	DNA/PiggyBac	741	piggyBac-12_CCri_tp#DNA/PiggyBac RBRM:piggyBac-12_CCri cds_range:250-2473 [Chondrus crispus]
piggyBac-12_LMi_tp	PiggyBac	DNA/PiggyBac	581	piggyBac-12_LMi_tp#DNA/PiggyBac RBRM:piggyBac-12_LMi cds_range:538-2281 [Locusta migratoria]
piggyBac-14_CCri_tp	PiggyBac	DNA/PiggyBac	737	piggyBac-14_CCri_tp#DNA/PiggyBac RBRM:piggyBac-14_CCri frameshifts:2 cds_range:233-2441 via tfasty with piggyBac-4_CCri [Chondrus crispus]
piggyBac-14_LMi_tp	PiggyBac	DNA/PiggyBac	596	piggyBac-14_LMi_tp#DNA/PiggyBac RBRM:piggyBac-14_LMi frameshifts:2 cds_range:291-2079 via tfasty with piggyBac-30_LMi [Locusta migratoria]
piggyBac-15_CCri_tp	PiggyBac	DNA/PiggyBac	709	piggyBac-15_CCri_tp#DNA/PiggyBac RBRM:piggyBac-15_CCri cds_range:216-2343 [Chondrus crispus]
piggyBac-16_CCri_tp	PiggyBac	DNA/PiggyBac	723	piggyBac-16_CCri_tp#DNA/PiggyBac RBRM:piggyBac-16_CCri frameshifts:1 cds_range:228-2398 via tfasty with piggyBac-9_CCri [Chondrus crispus]
piggyBac-16_LMi_tp	PiggyBac	DNA/PiggyBac	573	piggyBac-16_LMi_tp#DNA/PiggyBac RBRM:piggyBac-16_LMi frameshifts:3 cds_range:314-2032 via tfasty with piggyBac-27_LMi [Locusta migratoria]
piggyBac-20_LMi_tp	PiggyBac	DNA/PiggyBac	602	piggyBac-20_LMi_tp#DNA/PiggyBac RBRM:piggyBac-20_LMi frameshifts:2 cds_range:223-2027 via tfasty with piggyBac-11_LMi [Locusta migratoria]
piggyBac-21_LMi_tp	PiggyBac	DNA/PiggyBac	608	piggyBac-21_LMi_tp#DNA/PiggyBac RBRM:piggyBac-21_LMi frameshifts:1 cds_range:440-2263 via tfasty with Pokey1_HM [Locusta migratoria]
piggyBac-22_LMi_tp	PiggyBac	DNA/PiggyBac	559	piggyBac-22_LMi_tp#DNA/PiggyBac RBRM:piggyBac-22_LMi frameshifts:3 stops:1 cds_range:415-2091 via tfasty with piggyBac-27_LMi [Locusta migratoria]
piggyBac-24_LMi_tp	PiggyBac	DNA/PiggyBac	557	piggyBac-24_LMi_tp#DNA/PiggyBac RBRM:piggyBac-24_LMi frameshifts:1 cds_range:263-1935 via tfasty with IFP2_tp [Locusta migratoria]
piggyBac-26_LMi_tp	PiggyBac	DNA/PiggyBac	557	piggyBac-26_LMi_tp#DNA/PiggyBac RBRM:piggyBac-26_LMi cds_range:390-2061 [Locusta migratoria]
piggyBac-27_LMi_tp	PiggyBac	DNA/PiggyBac	585	piggyBac-27_LMi_tp#DNA/PiggyBac RBRM:piggyBac-27_LMi cds_range:298-2053 [Locusta migratoria]
piggyBac-30_LMi_tp	PiggyBac	DNA/PiggyBac	601	piggyBac-30_LMi_tp#DNA/PiggyBac RBRM:piggyBac-30_LMi cds_range:287-2090 [Locusta migratoria]
piggyBacX-1_PI_tp	PiggyBac	DNA/PiggyBac-X	958	piggyBacX-1_PI_tp#DNA/PiggyBac-X RBRM:piggyBacX-1_PI frameshifts:1 stops:2 cds_range:200-3073 via tfasty with piggyBacX-18_CCri [Phytophthora infestans]
piggyBacX-1_CCri_tp	PiggyBac	DNA/PiggyBac-X	1179	piggyBacX-1_CCri_tp#DNA/PiggyBac-X RBRM:piggyBacX-1_CCri cds_range:328-3865 [Chondrus crispus]
piggyBacX-2_CCri_tp	PiggyBac	DNA/PiggyBac-X	1188	piggyBacX-2_CCri_tp#DNA/PiggyBac-X RBRM:piggyBacX-2_CCri cds_range:270-3834 [Chondrus crispus]
piggyBacX-3_CCri_tp	PiggyBac	DNA/PiggyBac-X	1123	piggyBacX-3_CCri_tp#DNA/PiggyBac-X RBRM:piggyBacX-3_CCri cds_range:257-3626 [Chondrus crispus]
piggyBacX-4_CCri_tp	PiggyBac	DNA/PiggyBac-X	1090	piggyBacX-4_CCri_tp#DNA/PiggyBac-X RBRM:piggyBacX-4_CCri frameshifts:2 cds_range:271-3541 via tfasty with piggyBacX-30_CCri [Chondrus crispus]
piggyBacX-5_CCri_tp	PiggyBac	DNA/PiggyBac-X	1230	piggyBacX-5_CCri_tp#DNA/PiggyBac-X RBRM:piggyBacX-5_CCri cds_range:269-3959 [Chondrus crispus]
piggyBacX-6_CCri_tp	PiggyBac	DNA/PiggyBac-X	1200	piggyBacX-6_CCri_tp#DNA/PiggyBac-X RBRM:piggyBacX-6_CCri stops:1 cds_range:279-3879 via tfasty with piggyBacX-30_CCri [Chondrus crispus]
piggyBacX-7_CCri_tp	PiggyBac	DNA/PiggyBac-X	1102	piggyBacX-7_CCri_tp#DNA/PiggyBac-X RBRM:piggyBacX-7_CCri cds_range:277-3583 [Chondrus crispus]
piggyBacX-8_CCri_tp	PiggyBac	DNA/PiggyBac-X	1078	piggyBacX-8_CCri_tp#DNA/PiggyBac-X RBRM:piggyBacX-8_CCri cds_range:510-3744 [Chondrus crispus]
piggyBacX-9_CCri_tp	PiggyBac	DNA/PiggyBac-X	1112	piggyBacX-9_CCri_tp#DNA/PiggyBac-X RBRM:piggyBacX-9_CCri frameshifts:1 cds_range:372-3707 via tfasty with piggyBacX-7_CCri [Chondrus crispus]
piggyBacX-11_CCri_tp	PiggyBac	DNA/PiggyBac-X	1118	piggyBacX-11_CCri_tp#DNA/PiggyBac-X RBRM:piggyBacX-11_CCri frameshifts:1 stops:1 cds_range:643-3996 via tfasty with piggyBacX-30_CCri [Chondrus crispus]
piggyBacX-12_CCri_tp	PiggyBac	DNA/PiggyBac-X	1460	piggyBacX-12_CCri_tp#DNA/PiggyBac-X RBRM:piggyBacX-12_CCri frameshifts:1 cds_range:201-4582 via tfasty with piggyBacX-16_CCri [Chondrus crispus]
piggyBacX-13_CCri_tp	PiggyBac	DNA/PiggyBac-X	1388	piggyBacX-13_CCri_tp#DNA/PiggyBac-X RBRM:piggyBacX-13_CCri cds_range:421-4585 [Chondrus crispus]
piggyBacX-14_CCri_tp	PiggyBac	DNA/PiggyBac-X	1356	piggyBacX-14_CCri_tp#DNA/PiggyBac-X RBRM:piggyBacX-14_CCri cds_range:317-4385 [Chondrus crispus]
piggyBacX-15_CCri_tp	PiggyBac	DNA/PiggyBac-X	1331	piggyBacX-15_CCri_tp#DNA/PiggyBac-X RBRM:piggyBacX-15_CCri cds_range:445-4438 [Chondrus crispus]
piggyBacX-16_CCri_tp	PiggyBac	DNA/PiggyBac-X	1402	piggyBacX-16_CCri_tp#DNA/PiggyBac-X RBRM:piggyBacX-16_CCri cds_range:428-4634 [Chondrus crispus]
piggyBacX-17_CCri_tp	PiggyBac	DNA/PiggyBac-X	1413	piggyBacX-17_CCri_tp#DNA/PiggyBac-X RBRM:piggyBacX-17_CCri frameshifts:3 cds_range:391-4629 via tfasty with piggyBacX-16_CCri [Chondrus crispus]
piggyBacX-18_CCri_tp	PiggyBac	DNA/PiggyBac-X	1396	piggyBacX-18_CCri_tp#DNA/PiggyBac-X RBRM:piggyBacX-18_CCri cds_range:525-4713 [Chondrus crispus]
piggyBacX-19_CCri_tp	PiggyBac	DNA/PiggyBac-X	1385	piggyBacX-19_CCri_tp#DNA/PiggyBac-X RBRM:piggyBacX-19_CCri frameshifts:4 cds_range:420-5726 exons:420-2510;3658-5726 via genewise with piggyBacX-13_CCri [Chondrus crispus]
piggyBacX-20_CCri_tp	PiggyBac	DNA/PiggyBac-X	1399	piggyBacX-20_CCri_tp#DNA/PiggyBac-X RBRM:piggyBacX-20_CCri cds_range:576-4773 [Chondrus crispus]
piggyBacX-21_CCri_tp	PiggyBac	DNA/PiggyBac-X	1404	piggyBacX-21_CCri_tp#DNA/PiggyBac-X RBRM:piggyBacX-21_CCri cds_range:431-4643 [Chondrus crispus]
piggyBacX-22_CCri_tp	PiggyBac	DNA/PiggyBac-X	1374	piggyBacX-22_CCri_tp#DNA/PiggyBac-X RBRM:piggyBacX-22_CCri cds_range:248-4370 [Chondrus crispus]
piggyBacX-23_CCri_tp	PiggyBac	DNA/PiggyBac-X	1343	piggyBacX-23_CCri_tp#DNA/PiggyBac-X RBRM:piggyBacX-23_CCri cds_range:318-4347 [Chondrus crispus]
piggyBacX-24_CCri_tp	PiggyBac	DNA/PiggyBac-X	1364	piggyBacX-24_CCri_tp#DNA/PiggyBac-X RBRM:piggyBacX-24_CCri frameshifts:1 cds_range:359-4450 via tfasty with piggyBacX-18_CCri [Chondrus crispus]
piggyBacX-25_CCri_tp	PiggyBac	DNA/PiggyBac-X	1125	piggyBacX-25_CCri_tp#DNA/PiggyBac-X RBRM:piggyBacX-25_CCri frameshifts:4 stops:1 cds_range:373-3744 via tfasty with piggyBacX-2_CCri [Chondrus crispus]
piggyBacX-26_CCri_tp	PiggyBac	DNA/PiggyBac-X	1335	piggyBacX-26_CCri_tp#DNA/PiggyBac-X RBRM:piggyBacX-26_CCri frameshifts:4 stops:2 cds_range:142-4146 via tfasty with piggyBacX-23_CCri [Chondrus crispus]
piggyBacX-27_CCri_tp	PiggyBac	DNA/PiggyBac-X	1356	piggyBacX-27_CCri_tp#DNA/PiggyBac-X RBRM:piggyBacX-27_CCri frameshifts:2 cds_range:750-4816 via tfasty with piggyBacX-23_CCri [Chondrus crispus]
piggyBacX-28_CCri_tp	PiggyBac	DNA/PiggyBac-X	1265	piggyBacX-28_CCri_tp#DNA/PiggyBac-X RBRM:piggyBacX-28_CCri cds_range:238-4033 [Chondrus crispus]
piggyBacX-29_CCri_tp	PiggyBac	DNA/PiggyBac-X	1372	piggyBacX-29_CCri_tp#DNA/PiggyBac-X RBRM:piggyBacX-29_CCri cds_range:425-4541 [Chondrus crispus]
piggyBacX-30_CCri_tp	PiggyBac	DNA/PiggyBac-X	1094	piggyBacX-30_CCri_tp#DNA/PiggyBac-X RBRM:piggyBacX-30_CCri cds_range:281-3563 [Chondrus crispus]
piggyBacX-31_CCri_tp	PiggyBac	DNA/PiggyBac-X	1214	piggyBacX-31_CCri_tp#DNA/PiggyBac-X RBRM:piggyBacX-31_CCri cds_range:143-3785 [Chondrus crispus]
piggyBacX-32_CCri_tp	PiggyBac	DNA/PiggyBac-X	1270	piggyBacX-32_CCri_tp#DNA/PiggyBac-X RBRM:piggyBacX-32_CCri frameshifts:6 cds_range:474-4278 via tfasty with piggyBacX-22_CCri [Chondrus crispus]
piggyBacX-33_CCri_tp	PiggyBac	DNA/PiggyBac-X	1408	piggyBacX-33_CCri_tp#DNA/PiggyBac-X RBRM:piggyBacX-33_CCri frameshifts:4 cds_range:427-4653 via tfasty with piggyBacX-20_CCri [Chondrus crispus]
piggyBacX-34_CCri_tp	PiggyBac	DNA/PiggyBac-X	1348	piggyBacX-34_CCri_tp#DNA/PiggyBac-X RBRM:piggyBacX-34_CCri cds_range:218-4262 [Chondrus crispus]
piggyBacX-35_CCri_tp	PiggyBac	DNA/PiggyBac-X	1334	piggyBacX-35_CCri_tp#DNA/PiggyBac-X RBRM:piggyBacX-35_CCri frameshifts:3 stops:1 cds_range:9-4010 via tfasty with piggyBacX-23_CCri [Chondrus crispus]
piggyBacX-36_CCri_tp	PiggyBac	DNA/PiggyBac-X	1471	piggyBacX-36_CCri_tp#DNA/PiggyBac-X RBRM:piggyBacX-36_CCri frameshifts:2 cds_range:543-4954 via tfasty with piggyBacX-29_CCri [Chondrus crispus]
piggyBacX-37_CCri_tp	PiggyBac	DNA/PiggyBac-X	1069	piggyBacX-37_CCri_tp#DNA/PiggyBac-X RBRM:piggyBacX-37_CCri frameshifts:5 cds_range:295-3497 via tfasty with piggyBacX-7_CCri [Chondrus crispus]
piggyBacX-38_CCri_tp	PiggyBac	DNA/PiggyBac-X	1244	piggyBacX-38_CCri_tp#DNA/PiggyBac-X RBRM:piggyBacX-38_CCri cds_range:108-3840 [Chondrus crispus]
piggyBacX-39_CCri_tp	PiggyBac	DNA/PiggyBac-X	1068	piggyBacX-39_CCri_tp#DNA/PiggyBac-X RBRM:piggyBacX-39_CCri frameshifts:1 cds_range:282-3485 via tfasty with piggyBacX-2_CCri [Chondrus crispus]
piggyBacX-40_CCri_tp	PiggyBac	DNA/PiggyBac-X	1157	piggyBacX-40_CCri_tp#DNA/PiggyBac-X RBRM:piggyBacX-40_CCri frameshifts:1 cds_range:266-3738 via tfasty with piggyBacX-5_CCri [Chondrus crispus]
Sola1-1_AA_tp	Sola	DNA/Sola-1	741	Sola1-1_AA_tp#DNA/Sola-1 RBRM:Sola1-1_AA cds_range:311-2653 exons:311-398;459-666;724-2653 via genescan [Aedes aegypti]
Sola1-1_AC_tp	Sola	DNA/Sola-1	686	Sola1-1_AC_tp#DNA/Sola-1 RBRM:Sola1-1_AC cds_range:1261-3319 Sola1-2_AC broken and almost identical. [Aplysia californica]
Sola1-1_ACas_tp	Sola	DNA/Sola-1	486	Sola1-1_ACas_tp#DNA/Sola-1 RBRM:Sola1-1_ACas cds_range:1416-2874 [Acanthamoeba castellanii]
Sola1-1_AP_tp	Sola	DNA/Sola-1	581	Sola1-1_AP_tp#DNA/Sola-1 RBRM:Sola1-1_AP cds_range:1536-3279 [Acyrthosiphon pisum]
Sola1-1_BM_tp	Sola	DNA/Sola-1	751	Sola1-1_BM_tp#DNA/Sola-1 RBRM:Sola1-1_BM frameshifts:2 stops:1 cds_range:711-2962 via tfasty with Sola1-3_AP [Bombyx mori]
Sola1-1_CCri_mt	Sola	DNA/Sola-1	1007	Sola1-1_CCri_mt#DNA/Sola-1 RBRM:Sola1-1_CCri cds_range:5773-8794 (N6-N4 methylase) [Chondrus crispus]
Sola1-1_CCri_tp	Sola	DNA/Sola-1	773	Sola1-1_CCri_tp#DNA/Sola-1 RBRM:Sola1-1_CCri cds_range:2001-4320 (DDD-transposase) [Chondrus crispus]
Sola1-1_CS_tp	Sola	DNA/Sola-1	575	Sola1-1_CS_tp#DNA/Sola-1 RBRM:Sola1-1_CS cds_range:1038-3043 exons:1038-1337;1431-1586;1772-3043 Via genewise with Sola1-1_BM [Ciona savignyi]
Sola1-1_CTe_tp	Sola	DNA/Sola-1	429	Sola1-1_CTe_tp#DNA/Sola-1 RBRM:Sola1-1_CTe frameshifts:1 cds_range:206-1501 Fragment. Large deletion at pos 535.  [Capitella teleta]
Sola1-1_DPu_tp	Sola	DNA/Sola-1	735	Sola1-1_DPu_tp#DNA/Sola-1 RBRM:Sola1-1_DPu cds_range:89-2294 [Daphnia pulex]
Sola1-1_HM_tp	Sola	DNA/Sola-1	685	Sola1-1_HM_tp#DNA/Sola-1 RBRM:Sola1-1_HM cds_range:658-2710 [Hydra vulgaris]
Sola1-1_LMi_tp	Sola	DNA/Sola-1	608	Sola1-1_LMi_tp#DNA/Sola-1 RBRM:Sola1-1_LMi frameshifts:2 stops:1 cds_range:911-2735 via tfasty with Sola1-10_AP [Locusta migratoria]
Sola1-1_MonBre_tp	Sola	DNA/Sola-1	624	Sola1-1_MonBre_tp#DNA/Sola-1 RBRM:Sola1-1_MonBre cds_range:222-2173 exons:222-719;798-2173 via genscan [Monosiga brevicollis]
Sola1-1_PI_tp	Sola	DNA/Sola-1	791	Sola1-1_PI_tp#DNA/Sola-1 RBRM:Sola1-1_PI frameshifts:1 cds_range:178-2550 [Phytophthora infestans]
Sola1-1_PPa_tp	Sola	DNA/Sola-1	958	Sola1-1_PPa_tp#DNA/Sola-1 RBRM:Sola1-1_PPa cds_range:12320-15194 [Physcomitrella patens] The ca 1570 AA phosphatase encoded by at least 4 exons on the opposite strand is not included. It appears unique to and may be a hitchhiker of this one Sola element.
Sola1-1_PPI_tp	Sola	DNA/Sola-1	735	Sola1-1_PPI_tp#DNA/Sola-1 RBRM:Sola1-1_PPI frameshifts:2 stops:3 cds_range:169-2376 via tfasty with Sola1-6_PI [Phytophthora parasitica]
Sola1-1_PR_tp	Sola	DNA/Sola-1	668	Sola1-1_PR_tp#DNA/Sola-1 RBRM:Sola1-1_PR cds_range:125-2129 [Phytophthora ramorum]
Sola1-2_AA_tp	Sola	DNA/Sola-1	664	Sola1-2_AA_tp#DNA/Sola-1 RBRM:Sola1-2_AA cds_range:373-2495 exons:373-1016;1077-1588;1657-2495 Via genewise with Sola1-10_AP [Aedes aegypti]
Sola1-2_AP_tp	Sola	DNA/Sola-1	697	Sola1-2_AP_tp#DNA/Sola-1 RBRM:Sola1-2_AP cds_range:1580-3671 [Acyrthosiphon pisum]
Sola1-2_BM_tp	Sola	DNA/Sola-1	405	Sola1-2_BM_tp#DNA/Sola-1 RBRM:Sola1-2_BM frameshifts:1 cds_range:957-2173 via tfasty with Sola1-7_AP, N terminal fragment missing [Bombyx mori]
Sola1-2_CCri_mt	Sola	DNA/Sola-1	780	Sola1-2_CCri_mt#DNA/Sola-1 RBRM:Sola1-2_CCri rev:1 cds_range:5895-3555 (DNA methylase) [Chondrus crispus]
Sola1-2_CCri_tp	Sola	DNA/Sola-1	743	Sola1-2_CCri_tp#DNA/Sola-1 RBRM:Sola1-2_CCri cds_range:6577-8806 [Chondrus crispus]
Sola1-2_HM_tp	Sola	DNA/Sola-1	592	Sola1-2_HM_tp#DNA/Sola-1 RBRM:Sola1-2_HM cds_range:882-2658 [Hydra vulgaris]
Sola1-2_LG_tp	Sola	DNA/Sola-1	761	Sola1-2_LG_tp#DNA/Sola-1 RBRM:Sola1-2_LG stops:1 cds_range:1175-3458 via tfasty with Sola1-4_LG [Lottia gigantea]
Sola1-2_PI_tp	Sola	DNA/Sola-1	715	Sola1-2_PI_tp#DNA/Sola-1 RBRM:Sola1-2_PI frameshifts:1 stops:2 cds_range:237-2381 via tfasty with Sola1-1_PI [Phytophthora infestans]
Sola1-2_Psojae_tp	Sola	DNA/Sola-1	684	Sola1-2_Psojae_tp#DNA/Sola-1 RBRM:Sola1-2_Psojae cds_range:138-2190 [Phytophthora sojae]
Sola1-3_AA_tp	Sola	DNA/Sola-1	703	Sola1-3_AA_tp#DNA/Sola-1 RBRM:Sola1-3_AA cds_range:399-2851 exons:399-1195;1267-1775;2046-2851 Via genewise with Sola1-2_AA,. [Aedes aegypti]
Sola1-3_AC_tp	Sola	DNA/Sola-1	687	Sola1-3_AC_tp#DNA/Sola-1 RBRM:Sola1-3_AC frameshifts:4 cds_range:517-2582 via tfasty with Sola1-1_AC [Aplysia californica]
Sola1-3_AP_tp	Sola	DNA/Sola-1	689	Sola1-3_AP_tp#DNA/Sola-1 RBRM:Sola1-3_AP cds_range:968-3119 exons:968-1085;1169-3119 via genewise with Sola1-10_AP [Acyrthosiphon pisum]
Sola1-3_CCri_mt	Sola	DNA/Sola-1	674	Sola1-3_CCri_mt#DNA/Sola-1 RBRM:Sola1-3_CCri rev:1 cds_range:2897-875 (DNA methylase) [Chondrus crispus]
Sola1-3_CCri_tp	Sola	DNA/Sola-1	1002	Sola1-3_CCri_tp#DNA/Sola-1 RBRM:Sola1-3_CCri cds_range:5022-8028 (DDD-transposase) [Chondrus crispus]
Sola1-3_CGi_tp	Sola	DNA/Sola-1	594	Sola1-3_CGi_tp#DNA/Sola-1 RBRM:Sola1-3_CGi frameshifts:1 cds_range:3373-5154 via tfasty with Sola1-1_AP, Removed large upstream ORF translation prseumably just due to tandem repeat (90 bp unit) and low complexity. [Crassostrea gigas]
Sola1-3_CTe_tp	Sola	DNA/Sola-1	723	Sola1-3_CTe_tp#DNA/Sola-1 RBRM:Sola1-3_CTe cds_range:522-3646 exons:522-859;1377-1475;1528-1694;1770-1936;2128-2244;2295-3042;3107-3646 via genscan and genewise [Capitella teleta]
Sola1-3_HM_tp	Sola	DNA/Sola-1	538	Sola1-3_HM_tp#DNA/Sola-1 RBRM:Sola1-3_HM cds_range:604-2218 [Hydra vulgaris]
Sola1-3_LMi_tp	Sola	DNA/Sola-1	634	Sola1-3_LMi_tp#DNA/Sola-1 RBRM:Sola1-3_LMi cds_range:704-2606 [Locusta migratoria]
Sola1-3_PI_tp	Sola	DNA/Sola-1	666	Sola1-3_PI_tp#DNA/Sola-1 RBRM:Sola1-3_PI cds_range:115-2113 [Phytophthora infestans]
Sola1-4_AA_tp	Sola	DNA/Sola-1	710	Sola1-4_AA_tp#DNA/Sola-1 RBRM:Sola1-4_AA frameshifts:1 cds_range:354-2598 exons:354-1144;1204-1715;1768-2598 Via genewise with Sola1-2_AA [Aedes aegypti]
Sola1-4_AP_tp	Sola	DNA/Sola-1	521	Sola1-4_AP_tp#DNA/Sola-1 RBRM:Sola1-4_AP stops:1 cds_range:854-2417 (Fragment) via tfasty with Sola1-1_BM [Acyrthosiphon pisum]
Sola1-4_CCri_tp	Sola	DNA/Sola-1	785	Sola1-4_CCri_tp#DNA/Sola-1 RBRM:Sola1-4_CCri cds_range:346-2701 (DDD-transposase) [Chondrus crispus]
Sola1-4_CGi_tp	Sola	DNA/Sola-1	692	Sola1-4_CGi_tp#DNA/Sola-1 RBRM:Sola1-4_CGi frameshifts:4 cds_range:1187-3261 via tfasty with Sola1-3_CGi [Crassostrea gigas]
Sola1-4_LG_tp	Sola	DNA/Sola-1	639	Sola1-4_LG_tp#DNA/Sola-1 RBRM:Sola1-4_LG cds_range:1410-3327 [Lottia gigantea]
Sola1-4_PI_tp	Sola	DNA/Sola-1	652	Sola1-4_PI_tp#DNA/Sola-1 RBRM:Sola1-4_PI cds_range:107-2063 [Phytophthora infestans]
Sola1-5_AA_tp	Sola	DNA/Sola-1	622	Sola1-5_AA_tp#DNA/Sola-1 RBRM:Sola1-5_AA cds_range:363-2343 exons:363-892;948-1450;1508-2343 via genewise with Sola1-3_AA,. [Aedes aegypti]
Sola1-5_AP_tp	Sola	DNA/Sola-1	604	Sola1-5_AP_tp#DNA/Sola-1 RBRM:Sola1-5_AP cds_range:1275-3170 exons:1275-1444;1527-3170 via tfasty with Sola1-1_BM,. [Acyrthosiphon pisum]
Sola1-5_CGi_tp	Sola	DNA/Sola-1	682	Sola1-5_CGi_tp#DNA/Sola-1 RBRM:Sola1-5_CGi frameshifts:1 cds_range:1264-3311 via tfasty with Sola1-2_HM [Crassostrea gigas]
Sola1-5_LMi_tp	Sola	DNA/Sola-1	270	Sola1-5_LMi_tp#DNA/Sola-1 RBRM:Sola1-5_LMi cds_range:836-1646 C-terminal fragment. [Locusta migratoria]
Sola1-5_PI_tp	Sola	DNA/Sola-1	591	Sola1-5_PI_tp#DNA/Sola-1 RBRM:Sola1-5_PI frameshifts:1 cds_range:1-1775 via tfasty with Sola1-4_PI [Phytophthora infestans]
Sola1-6_AAe_tp	Sola	DNA/Sola-1	715	Sola1-6_AAe_tp#DNA/Sola-1 RBRM:Sola1-6_AAe cds_range:259-2534 exons:259-1037;1097-1590;1660-2534 via genewise with Sola1-2_AA [Aedes aegypti]
Sola1-6_AP_tp	Sola	DNA/Sola-1	621	Sola1-6_AP_tp#DNA/Sola-1 RBRM:Sola1-6_AP cds_range:1044-2907 [Acyrthosiphon pisum]
Sola1-6_PI_tp	Sola	DNA/Sola-1	744	Sola1-6_PI_tp#DNA/Sola-1 RBRM:Sola1-6_PI frameshifts:1 cds_range:175-2406 via tfasty with Sola1-2_PI [Phytophthora infestans]
Sola1-7_AP_tp	Sola	DNA/Sola-1	640	Sola1-7_AP_tp#DNA/Sola-1 RBRM:Sola1-7_AP frameshifts:1 stops:1 cds_range:2427-4348 via genewise with Sola1-11_AP, More going on upstream, but signals have been compromised it seems. [Acyrthosiphon pisum]
Sola1-7_LMi_tp	Sola	DNA/Sola-1	589	Sola1-7_LMi_tp#DNA/Sola-1 RBRM:Sola1-7_LMi frameshifts:4 cds_range:617-2382 via tfasty with Sola1-3_LMi [Locusta migratoria]
Sola1-8_AP_tp	Sola	DNA/Sola-1	612	Sola1-8_AP_tp#DNA/Sola-1 RBRM:Sola1-8_AP frameshifts:1 stops:2 cds_range:1321-3156 via tfasty with Sola1-10_AP [Acyrthosiphon pisum]
Sola1-9_AP_tp	Sola	DNA/Sola-1	704	Sola1-9_AP_tp#DNA/Sola-1 RBRM:Sola1-9_AP frameshifts:1 cds_range:663-2825 exons:663-947;998-2825 via genewise with Sola1-1_AA [Acyrthosiphon pisum]
Sola1-9_LMi_tp	Sola	DNA/Sola-1	601	Sola1-9_LMi_tp#DNA/Sola-1 RBRM:Sola1-9_LMi cds_range:229-2032 [Locusta migratoria]
Sola1-10_AP_tp	Sola	DNA/Sola-1	648	Sola1-10_AP_tp#DNA/Sola-1 RBRM:Sola1-10_AP frameshifts:1 cds_range:1212-3155 via tfasty with Sola1-1_AP [Acyrthosiphon pisum]
Sola1-11_AP_tp	Sola	DNA/Sola-1	665	Sola1-11_AP_tp#DNA/Sola-1 RBRM:Sola1-11_AP frameshifts:2 cds_range:1152-3145 via tfasty with Sola1-5_AP (apparent 120 bp deletion in consensus at pos. 2652). [Acyrthosiphon pisum]
Sola-1_DK_tp	Sola	DNA/Sola-1	578	Sola-1_DK_tp#DNA/Sola-1 RBRM:Sola-1_DK frameshifts:1 cds_range:712-2445 via tfasty with Sola1-7_AP [Drosophila kikkawai]
Sola2-1_BM__tp	Sola	DNA/Sola-2	732	Sola2-1_BM__tp#DNA/Sola-2 RBRM:Sola2-1_BM cds_range:1112-3308 [Bombyx mori]
Sola2-1_CGi_tp	Sola	DNA/Sola-2	876	Sola2-1_CGi_tp#DNA/Sola-2 RBRM:Sola2-1_CGi cds_range:1472-4100 [Crassostrea gigas]
Sola2-1_CTe_tp	Sola	DNA/Sola-2	780	Sola2-1_CTe_tp#DNA/Sola-2 RBRM:Sola2-1_CTe frameshifts:1 cds_range:814-3153 via tfasty with Sola2-7_HMa [Capitella teleta]
Sola2-1_DPu_tp	Sola	DNA/Sola-2	736	Sola2-1_DPu_tp#DNA/Sola-2 RBRM:Sola2-1_DPu frameshifts:1 stops:1 cds_range:843-3050 via tfasty with Sola2-4_HM [Daphnia pulex]
Sola2-1_HM_tp	Sola	DNA/Sola-2	750	Sola2-1_HM_tp#DNA/Sola-2 RBRM:Sola2-1_HM cds_range:1554-3804 [Hydra vulgaris]
Sola2-1_HRo_tp	Sola	DNA/Sola-2	455	Sola2-1_HRo_tp#DNA/Sola-2 RBRM:Sola2-1_HRo frameshifts:2 cds_range:745-2096 (fragment) via tfasty with Sola2-1_CTe [Helobdella robusta]
Sola2-1_Hrobusta_tp	Sola	DNA/Sola-2	258	Sola2-1_Hrobusta_tp#DNA/Sola-2 RBRM:Sola2-1_Hrobusta frameshifts:1 cds_range:50-823 (fragment) via tfasty with Sola2-1_SSa [Helobdella robusta]
Sola2-1_LG_tp	Sola	DNA/Sola-2	654	Sola2-1_LG_tp#DNA/Sola-2 RBRM:Sola2-1_LG cds_range:144-2106 [Lottia gigantea]
Sola2-1_LHu_tp	Sola	DNA/Sola-2	637	Sola2-1_LHu_tp#DNA/Sola-2 RBRM:Sola2-1_LHu cds_range:1010-2921 [Linepithema humile]
Sola2-1_LMi_tp	Sola	DNA/Sola-2	770	Sola2-1_LMi_tp#DNA/Sola-2 RBRM:Sola2-1_LMi cds_range:771-3081 [Locusta migratoria]
Sola2-1_LSal_tp	Sola	DNA/Sola-2	692	Sola2-1_LSal_tp#DNA/Sola-2 RBRM:Sola2-1_LSal stops:2 cds_range:835-2911 via tfasty with Sola2-1_LMi [Lepeophtheirus salmonis]
Sola2-1_NV_tp	Sola	DNA/Sola-2	720	Sola2-1_NV_tp#DNA/Sola-2 RBRM:Sola2-1_NV frameshifts:7 stops:1 cds_range:1309-3470 via tfasty with Sola2-6_HM [Nematostella vectensis]
Sola2-1_NVi_tp	Sola	DNA/Sola-2	637	Sola2-1_NVi_tp#DNA/Sola-2 RBRM:Sola2-1_NVi frameshifts:2 cds_range:1104-3015 via tfasty with Sola2-2_NVi [Nasonia vitripennis]
Sola2-1_SIn_tp	Sola	DNA/Sola-2	632	Sola2-1_SIn_tp#DNA/Sola-2 RBRM:Sola2-1_SIn frameshifts:1 cds_range:740-2634 via tfasty with Sola2-1_NVi, around 2490. [Solenopsis invicta]
Sola2-1_SP_tp	Sola	DNA/Sola-2	681	Sola2-1_SP_tp#DNA/Sola-2 RBRM:Sola2-1_SP cds_range:1535-3578 [Strongylocentrotus purpuratus]
Sola2-1_SSa_tp	Sola	DNA/Sola-2	462	Sola2-1_SSa_tp#DNA/Sola-2 RBRM:Sola2-1_SSa cds_range:925-2701 exons:925-1366;1756-2701 via genewise with Sola2-2_CTe [Salmo salar]
Sola2-2_AAe_tp	Sola	DNA/Sola-2	719	Sola2-2_AAe_tp#DNA/Sola-2 RBRM:Sola2-2_AAe frameshifts:1 cds_range:1410-3568 via tfasty with Sola2-4_AAe [Aedes aegypti]
Sola2-2_CGi_tp	Sola	DNA/Sola-2	414	Sola2-2_CGi_tp#DNA/Sola-2 RBRM:Sola2-2_CGi frameshifts:2 cds_range:805-2044 , fragment [Crassostrea gigas]
Sola2-2_CTe_tp	Sola	DNA/Sola-2	712	Sola2-2_CTe_tp#DNA/Sola-2 RBRM:Sola2-2_CTe frameshifts:2 cds_range:350-2789 exons:350-792;1092-2789 via genewise with Sola2-1_BM [Capitella teleta]
Sola2-2_DPu_tp	Sola	DNA/Sola-2	638	Sola2-2_DPu_tp#DNA/Sola-2 RBRM:Sola2-2_DPu frameshifts:2 stops:3 cds_range:1136-3050 via tfasty with Sola2-2_HM [Daphnia pulex]
Sola2-2_HM_tp	Sola	DNA/Sola-2	825	Sola2-2_HM_tp#DNA/Sola-2 RBRM:Sola2-2_HM cds_range:1246-3810 exons:1246-1519;1608-3810 via genewise with Sola2-12_HMa [Hydra vulgaris]
Sola2-2_LHu_tp	Sola	DNA/Sola-2	646	Sola2-2_LHu_tp#DNA/Sola-2 RBRM:Sola2-2_LHu frameshifts:5 stops:2 cds_range:802-2723 via tfasty with Sola2-1_LHu [Linepithema humile]
Sola2-2_LSal_tp	Sola	DNA/Sola-2	680	Sola2-2_LSal_tp#DNA/Sola-2 RBRM:Sola2-2_LSal frameshifts:2 cds_range:1255-3293 via tfasty with Sola2-1_LMi [Lepeophtheirus salmonis]
Sola2-2_NVi_tp	Sola	DNA/Sola-2	669	Sola2-2_NVi_tp#DNA/Sola-2 RBRM:Sola2-2_NVi cds_range:1487-3494 [Nasonia vitripennis]
Sola2-2_SIn_tp	Sola	DNA/Sola-2	682	Sola2-2_SIn_tp#DNA/Sola-2 RBRM:Sola2-2_SIn cds_range:706-2752 [Solenopsis invicta]
Sola2-2_SP_tp	Sola	DNA/Sola-2	739	Sola2-2_SP_tp#DNA/Sola-2 RBRM:Sola2-2_SP cds_range:1490-3707 [Strongylocentrotus purpuratus]
Sola2-3_AAe_tp	Sola	DNA/Sola-2	680	Sola2-3_AAe_tp#DNA/Sola-2 RBRM:Sola2-3_AAe frameshifts:1 cds_range:1367-3516 exons:1367-1952;2006-2707;2763-3516 via genewise with Sola2-4_AAe [Aedes aegypti]
Sola2-3_DPu_tp	Sola	DNA/Sola-2	806	Sola2-3_DPu_tp#DNA/Sola-2 RBRM:Sola2-3_DPu frameshifts:4 stops:1 cds_range:1123-4215 exons:1123-1604;2280-4215 via genewise with Sola2-5_HM_tp#DNA/Sola-2 RMDB [Daphnia pulex]
Sola2-3_HM_tp	Sola	DNA/Sola-2	543	Sola2-3_HM_tp#DNA/Sola-2 RBRM:Sola2-3_HM cds_range:912-2541 [Hydra vulgaris]
Sola2-3_LSal_tp	Sola	DNA/Sola-2	878	Sola2-3_LSal_tp#DNA/Sola-2 RBRM:Sola2-3_LSal frameshifts:3 stops:4 cds_range:778-3413 via tfasty with Sola2-5_HM [Lepeophtheirus salmonis]
Sola2-3_NVi_tp	Sola	DNA/Sola-2	618	Sola2-3_NVi_tp#DNA/Sola-2 RBRM:Sola2-3_NVi frameshifts:1 cds_range:1506-3359 via tfasty with Sola2-2_NVi [Nasonia vitripennis]
Sola2-3_SP_tp	Sola	DNA/Sola-2	385	Sola2-3_SP_tp#DNA/Sola-2 RBRM:Sola2-3_SP stops:2 cds_range:711-1866 (Fragment) Via tfasty with Sola2-1_SP [Strongylocentrotus purpuratus]
Sola2-4_AAe_tp	Sola	DNA/Sola-2	712	Sola2-4_AAe_tp#DNA/Sola-2 RBRM:Sola2-4_AAe cds_range:1172-3308 [Aedes aegypti]
Sola2-4_HM_tp	Sola	DNA/Sola-2	737	Sola2-4_HM_tp#DNA/Sola-2 RBRM:Sola2-4_HM cds_range:1586-4012 exons:1586-3460;3675-4012 Via genewise with Sola2-6_HM [Hydra vulgaris]
Sola2-4_NVi_tp	Sola	DNA/Sola-2	412	Sola2-4_NVi_tp#DNA/Sola-2 RBRM:Sola2-4_NVi frameshifts:1 cds_range:3094-4331 via tfasty with Sola2-1_NVi, one 165 AA internal gap. [Nasonia vitripennis]
Sola2-5_AAe_tp	Sola	DNA/Sola-2	736	Sola2-5_AAe_tp#DNA/Sola-2 RBRM:Sola2-5_AAe frameshifts:2 cds_range:1317-3525 via tfasty with Sola2-6_AAe [Aedes aegypti]
Sola2-5_HM_tp	Sola	DNA/Sola-2	771	Sola2-5_HM_tp#DNA/Sola-2 RBRM:Sola2-5_HM frameshifts:1 cds_range:1552-3866 via tfasty with Sola2-6_HM [Hydra vulgaris]
Sola2-5_LMi_tp	Sola	DNA/Sola-2	559	Sola2-5_LMi_tp#DNA/Sola-2 RBRM:Sola2-5_LMi cds_range:870-2547 Misses N-terminal bit, but no sign of upstream exon [Locusta migratoria]
Sola2-5_LSal_tp	Sola	DNA/Sola-2	694	Sola2-5_LSal_tp#DNA/Sola-2 RBRM:Sola2-5_LSal frameshifts:1 stops:1 cds_range:898-2979 via tfasty with Sola2-1_LSal [Lepeophtheirus salmonis]
Sola2-6_AAe_tp	Sola	DNA/Sola-2	718	Sola2-6_AAe_tp#DNA/Sola-2 RBRM:Sola2-6_AAe frameshifts:1 cds_range:1196-3435 exons:1196-1514;1598-3435 via genewise with Sola2-4_AAe [Aedes aegypti]
Sola2-6_HM_tp	Sola	DNA/Sola-2	772	Sola2-6_HM_tp#DNA/Sola-2 RBRM:Sola2-6_HM cds_range:1160-3476 [Hydra vulgaris]
Sola2-6_LMi_tp	Sola	DNA/Sola-2	524	Sola2-6_LMi_tp#DNA/Sola-2 RBRM:Sola2-6_LMi frameshifts:3 cds_range:730-2298 via genewise with Sola2-1_LSal [Locusta migratoria]
Sola2-6_LSal_tp	Sola	DNA/Sola-2	746	Sola2-6_LSal_tp#DNA/Sola-2 RBRM:Sola2-6_LSal frameshifts:4 stops:1 cds_range:1545-3784 via tfasty with Sola2-11_HMa [Lepeophtheirus salmonis]
Sola2-7_HMa_tp	Sola	DNA/Sola-2	744	Sola2-7_HMa_tp#DNA/Sola-2 RBRM:Sola2-7_HMa cds_range:1570-3802 [Hydra vulgaris]
Sola2-7_LMi_tp	Sola	DNA/Sola-2	862	Sola2-7_LMi_tp#DNA/Sola-2 RBRM:Sola2-7_LMi frameshifts:2 cds_range:916-3502 via tfasty with Sola2-3_LSal [Locusta migratoria]
Sola2-8_HMa_tp	Sola	DNA/Sola-2	741	Sola2-8_HMa_tp#DNA/Sola-2 RBRM:Sola2-8_HMa cds_range:1377-3600 [Hydra vulgaris]
Sola2-8_LMi_tp	Sola	DNA/Sola-2	855	Sola2-8_LMi_tp#DNA/Sola-2 RBRM:Sola2-8_LMi frameshifts:6 cds_range:1140-3707 via tfasty with Sola2-9_HMa [Locusta migratoria]
Sola2-9_HMa_tp	Sola	DNA/Sola-2	838	Sola2-9_HMa_tp#DNA/Sola-2 RBRM:Sola2-9_HMa cds_range:1649-4347 exons:1649-1911;2095-4347 via genewise with Sola2-7_LMi [Hydra vulgaris]
Sola2-11_HMa_tp	Sola	DNA/Sola-2	748	Sola2-11_HMa_tp#DNA/Sola-2 RBRM:Sola2-11_HMa cds_range:1996-4240 [Hydra vulgaris]
Sola2-12_HMa_tp	Sola	DNA/Sola-2	853	Sola2-12_HMa_tp#DNA/Sola-2 RBRM:Sola2-12_HMa cds_range:970-3529 [Hydra vulgaris]
Sola2-13_HM_tp	Sola	DNA/Sola-2	840	Sola2-13_HM_tp#DNA/Sola-2 RBRM:Sola2-13_HM stops:1 cds_range:1049-3569 via tfasty with Sola2-2_HM_tp [Hydra vulgaris]
Sola3-1_AA_tp	Sola	DNA/Sola-3	979	Sola3-1_AA_tp#DNA/Sola-3 RBRM:Sola3-1_AA stops:1 cds_range:1278-4327 exons:1278-3237;3349-4327 Via Genewise with Sola3-3_HM [Aedes aegypti]
Sola3-1_ADi_tp	Sola	DNA/Sola-3	1182	Sola3-1_ADi_tp#DNA/Sola-3 RBRM:Sola3-1_ADi stops:1 cds_range:1318-6932 exons:1318-1723;1960-2004;3049-5633;6419-6932 via genewise with Sola3-3_BF [Acropora digitifera]
Sola3-1_BF_tp	Sola	DNA/Sola-3	1153	Sola3-1_BF_tp#DNA/Sola-3 RBRM:Sola3-1_BF cds_range:2078-7150 exons:2078-2483;3342-3551;3659-4530;4893-5021;5229-6246;6321-7150 Via genewise with Sola3-3_BF [Branchiostoma floridae]
Sola3-1_CapOwc_tp	Sola	DNA/Sola-3	631	Sola3-1_CapOwc_tp#DNA/Sola-3 RBRM:Sola3-1_CapOwc cds_range:416-2458 exons:416-1714;1787-2017;2093-2458 via genewise with Sola3-3_BF,) [Capsaspora owczarzaki] The ORF 2476-3906 encodes a protein that currently is not similar to anything else in the transposon protein database nor the NCBI nr databases.
Sola3-1_CB_tp	Sola	DNA/Sola-3	1151	Sola3-1_CB_tp#DNA/Sola-3 RBRM:Sola3-1_CB frameshifts:1 cds_range:1162-5181 exons:1162-1233;1267-1428;1473-1844;1890-2428;2474-2774;2818-2941;3058-3782;4014-5181 via genewise with Sola3-2_CB [Caenorhabditis brenneri]
Sola3-1_CCri_tp	Sola	DNA/Sola-3	1161	Sola3-1_CCri_tp#DNA/Sola-3 RBRM:Sola3-1_CCri frameshifts:3 cds_range:211-3808 exons:211-2795;2906-3808 via genewise with Sola3-1_DPu, [Chondrus crispus]
Sola3-1_CGi_tp	Sola	DNA/Sola-3	1145	Sola3-1_CGi_tp#DNA/Sola-3 RBRM:Sola3-1_CGi frameshifts:3 cds_range:623-7210 exons:623-997;1402-1477;4113-6346;6462-7210 via genewise with Sola3-1_Lgigantea [Crassostrea gigas]
Sola3-1_DPu_tp	Sola	DNA/Sola-3	1060	Sola3-1_DPu_tp#DNA/Sola-3 RBRM:Sola3-1_DPu frameshifts:1 stops:1 cds_range:1130-4474 exons:1130-3078;3136-3421;3526-4474 Fragment (first exon(s) missing) via genewise with Sola3-3_PS_tp#DNA/Sola-3 RMDB [Daphnia pulex]
Sola3-1_HM_tp	Sola	DNA/Sola-3	967	Sola3-1_HM_tp#DNA/Sola-3 RBRM:Sola3-1_HM cds_range:1142-4142 exons:1142-1253;1352-4142 Via genewise with Sola3-3_HM [Hydra vulgaris]
Sola3-1_Lgigantea_tp	Sola	DNA/Sola-3	1077	Sola3-1_Lgigantea_tp#DNA/Sola-3 RBRM:Sola3-1_Lgigantea frameshifts:2 stops:1 cds_range:740-3969 via tfasty with Sola3-1_ADi [Lottia gigantea]
Sola3-1_NV_tp	Sola	DNA/Sola-3	509	Sola3-1_NV_tp#DNA/Sola-3 RBRM:Sola3-1_NV cds_range:2624-4151 Fragment (C terminus). [Nematostella vectensis]
Sola3-1_PS_tp	Sola	DNA/Sola-3	1238	Sola3-1_PS_tp#DNA/Sola-3 RBRM:Sola3-1_PS cds_range:931-4645 [Phytophthora sojae]
Sola3-2_ADi_tp	Sola	DNA/Sola-3	1034	Sola3-2_ADi_tp#DNA/Sola-3 RBRM:Sola3-2_ADi frameshifts:1 cds_range:1546-4812 exons:1546-1697;1860-4812 via genewise  with Sola3-3_BF [Acropora digitifera]
Sola3-2_BF_tp	Sola	DNA/Sola-3	1137	Sola3-2_BF_tp#DNA/Sola-3 RBRM:Sola3-2_BF cds_range:1856-6631 exons:1856-2261;2375-2486;2698-2760;3164-4032;4400-4528;4716-5737;5815-6631 Via genewise with Sola3-1_BF [Branchiostoma floridae]
Sola3-2_CB_tp	Sola	DNA/Sola-3	1219	Sola3-2_CB_tp#DNA/Sola-3 RBRM:Sola3-2_CB cds_range:1280-5700 exons:1280-1557;1595-1691;1735-1871;1930-2087;2129-2404;2451-3066;3109-3232;3318-3595;3640-3966;4146-4245;4335-4644;4687-5002;5048-5700 via genescan [Caenorhabditis brenneri]
Sola3-2_HM_tp	Sola	DNA/Sola-3	1062	Sola3-2_HM_tp#DNA/Sola-3 RBRM:Sola3-2_HM cds_range:1204-4608 exons:1204-1362;1453-4213;4340-4608 Via genewise with Sola3-4_HM and Sola3-2_BF [Hydra vulgaris]
Sola3-2_NV_tp	Sola	DNA/Sola-3	1126	Sola3-2_NV_tp#DNA/Sola-3 RBRM:Sola3-2_NV cds_range:1473-6444 exons:1473-1656;1898-2117;2477-2682;2993-3921;4121-4793;4963-5297;5607-6444 Via genewise with Sola3-2_BF [Nematostella vectensis]
Sola3-2_PS_tp	Sola	DNA/Sola-3	1133	Sola3-2_PS_tp#DNA/Sola-3 RBRM:Sola3-2_PS frameshifts:2 stops:2 cds_range:160-4015 exons:160-2901;3093-3538;3802-4015 via genewise with Sola3-1_PS_tp#DNA/Sola-3 RMDB [Phytophthora sojae]
Sola3-3_BF_tp	Sola	DNA/Sola-3	1177	Sola3-3_BF_tp#DNA/Sola-3 RBRM:Sola3-3_BF cds_range:1516-5047 [Branchiostoma floridae]
Sola3-3_HM_tp	Sola	DNA/Sola-3	1037	Sola3-3_HM_tp#DNA/Sola-3 RBRM:Sola3-3_HM cds_range:1568-4837 exons:1568-4371;4529-4837 via genewise with Sola3-4_HM [Hydra vulgaris]
Sola3-3_NV_tp	Sola	DNA/Sola-3	389	Sola3-3_NV_tp#DNA/Sola-3 RBRM:Sola3-3_NV frameshifts:4 stops:3 cds_range:1747-2914 Fragment via tfasty with Sola3-3_BF [Nematostella vectensis]
Sola3-3_PS_tp	Sola	DNA/Sola-3	1187	Sola3-3_PS_tp#DNA/Sola-3 RBRM:Sola3-3_PS frameshifts:3 stops:1 cds_range:1363-4991 exons:1363-4106;4177-4991 via genewise with Sola3-1_PS and  Sola3-2_PS, [Phytophthora sojae]
Sola3-4_HM_tp	Sola	DNA/Sola-3	1012	Sola3-4_HM_tp#DNA/Sola-3 RBRM:Sola3-4_HM frameshifts:1 cds_range:1170-4202 via tfasty with Sola3-3_HM [Hydra vulgaris]
Sola3-1_CR_tp	Sola	DNA/Sola-3	969	Sola3-1_CR_tp#DNA/Sola-3 RBRM:Sola3-1_CR frameshifts:3 stops:1 cds_range:1438-4402 exons:1438-2337;2370-4402 via genewise with Sola3-1_CR a large deletion at around pos 3600. [Caenorhabditis remanei]
HSMAR1_tp	TcMar	DNA/TcMar-Mariner	340	HSMAR1_tp#DNA/TcMar-Mariner  Dfam:DF0000212 stops:1 cds_range:187-1207 via tfasty with Mariner-13_HSal_tp [Simiiformes]
HSMAR2_tp	TcMar	DNA/TcMar-Mariner	351	HSMAR2_tp#DNA/TcMar-Mariner  Dfam:DF0000213 cds_range:182-1235 [Primates]
Mariner2_CE_tp	TcMar	DNA/TcMar-Mariner	361	Mariner2_CE_tp#DNA/TcMar-Mariner  Dfam:DF0001516 cds_range:83-1166 [Caenorhabditis elegans]
Mariner4_CE_tp	TcMar	DNA/TcMar-Mariner	323	Mariner4_CE_tp#DNA/TcMar-Mariner  Dfam:DF0001436 frameshifts:4 stops:2 cds_range:206-1173 wised with Mcmar1 [Caenorhabditis elegans]
Mariner5_CE_tp	TcMar	DNA/TcMar-Mariner	338	Mariner5_CE_tp#DNA/TcMar-Mariner  Dfam:DF0001437 frameshifts:3 stops:2 cds_range:164-1175 wised with Mariner4_CB [Caenorhabditis elegans]
BARI1_tp	TcMar	DNA/TcMar-Tc1	333	BARI1_tp#DNA/TcMar-Tc1  Dfam:DF0001537 frameshifts:2 stops:1 cds_range:340-1339 wised with BARI_DM and Tc1_FR4 [Drosophila fruit fly genus]
BARI_DM_tp	TcMar	DNA/TcMar-Tc1	353	BARI_DM_tp#DNA/TcMar-Tc1  Dfam:DF0001538 cds_range:336-1395 [Drosophila fruit fly genus]
FB4_DM_tp	TcMar	DNA/TcMar-Tc1	337	FB4_DM_tp#DNA/TcMar-Tc1  Dfam:DF0001593 frameshifts:1 stops:3 cds_range:1441-2453 wised with Tc1_DM [Drosophila fruit fly genus]
Mariner-1_DR_tp	TcMar	DNA/TcMar-Tc1	329	Mariner-1_DR_tp#DNA/TcMar-Tc1  Dfam:DF0002737 frameshifts:3 cds_range:284-1272 via tfasty with Tc1-2_Xt_tp [Danio rerio]
Mariner-2_DR_tp	TcMar	DNA/TcMar-Tc1	326	Mariner-2_DR_tp#DNA/TcMar-Tc1  Dfam:DF0002751 frameshifts:3 stops:1 cds_range:306-1283 via tfasty with Tc1-2_Xt_tp [Danio rerio]
Mariner-6_DR_tp	TcMar	DNA/TcMar-Tc1	345	Mariner-6_DR_tp#DNA/TcMar-Tc1  Dfam:DF0003869 cds_range:375-1410 [Danio rerio]
Mariner-7_DR_tp	TcMar	DNA/TcMar-Tc1	335	Mariner-7_DR_tp#DNA/TcMar-Tc1  Dfam:DF0002857 cds_range:317-1322 [Danio rerio]
S2_DM_tp	TcMar	DNA/TcMar-Tc1	348	S2_DM_tp#DNA/TcMar-Tc1  Dfam:DF0001729 stops:1 cds_range:393-1437 [Drosophila fruit fly genus]
S_DM_tp	TcMar	DNA/TcMar-Tc1	345	S_DM_tp#DNA/TcMar-Tc1  Dfam:DF0001702 cds_range:403-1438 [Drosophila fruit fly genus]
Tc1-2_DM_tp	TcMar	DNA/TcMar-Tc1	353	Tc1-2_DM_tp#DNA/TcMar-Tc1  Dfam:DF0001713 cds_range:316-1375 [Drosophila fruit fly genus]
Tc1-4_DR_tp	TcMar	DNA/TcMar-Tc1	365	Tc1-4_DR_tp#DNA/TcMar-Tc1  Dfam:DF0004017 cds_range:274-1369 [Danio]
Tc1-8_DR_tp	TcMar	DNA/TcMar-Tc1	341	Tc1-8_DR_tp#DNA/TcMar-Tc1  Dfam:DF0003826 cds_range:364-1387 [Danio rerio]
Tc1_DM_tp	TcMar	DNA/TcMar-Tc1	344	Tc1_DM_tp#DNA/TcMar-Tc1  Dfam:DF0001714 cds_range:319-1351 [Drosophila fruit fly genus]
Tc1DR1_tp	TcMar	DNA/TcMar-Tc1	329	Tc1DR1_tp#DNA/TcMar-Tc1  Dfam:DF0002372 frameshifts:1 stops:4 cds_range:15-1003 wised with Tc1_TF [Danio]
Kanga1_tp	TcMar	DNA/TcMar-Tc2	423	Kanga1_tp#DNA/TcMar-Tc2  Dfam:DF0000218 cds_range:239-1508 [Eutheria]
Tigger1_tp	TcMar	DNA/TcMar-Tigger	579	Tigger1_tp#DNA/TcMar-Tigger  Dfam:DF0000891 stops:1 cds_range:424-2161 stopcodon bridged [Afrotheria]
Tigger2_tp	TcMar	DNA/TcMar-Tigger	627	Tigger2_tp#DNA/TcMar-Tigger  Dfam:DF0000836 cds_range:602-2483 [Cetartiodactyla]
Tigger3_tp	TcMar	DNA/TcMar-Tigger	614	Tigger3_tp#DNA/TcMar-Tigger  Dfam:DF0000840 cds_range:462-2304 [Primates]
Tigger4_tp	TcMar	DNA/TcMar-Tigger	554	Tigger4_tp#DNA/TcMar-Tigger  Dfam:DF0000844 cds_range:408-2070 [Primates]
Tigger5_tp	TcMar	DNA/TcMar-Tigger	647	Tigger5_tp#DNA/TcMar-Tigger  Dfam:DF0000847 cds_range:124-2065 [Primates]
Tigger6_tp	TcMar	DNA/TcMar-Tigger	551	Tigger6_tp#DNA/TcMar-Tigger  Dfam:DF0001299 cds_range:350-2003 [Eutheria]
Tigger7_tp	TcMar	DNA/TcMar-Tigger	642	Tigger7_tp#DNA/TcMar-Tigger  Dfam:DF0000851 cds_range:319-2245 [Primates]
Tigger10_tp	TcMar	DNA/TcMar-Tigger	582	Tigger10_tp#DNA/TcMar-Tigger  Dfam:DF0000821 cds_range:106-1852 [Theria mammalia]
Tigger17_tp	TcMar	DNA/TcMar-Tigger	660	Tigger17_tp#DNA/TcMar-Tigger  Dfam:DF0000830 cds_range:112-2092 [Eutheria]
UN-23128385_NP_tp	TcMar	DNA/TcMar	383	UN-23128385_NP_tp#DNA/TcMar   COG3335: Transposase and inactivated derivatives. Named IsAn1 in Biondi et al, as if it is in an Anabaena species. [Nostoc punctiforme PCC 73102]
UN-25026896_CE_tp	TcMar	DNA/TcMar	344	UN-25026896_CE_tp#DNA/TcMar   putative transposase [Corynebacterium efficiens YS-314]
UN-42761524_DD_tp	TcMar	DNA/TcMar	250	UN-42761524_DD_tp#DNA/TcMar   similar to Drosophila melanogaster (Fruit fly). RE12057p [Dictyostelium discoideum]
UN-46134321_AV_tp	TcMar	DNA/TcMar	356	UN-46134321_AV_tp#DNA/TcMar   COG3335: Transposase and inactivated derivatives [Anabaena variabilis ATCC 29413]
UN-52548815_Archaeon_tp	TcMar	DNA/TcMar	340	UN-52548815_Archaeon_tp#DNA/TcMar   transposase [Uncultured archaeon GZfos19A5]
UN-ISC1048_SS_tp	TcMar	DNA/TcMar	327	UN-ISC1048_SS_tp#DNA/TcMar   Transposase in transposon ISC1048 [Sulfolobus solfataricus P2]
UN-ISC1395_SS_tp	TcMar	DNA/TcMar	298	UN-ISC1395_SS_tp#DNA/TcMar   Transposase in ISC1395 [Sulfolobus solfataricus P2]
UN-TBE2_OF_tp	TcMar	DNA/TcMar	354	UN-TBE2_OF_tp#DNA/TcMar   42 kDa transposase [Oxytricha fallax]
UN-Tec1_MC_tp	TcMar	DNA/TcMar	382	UN-Tec1_MC_tp#DNA/TcMar   ORF1 [Moneuplotes crassus]
UN-Tec2_MC_tp	TcMar	DNA/TcMar	383	UN-Tec2_MC_tp#DNA/TcMar   ORF1 [Moneuplotes crassus]
UN-39969559_MG_tp	TcMar	DNA/TcMar-Ant1	634	UN-39969559_MG_tp#DNA/TcMar-Ant1   hypothetical protein MG10389.4 [Magnaporthe grisea ]
UN-46130700_GZ_tp	TcMar	DNA/TcMar-Ant1	312	UN-46130700_GZ_tp#DNA/TcMar-Ant1   hypothetical protein FG08954.1 [Gibberella zeae PH-1]
UN-46130760_GZ_tp	TcMar	DNA/TcMar-Ant1	332	UN-46130760_GZ_tp#DNA/TcMar-Ant1   hypothetical protein FG08962.1 [Gibberella zeae PH-1]
UN-Ant1_ApNi_tp	TcMar	DNA/TcMar-Ant1	325	UN-Ant1_ApNi_tp#DNA/TcMar-Ant1   putative Tc1-mariner class transposase/IS630-Tc1 homolog transposon Ant1 [Aspergillus niger]
UN-Aot1_AO_tp	TcMar	DNA/TcMar-Ant1	326	UN-Aot1_AO_tp#DNA/TcMar-Ant1   putative transposase  [Aspergillus oryzae]
UN-2133335_CC_tp	TcMar	DNA/TcMar-Fot1	534	UN-2133335_CC_tp#DNA/TcMar-Fot1   transposase - fungus [Cochliobolus carbonum]
UN-39946842_MG_tp	TcMar	DNA/TcMar-Fot1	556	UN-39946842_MG_tp#DNA/TcMar-Fot1   hypothetical protein MG08479.4 [Magnaporthe grisea ]
UN-46110631_GZ_tp	TcMar	DNA/TcMar-Fot1	636	UN-46110631_GZ_tp#DNA/TcMar-Fot1   hypothetical protein FG02197.1 [Gibberella zeae PH-1]
UN-Fot1_FO_tp	TcMar	DNA/TcMar-Fot1	542	UN-Fot1_FO_tp#DNA/TcMar-Fot1   hypothetical protein - fungus [Fusarium oxysporum]
UN-Fot5_FO_tp	TcMar	DNA/TcMar-Fot1	551	UN-Fot5_FO_tp#DNA/TcMar-Fot1   Fot5 transposase [Fusarium oxysporum f. sp. lycopersici]
UN-Mariner-6_AN_tp	TcMar	DNA/TcMar-Fot1	554	UN-Mariner-6_AN_tp#DNA/TcMar-Fot1   hypothetical protein AN6559.2  (aka Aspergillus n.) [Aspergillus nidulans]
UN-Molly_SN_tp	TcMar	DNA/TcMar-Fot1	550	UN-Molly_SN_tp#DNA/TcMar-Fot1   also equals  putative transposase [Parastagonospora nodorum]
UN-NHT1_tp	TcMar	DNA/TcMar-Fot1	550	UN-NHT1_tp#DNA/TcMar-Fot1   via genewise with Fot1_FO_tp, 2 introns (821:884, 1226:1274) (protein is very similar to   putative transposase) [Nectria haematococca]
UN-PUNTRIP_NC_tp	TcMar	DNA/TcMar-Fot1	270	UN-PUNTRIP_NC_tp#DNA/TcMar-Fot1   actually:  related to transposase [Neurospora crassa]
UN-Tan1_AA_tp	TcMar	DNA/TcMar-Fot1	555	UN-Tan1_AA_tp#DNA/TcMar-Fot1   transposase [Aspergillus awamori]
UN-14041729_XN_tp	TcMar	DNA/TcMar-Fot1	347	UN-14041729_XN_tp#DNA/TcMar-Fot1   transposase [Xenorhabdus nematophila]
UN-24373700_SO_tp	TcMar	DNA/TcMar-Fot1	343	UN-24373700_SO_tp#DNA/TcMar-Fot1   transposase, putative [Shewanella oneidensis MR-1]
UN-26247122_Eco_tp	TcMar	DNA/TcMar-Fot1	345	UN-26247122_Eco_tp#DNA/TcMar-Fot1   hypothetical protein c1248 [Escherichia coli CFT073]
UN-37524477_PL_tp	TcMar	DNA/TcMar-Fot1	337	UN-37524477_PL_tp#DNA/TcMar-Fot1   Transposase, IS630 family [Photorhabdus luminescens subsp. laumondii TTO1]
UN-37528628_PL_tp	TcMar	DNA/TcMar-Fot1	341	UN-37528628_PL_tp#DNA/TcMar-Fot1   Transposase, IS630 family [Photorhabdus luminescens subsp. laumondii TTO1]
UN-37927529_Eco_tp	TcMar	DNA/TcMar-Fot1	343	UN-37927529_Eco_tp#DNA/TcMar-Fot1   TnpA-like protein (97% identical to 15149177 in Shigella sonnei) [Escherichia coli]
UN-49658890_YP_tp	TcMar	DNA/TcMar-Fot1	309	UN-49658890_YP_tp#DNA/TcMar-Fot1   DNA binding protein [Yersinia pseudotuberculosis]
UN-51492546_AE_tp	TcMar	DNA/TcMar-Fot1	343	UN-51492546_AE_tp#DNA/TcMar-Fot1   IS630-family transposase [Aeromonas punctata]
UN-52548315_Archaeon_tp	TcMar	DNA/TcMar-Fot1	306	UN-52548315_Archaeon_tp#DNA/TcMar-Fot1   transposase [Uncultured archaeon GZfos11A10]
UN-52548971_Archaeon_tp	TcMar	DNA/TcMar-Fot1	347	UN-52548971_Archaeon_tp#DNA/TcMar-Fot1   transposase, IS630 family [Uncultured archaeon GZfos1D1]
UN-54303161_PP_tp	TcMar	DNA/TcMar-Fot1	345	UN-54303161_PP_tp#DNA/TcMar-Fot1   Hypothetical transposase, IS630 family [Photobacterium profundum SS9]
UN-IS630_ST_tp	TcMar	DNA/TcMar-Fot1	345	UN-IS630_ST_tp#DNA/TcMar-Fot1   putative integrase protein [Salmonella typhimurium LT2]
UN-5002202_DR_tp	TcMar	DNA/TcMar-IS885	337	UN-5002202_DR_tp#DNA/TcMar-IS885   putative transposase [Deinococcus radiodurans R1]
UN-15795189_DR_tp	TcMar	DNA/TcMar-IS885	336	UN-15795189_DR_tp#DNA/TcMar-IS885   putative transposase [Deinococcus radiodurans R1]
UN-28173597_XO_tp	TcMar	DNA/TcMar-IS885	352	UN-28173597_XO_tp#DNA/TcMar-IS885   putative transposase [Xanthomonas oryzae pv. oryzae]
UN-45368562_AD_tp	TcMar	DNA/TcMar-IS885	345	UN-45368562_AD_tp#DNA/TcMar-IS885   TnpA (almost identical one in Burkholderia cepacia) [Achromobacter denitrificans]
UN-46323846_BC_tp	TcMar	DNA/TcMar-IS885	346	UN-46323846_BC_tp#DNA/TcMar-IS885   COG3335: Transposase and inactivated derivatives [Burkholderia cepacia R1808]
UN-53610985_AV_tp	TcMar	DNA/TcMar-IS885	292	UN-53610985_AV_tp#DNA/TcMar-IS885   COG3415: Transposase and inactivated derivatives [Azotobacter vinelandii]
UN-54031971_Polamoronas_tp	TcMar	DNA/TcMar-IS885	323	UN-54031971_Polamoronas_tp#DNA/TcMar-IS885   COG3335: Transposase and inactivated derivatives [Polaromonas sp. JS666]
UN-IS885_RE_tp	TcMar	DNA/TcMar-IS885	344	UN-IS885_RE_tp#DNA/TcMar-IS885   putative transposase of IS885 [Ralstonia eutropha]
UN-ISC1078_SS_tp	TcMar	DNA/TcMar-IS885	337	UN-ISC1078_SS_tp#DNA/TcMar-IS885   Transposase ISC1078 [Sulfolobus solfataricus P2]
UN-ISXo7_tp	TcMar	DNA/TcMar-IS885	344	UN-ISXo7_tp#DNA/TcMar-IS885   putative transposase [Xanthomonas oryzae pv. oryzae]
UN-1256600_Synechocystis_tp	TcMar	DNA/TcMar-ISRm11	282	UN-1256600_Synechocystis_tp#DNA/TcMar-ISRm11   putative transposase [Synechocystis sp. PCC 6803]
UN-2072514_Nostoc_tp	TcMar	DNA/TcMar-ISRm11	318	UN-2072514_Nostoc_tp#DNA/TcMar-ISRm11   orfAB [Nostoc sp. PCC 7120]
UN-3378363_Novosphingobium_tp	TcMar	DNA/TcMar-ISRm11	314	UN-3378363_Novosphingobium_tp#DNA/TcMar-ISRm11   transposase, fusion orf777 and orf780 [Novosphingobium aromaticivorans]
UN-4902869_SM_tp	TcMar	DNA/TcMar-ISRm11	311	UN-4902869_SM_tp#DNA/TcMar-ISRm11   ORFAB [Sinorhizobium meliloti]
UN-31202999_AG_tp	TcMar	DNA/TcMar-ISRm11	283	UN-31202999_AG_tp#DNA/TcMar-ISRm11   ENSANGP00000007326 [Anopheles gambiae]
UN-31212651_AG_tp	TcMar	DNA/TcMar-ISRm11	294	UN-31212651_AG_tp#DNA/TcMar-ISRm11   ENSANGP00000000892 [Anopheles gambiae]
UN-32479260_Ensifer_tp	TcMar	DNA/TcMar-ISRm11	315	UN-32479260_Ensifer_tp#DNA/TcMar-ISRm11   transposase [Ensifer adhaerens]
UN-49074584_UM_tp	TcMar	DNA/TcMar-ISRm11	355	UN-49074584_UM_tp#DNA/TcMar-ISRm11   hypothetical protein UM03801.1 [Ustilago maydis 521]
UN-49077172_UM_tp	TcMar	DNA/TcMar-ISRm11	358	UN-49077172_UM_tp#DNA/TcMar-ISRm11   hypothetical protein UM04867.1 [Ustilago maydis 521]
UN-ISRm10_tp	TcMar	DNA/TcMar-ISRm11	315	UN-ISRm10_tp#DNA/TcMar-ISRm11   transposase homolog [Sinorhizobium meliloti]
UN-ISRm11_SM_tp	TcMar	DNA/TcMar-ISRm11	332	UN-ISRm11_SM_tp#DNA/TcMar-ISRm11   putative transposase combined with  [Sinorhizobium meliloti]
UN-39579820_CB_tp	TcMar	DNA/TcMar-m44	392	UN-39579820_CB_tp#DNA/TcMar-m44   Hypothetical protein CBG24321  (better C terminal 10 AA taken from  presumably 39579820 was spliced) [Caenorhabditis briggsae]
UN-52548731_arch_tp	TcMar	DNA/TcMar-m44	442	UN-52548731_arch_tp#DNA/TcMar-m44   hypothetical protein GZ18F2_10 [Uncultured archaeon GZfos18F2]
UN-Acmar_tp	TcMar	DNA/TcMar-Mariner	336	UN-Acmar_tp#DNA/TcMar-Mariner   not in repbase  mariner transposase [Apis cerana]
UN-Bgmar1_tp	TcMar	DNA/TcMar-Mariner	345	UN-Bgmar1_tp#DNA/TcMar-Mariner   mariner-like transposase [Blattella germanica]
UN-Bmmar1_tp	TcMar	DNA/TcMar-Mariner	338	UN-Bmmar1_tp#DNA/TcMar-Mariner   transposase [Bombyx mori]
UN-CCmar1_tp	TcMar	DNA/TcMar-Mariner	338	UN-CCmar1_tp#DNA/TcMar-Mariner   not in repbase  mariner transposase [Ceratitis capitata]
UN-Desmar1_tp	TcMar	DNA/TcMar-Mariner	347	UN-Desmar1_tp#DNA/TcMar-Mariner   transposase [Mayetiola destructor]
UN-Famar1_tp	TcMar	DNA/TcMar-Mariner	342	UN-Famar1_tp#DNA/TcMar-Mariner   transposase [Forficula auricularia]
UN-Kusmar1_tp	TcMar	DNA/TcMar-Mariner	316	UN-Kusmar1_tp#DNA/TcMar-Mariner   transposase [Fungia sp. Kusabiraishi]
UN-Mariner2_GT_tp	TcMar	DNA/TcMar-Mariner	365	UN-Mariner2_GT_tp#DNA/TcMar-Mariner   Includes  mariner-1 protein  (old Gtmar1) [Girardia tigrina]
UN-Mariner3_CE_tp	TcMar	DNA/TcMar-Mariner	311	UN-Mariner3_CE_tp#DNA/TcMar-Mariner   not derived from repbase (frameshifts and stopcodons) but is   transposase family member (3D146) [Caenorhabditis elegans]
UN-Mcmar1_tp	TcMar	DNA/TcMar-Mariner	340	UN-Mcmar1_tp#DNA/TcMar-Mariner   transposase [Meloidogyne chitwoodi]
UN-Pogo_tp	TcMar	DNA/TcMar-Pogo	444	UN-Pogo_tp#DNA/TcMar-Pogo   There's a frameshift in the consensus; protein taken from:   hypothetical protein - fruit fly [Drosophila fruit fly genus]
UN-Mariner-3_OS_tp	TcMar	DNA/TcMar-Stowaway	565	UN-Mariner-3_OS_tp#DNA/TcMar-Stowaway   Retained the sequence of  putative transposase, as the consensus has frameshifts etc. [Oryza sativa]
UN-Soymar1_tp	TcMar	DNA/TcMar-Stowaway	425	UN-Soymar1_tp#DNA/TcMar-Stowaway   probable transposase - soybean transposon mariner element Soymar1 Renamed Mariner-1_GM in RepBase [Glycine max]
UN-Stow2_OS_tp	TcMar	DNA/TcMar-Stowaway	572	UN-Stow2_OS_tp#DNA/TcMar-Stowaway   hypothetical protein [Oryza sativa]
UN-XP_469408_tp	TcMar	DNA/TcMar-Stowaway	565	UN-XP_469408_tp#DNA/TcMar-Stowaway   putative transposase [Oryza sativa]
UN-XP_469465_tp	TcMar	DNA/TcMar-Stowaway	437	UN-XP_469465_tp#DNA/TcMar-Stowaway   putative transposase [Oryza sativa]
UN-XP_470629_tp	TcMar	DNA/TcMar-Stowaway	576	UN-XP_470629_tp#DNA/TcMar-Stowaway   Putative transposase [Oryza sativa]
UN-XP_473053_tp	TcMar	DNA/TcMar-Stowaway	442	UN-XP_473053_tp#DNA/TcMar-Stowaway   OSJNBa0029H02.9 [Oryza sativa]
UN-27901556_AO_tp	TcMar	DNA/TcMar-Tc1	357	UN-27901556_AO_tp#DNA/TcMar-Tc1   transposase  [Aspergillus oryzae]
UN-Impala_FO_tp	TcMar	DNA/TcMar-Tc1	340	UN-Impala_FO_tp#DNA/TcMar-Tc1   transposase closest to Mariner-5_AN [Fusarium oxysporum f. sp. melonis]
UN-MAR1_BM_tp	TcMar	DNA/TcMar-Tc1	346	UN-MAR1_BM_tp#DNA/TcMar-Tc1   (is:  transposase ) [Bombyx mori]
UN-MARINCE1_tp	TcMar	DNA/TcMar-Tc1	336	UN-MARINCE1_tp#DNA/TcMar-Tc1   Includes  probable transposon protein K03H6.3 named CemaT1 by Claudianos et al. [Caenorhabditis elegans]
UN-Mariner16_CB_tp	TcMar	DNA/TcMar-Tc1	387	UN-Mariner16_CB_tp#DNA/TcMar-Tc1   wised is  xtended with estwise to Mariner13_CB  [Caenorhabditis briggsae]
UN-Mariner-14_DR_tp	TcMar	DNA/TcMar-Tc1	338	UN-Mariner-14_DR_tp#DNA/TcMar-Tc1   Retained sequence of  si:busm1-105l16.15 as Mariner-14_DR consensus has frameshifts etc. Almost identical to Tc1_FR5 [Danio rerio]
UN-MdmaTa_tp	TcMar	DNA/TcMar-Tc1	274	UN-MdmaTa_tp#DNA/TcMar-Tc1   Wised translation of  transposon MdmaT1a nonfunctional transposase gene [Musca domestica]
UN-Minos_tp	TcMar	DNA/TcMar-Tc1	361	UN-Minos_tp#DNA/TcMar-Tc1   One intron (=  putative transposase) [Drosophila fruit fly genus]
UN-NP_497684_tp	TcMar	DNA/TcMar-Tc1	329	UN-NP_497684_tp#DNA/TcMar-Tc1   transposase, Tc1/Tc3 and Integrase, catalytic domain containing protein family member (3E365) [Caenorhabditis elegans]
UN-Tc1_PP_tp	TcMar	DNA/TcMar-Tc1	337	UN-Tc1_PP_tp#DNA/TcMar-Tc1   putative transposase; 77% identical to Tc1_RT [Pleuronectes platessa]
UN-TC1_RP_tp	TcMar	DNA/TcMar-Tc1	340	UN-TC1_RP_tp#DNA/TcMar-Tc1   (originally FrogPrince_RP)  TPA: transposase 87% identical to Tc1_XL [Rana pipiens]
UN-Tc1_tp	TcMar	DNA/TcMar-Tc1	343	UN-Tc1_tp#DNA/TcMar-Tc1   has intron  transposable element tcb1 transposase (5S287) [Caenorhabditis elegans]
UN-Tc1a_HC_tp	TcMar	DNA/TcMar-Tc1	343	UN-Tc1a_HC_tp#DNA/TcMar-Tc1   (was Tc1-2_HC)  transposase homolog [Haemonchus contortus]
UN-Tc3_tp	TcMar	DNA/TcMar-Tc1	329	UN-Tc3_tp#DNA/TcMar-Tc1   this is:  transposable element tc3 transposase family member (1O334) [Caenorhabditis elegans]
UN-Tc2-1_TN_tp	TcMar	DNA/TcMar-Tc2	300	UN-Tc2-1_TN_tp#DNA/TcMar-Tc2   is  unnamed protein product [Tetraodon nigroviridis]
UN-Tc2_tp	TcMar	DNA/TcMar-Tc2	453	UN-Tc2_tp#DNA/TcMar-Tc2   2 introns. Sequence closest to  Hypothetical protein F45D11.6 [Caenorhabditis elegans]
UN-NP_496989_tp	TcMar	DNA/TcMar-Tc4	527	UN-NP_496989_tp#DNA/TcMar-Tc4   tc5 transposase and CENP-B protein and Tc5 transposase, C-terminal family member (2O655) [Caenorhabditis elegans]
UN-NP_501949_tp	TcMar	DNA/TcMar-Tc4	524	UN-NP_501949_tp#DNA/TcMar-Tc4   tc5 transposase and CENP-B protein and Tc5 transposase, C-terminal family member (4L315) [Caenorhabditis elegans]
UN-NP_504631_tp	TcMar	DNA/TcMar-Tc4	539	UN-NP_504631_tp#DNA/TcMar-Tc4   tc5 transposase and CENP-B protein and Tc5 transposase, C-terminal family member (5G898) [Caenorhabditis elegans]
UN-Tc4_tp	TcMar	DNA/TcMar-Tc4	537	UN-Tc4_tp#DNA/TcMar-Tc4   variant Tc4 transposable element expressed in mut-2, not in wild type N2 (1A661) [Caenorhabditis elegans]
UN-Tc5_tp	TcMar	DNA/TcMar-Tc4	667	UN-Tc5_tp#DNA/TcMar-Tc4   tc5 transposase and CENP-B protein and Tc5 transposase, C-terminal family member (mut-x) [Caenorhabditis elegans]
Mariner-1_GLuc_tp	TcMar	DNA/TcMar-Ant1	337	Mariner-1_GLuc_tp#DNA/TcMar-Ant1 RBRM:Mariner-1_GLuc cds_range:160-1227 exons:160-979;1035-1227 via genewise with Ant1_ApNi_tp [Ganoderma lucidum]
Mariner-4_MLP_tp	TcMar	DNA/TcMar-Ant1	328	Mariner-4_MLP_tp#DNA/TcMar-Ant1 RBRM:Mariner-4_MLP cds_range:236-1451 exons:236-701;764-974;1057-1135;1220-1451 via genewise with 2072514_Nostoc [Melampsora larici-populina]
Mariner-5_PGr_tp	TcMar	DNA/TcMar-Ant1	321	Mariner-5_PGr_tp#DNA/TcMar-Ant1 RBRM:Mariner-5_PGr cds_range:255-1361 exons:255-726;784-994;1079-1361 via genewise with Mariner-4_MLP [Puccinia graminis f. sp. tritici crl 75-36-700-3]
Mariner-5_PTrit_tp	TcMar	DNA/TcMar-Ant1	365	Mariner-5_PTrit_tp#DNA/TcMar-Ant1 RBRM:Mariner-5_PTrit cds_range:115-1210 [Puccinia triticina]
Mariner-6_PGr_tp	TcMar	DNA/TcMar-Ant1	332	Mariner-6_PGr_tp#DNA/TcMar-Ant1 RBRM:Mariner-6_PGr frameshifts:1 stops:1 cds_range:237-1361 exons:237-700;767-973;1033-1361 via tfasty with Mariner-4_MLP [Puccinia graminis f. sp. tritici crl 75-36-700-3]
Mariner-6_PTrit_2p_tp	TcMar	DNA/TcMar-Ant1	315	Mariner-6_PTrit_2p_tp#DNA/TcMar-Ant1 RBRM:Mariner-6_PTrit rev:1 cds_range:3281-2336 [Puccinia triticina]
Mariner-8_MLP_tp	TcMar	DNA/TcMar-Ant1	326	Mariner-8_MLP_tp#DNA/TcMar-Ant1 RBRM:Mariner-8_MLP cds_range:300-1640 exons:300-762;1057-1263;1330-1640 via genewise with Mariner-6_PGr_tp [Melampsora larici-populina]
Mariner-11_PGr_2p_tp	TcMar	DNA/TcMar-Ant1	379	Mariner-11_PGr_2p_tp#DNA/TcMar-Ant1 RBRM:Mariner-11_PGr cds_range:1315-2452 [Puccinia graminis]
MarinerL-1_AO_tp	TcMar	DNA/TcMar-Ant1	326	MarinerL-1_AO_tp#DNA/TcMar-Ant1 RBRM:MarinerL-1_AO cds_range:260-1238 [Aspergillus oryzae]
Mariner-3_CCri_tp	TcMar	DNA/TcMar-Cweed	557	Mariner-3_CCri_tp#DNA/TcMar-Cweed RBRM:Mariner-3_CCri cds_range:848-2519 [Chondrus crispus]
Mariner-4_CCri_tp	TcMar	DNA/TcMar-Cweed	574	Mariner-4_CCri_tp#DNA/TcMar-Cweed RBRM:Mariner-4_CCri cds_range:356-2078 [Chondrus crispus]
Mariner-6_CCri_tp	TcMar	DNA/TcMar-Cweed	572	Mariner-6_CCri_tp#DNA/TcMar-Cweed RBRM:Mariner-6_CCri cds_range:338-2054 [Chondrus crispus]
Mariner-7_CCri_tp	TcMar	DNA/TcMar-Cweed	411	Mariner-7_CCri_tp#DNA/TcMar-Cweed RBRM:Mariner-7_CCri cds_range:411-1644 [Chondrus crispus]
Mariner-8_CCri_tp	TcMar	DNA/TcMar-Cweed	563	Mariner-8_CCri_tp#DNA/TcMar-Cweed RBRM:Mariner-8_CCri cds_range:317-2006 [Chondrus crispus]
Mariner-13_CCri_tp	TcMar	DNA/TcMar-Cweed	488	Mariner-13_CCri_tp#DNA/TcMar-Cweed RBRM:Mariner-13_CCri cds_range:558-2022 [Chondrus crispus]
Mariner-16_CCri_tp	TcMar	DNA/TcMar-Cweed	599	Mariner-16_CCri_tp#DNA/TcMar-Cweed RBRM:Mariner-16_CCri cds_range:385-2182 [Chondrus crispus]
Mariner-17_CCri_tp	TcMar	DNA/TcMar-Cweed	551	Mariner-17_CCri_tp#DNA/TcMar-Cweed RBRM:Mariner-17_CCri cds_range:290-1943 [Chondrus crispus]
Mariner-21_CCri_tp	TcMar	DNA/TcMar-Cweed	563	Mariner-21_CCri_tp#DNA/TcMar-Cweed RBRM:Mariner-21_CCri cds_range:362-2051 [Chondrus crispus]
Mariner-25_CCri_tp	TcMar	DNA/TcMar-Cweed	538	Mariner-25_CCri_tp#DNA/TcMar-Cweed RBRM:Mariner-25_CCri cds_range:264-1878 [Chondrus crispus]
Mariner-26_CCri_tp	TcMar	DNA/TcMar-Cweed	535	Mariner-26_CCri_tp#DNA/TcMar-Cweed RBRM:Mariner-26_CCri cds_range:392-1997 [Chondrus crispus]
Mariner-29_CCri_tp	TcMar	DNA/TcMar-Cweed	541	Mariner-29_CCri_tp#DNA/TcMar-Cweed RBRM:Mariner-29_CCri cds_range:342-1965 [Chondrus crispus]
Mariner-59_CCri_tp	TcMar	DNA/TcMar-Cweed	565	Mariner-59_CCri_tp#DNA/TcMar-Cweed RBRM:Mariner-59_CCri cds_range:206-1901 [Chondrus crispus]
Mariner-60_CCri_tp	TcMar	DNA/TcMar-Cweed	505	Mariner-60_CCri_tp#DNA/TcMar-Cweed RBRM:Mariner-60_CCri cds_range:262-1777 [Chondrus crispus]
Mariner-63_CCri_tp	TcMar	DNA/TcMar-Cweed	561	Mariner-63_CCri_tp#DNA/TcMar-Cweed RBRM:Mariner-63_CCri cds_range:620-2303 [Chondrus crispus]
Mariner-64_CCri_tp	TcMar	DNA/TcMar-Cweed	350	Mariner-64_CCri_tp#DNA/TcMar-Cweed RBRM:Mariner-64_CCri cds_range:914-1964 [Chondrus crispus]
Mariner-78_CCri_tp	TcMar	DNA/TcMar-Cweed	531	Mariner-78_CCri_tp#DNA/TcMar-Cweed RBRM:Mariner-78_CCri cds_range:317-1910 [Chondrus crispus]
Mariner-79_CCri_tp	TcMar	DNA/TcMar-Cweed	590	Mariner-79_CCri_tp#DNA/TcMar-Cweed RBRM:Mariner-79_CCri frameshifts:2 cds_range:115-1883 via tfasty with Mariner-6_CCri [Chondrus crispus]
Mariner-84_CCri_tp	TcMar	DNA/TcMar-Cweed	538	Mariner-84_CCri_tp#DNA/TcMar-Cweed RBRM:Mariner-84_CCri cds_range:342-1956 [Chondrus crispus]
Mariner-119_CCri_tp	TcMar	DNA/TcMar-Cweed	536	Mariner-119_CCri_tp#DNA/TcMar-Cweed RBRM:Mariner-119_CCri frameshifts:1 cds_range:166-1773 via tfasty with Mariner-78_CCri [Chondrus crispus]
Mariner-124_CCri_tp	TcMar	DNA/TcMar-Cweed	536	Mariner-124_CCri_tp#DNA/TcMar-Cweed RBRM:Mariner-124_CCri cds_range:253-1861 [Chondrus crispus]
Cirt1_tp	TcMar	DNA/TcMar-Fot1	528	Cirt1_tp#DNA/TcMar-Fot1 RBRM:FOT1_CA cds_range:115-1693 (FOT1_CA in RepBase) from_retrobase [Cryptococcus]
Cirt2_CA_tp	TcMar	DNA/TcMar-Fot1	516	Cirt2_CA_tp#DNA/TcMar-Fot1 RBRM:CIRT2_CA cds_range:159-1707 Originally from_retrobase [Candida albicans]
Flipper_tp	TcMar	DNA/TcMar-Fot1	532	Flipper_tp#DNA/TcMar-Fot1 RBRM:FLIPPER cds_range:148-1744 [Botryotinia fuckeliana]
FotYL_tp	TcMar	DNA/TcMar-Fot1	759	FotYL_tp#DNA/TcMar-Fot1 RBRM:FOTYL cds_range:401-2678 [Yarrowia lipolytica]
Gemini1_EI_tp	TcMar	DNA/TcMar-Fot1	683	Gemini1_EI_tp#DNA/TcMar-Fot1 RBRM:Gemini1_EI cds_range:152-2201 [Entamoeba invadens]
MarCry-1_FO_tp	TcMar	DNA/TcMar-Fot1	552	MarCry-1_FO_tp#DNA/TcMar-Fot1 RBRM:MarCry-1_FO frameshifts:1 cds_range:101-1756 via tfasty with Fot5_FO_tp [Fusarium oxysporum]
Mariner2_AO_tp	TcMar	DNA/TcMar-Fot1	558	Mariner2_AO_tp#DNA/TcMar-Fot1 RBRM:Mariner2_AO cds_range:94-1768 [Aspergillus oryzae]
Mariner3_AO_tp	TcMar	DNA/TcMar-Fot1	560	Mariner3_AO_tp#DNA/TcMar-Fot1 RBRM:Mariner3_AO cds_range:120-1800 [Aspergillus oryzae]
Mariner-1_ABr_tp	TcMar	DNA/TcMar-Fot1	616	Mariner-1_ABr_tp#DNA/TcMar-Fot1 RBRM:Mariner-1_ABr cds_range:92-1940 [Alternaria brassicicola]
Mariner-1_AF_tp	TcMar	DNA/TcMar-Fot1	556	Mariner-1_AF_tp#DNA/TcMar-Fot1 RBRM:Mariner-1_AF cds_range:94-1762 [Aspergillus fumigatus]
Mariner-1_BFu_tp	TcMar	DNA/TcMar-Fot1	597	Mariner-1_BFu_tp#DNA/TcMar-Fot1 RBRM:Mariner-1_BFu cds_range:11-1802
Mariner-1_CCri_tp	TcMar	DNA/TcMar-Fot1	560	Mariner-1_CCri_tp#DNA/TcMar-Fot1 RBRM:Mariner-1_CCri cds_range:1410-3090 [Chondrus crispus]
Mariner-1_DPu_tp	TcMar	DNA/TcMar-Fot1	613	Mariner-1_DPu_tp#DNA/TcMar-Fot1 RBRM:Mariner-1_DPu cds_range:858-3046 exons:858-1496;1561-2174;2458-3046 via genewise with Mariner-36_HM_tp [Daphnia pulex]
Mariner-1_HM_tp	TcMar	DNA/TcMar-Fot1	554	Mariner-1_HM_tp#DNA/TcMar-Fot1 RBRM:Mariner-1_HM frameshifts:1 stops:1 cds_range:1088-2749 via tfasty with Mariner-5_AF_tp [Hydra vulgaris]
Mariner-1_MBr_tp	TcMar	DNA/TcMar-Fot1	845	Mariner-1_MBr_tp#DNA/TcMar-Fot1 RBRM:Mariner-1_MBr cds_range:527-3062 [Monosiga brevicollis]
Mariner-1_NGr_tp	TcMar	DNA/TcMar-Fot1	920	Mariner-1_NGr_tp#DNA/TcMar-Fot1 RBRM:Mariner-1_NGr cds_range:204-2964 [Naegleria gruberi]
Mariner-1_SP_tp	TcMar	DNA/TcMar-Fot1	698	Mariner-1_SP_tp#DNA/TcMar-Fot1 RBRM:Mariner-1_SP cds_range:584-2678 [Strongylocentrotus purpuratus]
Mariner-2_MBr_tp	TcMar	DNA/TcMar-Fot1	627	Mariner-2_MBr_tp#DNA/TcMar-Fot1 RBRM:Mariner-2_MBr cds_range:1173-3054 (Contains the Mariner/Pogo TPase core (N-terminal half) and SAP domain (pos. 440-470)) [Monosiga brevicollis]
Mariner-2_SLL_tp	TcMar	DNA/TcMar-Fot1	537	Mariner-2_SLL_tp#DNA/TcMar-Fot1 RBRM:Mariner-2_SLL cds_range:1271-2882 [Serpula lacrymans]
Mariner-2_TMe_tp	TcMar	DNA/TcMar-Fot1	585	Mariner-2_TMe_tp#DNA/TcMar-Fot1 RBRM:Mariner-2_TMe cds_range:379-2134 [Tuber melanosporum]
Mariner-3_AF_tp	TcMar	DNA/TcMar-Fot1	537	Mariner-3_AF_tp#DNA/TcMar-Fot1 RBRM:Mariner-3_AF stops:1 cds_range:114-1725 via tfasty with Tan1_AA [Aspergillus fumigatus]
Mariner-3_HM_tp	TcMar	DNA/TcMar-Fot1	628	Mariner-3_HM_tp#DNA/TcMar-Fot1 RBRM:Mariner-3_HM stops:1 cds_range:670-2554 via tfasty with POT_Cis_tp [Hydra vulgaris]
Mariner-3_SLL_tp	TcMar	DNA/TcMar-Fot1	503	Mariner-3_SLL_tp#DNA/TcMar-Fot1 RBRM:Mariner-3_SLL cds_range:1465-2971 [Serpula lacrymans]
Mariner-4_AF_tp	TcMar	DNA/TcMar-Fot1	569	Mariner-4_AF_tp#DNA/TcMar-Fot1 RBRM:Mariner-4_AF frameshifts:1 cds_range:123-1829 via tfasty with Mariner3_AO_tp [Aspergillus fumigatus]
Mariner-4_HM_tp	TcMar	DNA/TcMar-Fot1	617	Mariner-4_HM_tp#DNA/TcMar-Fot1 RBRM:Mariner-4_HM cds_range:499-2350 [Hydra vulgaris]
Mariner-4_SLL_tp	TcMar	DNA/TcMar-Fot1	467	Mariner-4_SLL_tp#DNA/TcMar-Fot1 RBRM:Mariner-4_SLL cds_range:1724-3125 [Serpula lacrymans]
Mariner-4_SM_tp	TcMar	DNA/TcMar-Fot1	631	Mariner-4_SM_tp#DNA/TcMar-Fot1 RBRM:Mariner-4_SM cds_range:351-2244 [Schmidtea mediterranea]
Mariner-5_AF_tp	TcMar	DNA/TcMar-Fot1	541	Mariner-5_AF_tp#DNA/TcMar-Fot1 RBRM:Mariner-5_AF frameshifts:1 cds_range:159-1783 via tfasty with Mariner3_AO_tp [Aspergillus fumigatus]
Mariner-5_CCri_tp	TcMar	DNA/TcMar-Fot1	673	Mariner-5_CCri_tp#DNA/TcMar-Fot1 RBRM:Mariner-5_CCri cds_range:294-2313 [Chondrus crispus]
Mariner-5_SS_tp	TcMar	DNA/TcMar-Fot1	550	Mariner-5_SS_tp#DNA/TcMar-Fot1 RBRM:Mariner-5_SS cds_range:115-1765 [Sclerotinia sclerotiorum]
Mariner-6_SS_tp	TcMar	DNA/TcMar-Fot1	547	Mariner-6_SS_tp#DNA/TcMar-Fot1 RBRM:Mariner-6_SS cds_range:98-1739 [Sclerotinia sclerotiorum]
Mariner-7_AN_tp	TcMar	DNA/TcMar-Fot1	559	Mariner-7_AN_tp#DNA/TcMar-Fot1 RBRM:Mariner-7_AN frameshifts:1 cds_range:93-1771 via tfasty with Mariner2_AO_tp, Mariner-8_An worse and very similar. [Aspergillus nidulans]
Mariner-7_SS_tp	TcMar	DNA/TcMar-Fot1	547	Mariner-7_SS_tp#DNA/TcMar-Fot1 RBRM:Mariner-7_SS cds_range:98-1739 [Sclerotinia sclerotiorum]
Mariner-8_HM_tp	TcMar	DNA/TcMar-Fot1	636	Mariner-8_HM_tp#DNA/TcMar-Fot1 RBRM:Mariner-8_HM frameshifts:1 stops:2 cds_range:498-2405 via tfasty with POT_Cis_tp [Hydra vulgaris]
Mariner-9_AN_tp	TcMar	DNA/TcMar-Fot1	622	Mariner-9_AN_tp#DNA/TcMar-Fot1 RBRM:Mariner-9_AN cds_range:99-1965 [Aspergillus nidulans fgsc a4]
Mariner-9_HM_tp	TcMar	DNA/TcMar-Fot1	691	Mariner-9_HM_tp#DNA/TcMar-Fot1 RBRM:Mariner-9_HM frameshifts:1 cds_range:557-2629 via tfasty with POT_Cis_tp [Hydra vulgaris]
Mariner-9_SS_tp	TcMar	DNA/TcMar-Fot1	551	Mariner-9_SS_tp#DNA/TcMar-Fot1 RBRM:Mariner-9_SS cds_range:97-1750 [Sclerotinia sclerotiorum]
Mariner-11_CCri_tp	TcMar	DNA/TcMar-Fot1	430	Mariner-11_CCri_tp#DNA/TcMar-Fot1 RBRM:Mariner-11_CCri cds_range:286-1576 [Chondrus crispus]
Mariner-11_HM_tp	TcMar	DNA/TcMar-Fot1	318	Mariner-11_HM_tp#DNA/TcMar-Fot1 RBRM:Mariner-11_HM cds_range:486-1440 via tfasty with Mariner-4_SM (fragment)  [Hydra vulgaris]
Mariner-12_SS_tp	TcMar	DNA/TcMar-Fot1	573	Mariner-12_SS_tp#DNA/TcMar-Fot1 RBRM:Mariner-12_SS cds_range:84-1803 [Sclerotinia sclerotiorum]
Mariner-13_HM_tp	TcMar	DNA/TcMar-Fot1	637	Mariner-13_HM_tp#DNA/TcMar-Fot1 RBRM:Mariner-13_HM frameshifts:1 cds_range:737-2649 via tfasty with FLIPPER_tp [Hydra vulgaris]
Mariner-13_SS_tp	TcMar	DNA/TcMar-Fot1	568	Mariner-13_SS_tp#DNA/TcMar-Fot1 RBRM:Mariner-13_SS cds_range:32-1736 [Sclerotinia sclerotiorum]
Mariner-17_HM_tp	TcMar	DNA/TcMar-Fot1	544	Mariner-17_HM_tp#DNA/TcMar-Fot1 RBRM:Mariner-17_HM cds_range:679-2311 [Hydra vulgaris]
Mariner-18_CCri_tp	TcMar	DNA/TcMar-Fot1	564	Mariner-18_CCri_tp#DNA/TcMar-Fot1 RBRM:Mariner-18_CCri cds_range:287-1979 [Chondrus crispus]
Mariner-21_HM_tp	TcMar	DNA/TcMar-Fot1	477	Mariner-21_HM_tp#DNA/TcMar-Fot1 RBRM:Mariner-21_HM cds_range:1124-2555 [Hydra vulgaris]
Mariner-21_PI_tp	TcMar	DNA/TcMar-Fot1	513	Mariner-21_PI_tp#DNA/TcMar-Fot1 RBRM:Mariner-21_PI cds_range:139-1678 [Phytophthora infestans]
Mariner-22_HM_tp	TcMar	DNA/TcMar-Fot1	580	Mariner-22_HM_tp#DNA/TcMar-Fot1 RBRM:Mariner-22_HM cds_range:604-2344 [Hydra vulgaris]
Mariner-22_RPr_tp	TcMar	DNA/TcMar-Fot1	676	Mariner-22_RPr_tp#DNA/TcMar-Fot1 RBRM:Mariner-22_RPr cds_range:493-2521 [Rhodnius prolixus]
Mariner-23_CCri_tp	TcMar	DNA/TcMar-Fot1	714	Mariner-23_CCri_tp#DNA/TcMar-Fot1 RBRM:Mariner-23_CCri cds_range:266-2408 [Chondrus crispus]
Mariner-23_HM_tp	TcMar	DNA/TcMar-Fot1	572	Mariner-23_HM_tp#DNA/TcMar-Fot1 RBRM:Mariner-23_HM cds_range:567-2283 [Hydra vulgaris]
Mariner-24_CCri_tp	TcMar	DNA/TcMar-Fot1	593	Mariner-24_CCri_tp#DNA/TcMar-Fot1 RBRM:Mariner-24_CCri cds_range:192-1971 [Chondrus crispus]
Mariner-24_CGi_tp	TcMar	DNA/TcMar-Fot1	568	Mariner-24_CGi_tp#DNA/TcMar-Fot1 RBRM:Mariner-24_CGi cds_range:55-1759 [Crassostrea gigas]
Mariner-24_HM_tp	TcMar	DNA/TcMar-Fot1	562	Mariner-24_HM_tp#DNA/TcMar-Fot1 RBRM:Mariner-24_HM cds_range:587-2273 [Hydra vulgaris]
Mariner-25_HM_tp	TcMar	DNA/TcMar-Fot1	501	Mariner-25_HM_tp#DNA/TcMar-Fot1 RBRM:Mariner-25_HM cds_range:1589-3092 [Hydra vulgaris]
Mariner-26_HM_tp	TcMar	DNA/TcMar-Fot1	666	Mariner-26_HM_tp#DNA/TcMar-Fot1 RBRM:Mariner-26_HM cds_range:510-2508 [Hydra vulgaris]
Mariner-27_CCri_tp	TcMar	DNA/TcMar-Fot1	698	Mariner-27_CCri_tp#DNA/TcMar-Fot1 RBRM:Mariner-27_CCri cds_range:319-2413 [Chondrus crispus]
Mariner-27_HM_tp	TcMar	DNA/TcMar-Fot1	739	Mariner-27_HM_tp#DNA/TcMar-Fot1 RBRM:Mariner-27_HM cds_range:1183-3400 [Hydra vulgaris]
Mariner-28_CCri_tp	TcMar	DNA/TcMar-Fot1	555	Mariner-28_CCri_tp#DNA/TcMar-Fot1 RBRM:Mariner-28_CCri cds_range:335-2000 [Chondrus crispus]
Mariner-28_CGi_tp	TcMar	DNA/TcMar-Fot1	584	Mariner-28_CGi_tp#DNA/TcMar-Fot1 RBRM:Mariner-28_CGi cds_range:324-2076 [Crassostrea gigas]
Mariner-28_HM_tp	TcMar	DNA/TcMar-Fot1	642	Mariner-28_HM_tp#DNA/TcMar-Fot1 RBRM:Mariner-28_HM cds_range:477-2403 [Hydra vulgaris]
Mariner-29_HM_tp	TcMar	DNA/TcMar-Fot1	552	Mariner-29_HM_tp#DNA/TcMar-Fot1 RBRM:Mariner-29_HM cds_range:1739-3395 [Hydra vulgaris]
Mariner-30_CCri_tp	TcMar	DNA/TcMar-Fot1	561	Mariner-30_CCri_tp#DNA/TcMar-Fot1 RBRM:Mariner-30_CCri cds_range:306-1989 [Chondrus crispus]
Mariner-30_HM_tp	TcMar	DNA/TcMar-Fot1	579	Mariner-30_HM_tp#DNA/TcMar-Fot1 RBRM:Mariner-30_HM cds_range:1215-2952 [Hydra vulgaris]
Mariner-31_CCri_tp	TcMar	DNA/TcMar-Fot1	643	Mariner-31_CCri_tp#DNA/TcMar-Fot1 RBRM:Mariner-31_CCri cds_range:180-2109 [Chondrus crispus]
Mariner-32_HM_tp	TcMar	DNA/TcMar-Fot1	608	Mariner-32_HM_tp#DNA/TcMar-Fot1 RBRM:Mariner-32_HM cds_range:1049-2873 [Hydra vulgaris]
Mariner-33_CCri_tp	TcMar	DNA/TcMar-Fot1	643	Mariner-33_CCri_tp#DNA/TcMar-Fot1 RBRM:Mariner-33_CCri cds_range:179-2108 [Chondrus crispus]
Mariner-33_HM_tp	TcMar	DNA/TcMar-Fot1	682	Mariner-33_HM_tp#DNA/TcMar-Fot1 RBRM:Mariner-33_HM cds_range:908-2954 [Hydra vulgaris]
Mariner-34_CCri_tp	TcMar	DNA/TcMar-Fot1	659	Mariner-34_CCri_tp#DNA/TcMar-Fot1 RBRM:Mariner-34_CCri cds_range:289-2266 [Chondrus crispus]
Mariner-34_HM_tp	TcMar	DNA/TcMar-Fot1	506	Mariner-34_HM_tp#DNA/TcMar-Fot1 RBRM:Mariner-34_HM cds_range:81-1599 [Hydra vulgaris]
Mariner-35_HM_tp	TcMar	DNA/TcMar-Fot1	586	Mariner-35_HM_tp#DNA/TcMar-Fot1 RBRM:Mariner-35_HM cds_range:785-2856 exons:785-1185;1386-1629;1741-2856 via genwise with Mariner-3_HM,.  [Hydra vulgaris]
Mariner-36_CCri_tp	TcMar	DNA/TcMar-Fot1	255	Mariner-36_CCri_tp#DNA/TcMar-Fot1 RBRM:Mariner-36_CCri cds_range:565-1330 [Chondrus crispus]
Mariner-36_HM_tp	TcMar	DNA/TcMar-Fot1	594	Mariner-36_HM_tp#DNA/TcMar-Fot1 RBRM:Mariner-36_HM cds_range:1003-2785 [Hydra vulgaris]
Mariner-37_HM_tp	TcMar	DNA/TcMar-Fot1	685	Mariner-37_HM_tp#DNA/TcMar-Fot1 RBRM:Mariner-37_HM stops:1 cds_range:1468-3900 exons:1468-2959;3167-3479;3648-3900 via genewise with Mariner-13_HM,.  [Hydra vulgaris]
Mariner-38_HM_tp	TcMar	DNA/TcMar-Fot1	536	Mariner-38_HM_tp#DNA/TcMar-Fot1 RBRM:Mariner-38_HM cds_range:809-2417 [Hydra vulgaris]
Mariner-39_HM_tp	TcMar	DNA/TcMar-Fot1	503	Mariner-39_HM_tp#DNA/TcMar-Fot1 RBRM:Mariner-39_HM cds_range:1188-2697 [Hydra vulgaris]
Mariner-41_CCri_tp	TcMar	DNA/TcMar-Fot1	518	Mariner-41_CCri_tp#DNA/TcMar-Fot1 RBRM:Mariner-41_CCri cds_range:367-1921 [Chondrus crispus]
Mariner-42_CCri_tp	TcMar	DNA/TcMar-Fot1	566	Mariner-42_CCri_tp#DNA/TcMar-Fot1 RBRM:Mariner-42_CCri cds_range:314-2012 [Chondrus crispus]
Mariner-43_CCri_tp	TcMar	DNA/TcMar-Fot1	590	Mariner-43_CCri_tp#DNA/TcMar-Fot1 RBRM:Mariner-43_CCri cds_range:372-2142 [Chondrus crispus]
Mariner-45_CCri_tp	TcMar	DNA/TcMar-Fot1	574	Mariner-45_CCri_tp#DNA/TcMar-Fot1 RBRM:Mariner-45_CCri cds_range:402-2124 [Chondrus crispus]
Mariner-46_CCri_tp	TcMar	DNA/TcMar-Fot1	705	Mariner-46_CCri_tp#DNA/TcMar-Fot1 RBRM:Mariner-46_CCri cds_range:53-2168 [Chondrus crispus]
Mariner-46_HM_tp	TcMar	DNA/TcMar-Fot1	552	Mariner-46_HM_tp#DNA/TcMar-Fot1 RBRM:Mariner-46_HM cds_range:802-2458 [Hydra vulgaris]
Mariner-49_CCri_tp	TcMar	DNA/TcMar-Fot1	565	Mariner-49_CCri_tp#DNA/TcMar-Fot1 RBRM:Mariner-49_CCri cds_range:310-2005 [Chondrus crispus]
Mariner-50_CCri_tp	TcMar	DNA/TcMar-Fot1	566	Mariner-50_CCri_tp#DNA/TcMar-Fot1 RBRM:Mariner-50_CCri frameshifts:1 cds_range:281-1978 via tfasty with Mariner-51_CCri [Chondrus crispus]
Mariner-51_CCri_tp	TcMar	DNA/TcMar-Fot1	566	Mariner-51_CCri_tp#DNA/TcMar-Fot1 RBRM:Mariner-51_CCri cds_range:281-1979 [Chondrus crispus]
Mariner-57_CCri_tp	TcMar	DNA/TcMar-Fot1	576	Mariner-57_CCri_tp#DNA/TcMar-Fot1 RBRM:Mariner-57_CCri cds_range:313-2041 [Chondrus crispus]
Mariner-65_CCri_tp	TcMar	DNA/TcMar-Fot1	565	Mariner-65_CCri_tp#DNA/TcMar-Fot1 RBRM:Mariner-65_CCri cds_range:288-1983 [Chondrus crispus]
Mariner-66_CCri_tp	TcMar	DNA/TcMar-Fot1	557	Mariner-66_CCri_tp#DNA/TcMar-Fot1 RBRM:Mariner-66_CCri cds_range:360-2031 [Chondrus crispus]
Mariner-67_CCri_tp	TcMar	DNA/TcMar-Fot1	709	Mariner-67_CCri_tp#DNA/TcMar-Fot1 RBRM:Mariner-67_CCri cds_range:60-2187 [Chondrus crispus]
Mariner-68_CCri_tp	TcMar	DNA/TcMar-Fot1	586	Mariner-68_CCri_tp#DNA/TcMar-Fot1 RBRM:Mariner-68_CCri cds_range:250-2008 [Chondrus crispus]
Mariner-74_CCri_tp	TcMar	DNA/TcMar-Fot1	643	Mariner-74_CCri_tp#DNA/TcMar-Fot1 RBRM:Mariner-74_CCri frameshifts:2 cds_range:252-2179 via tfasty with Mariner-23_CCri [Chondrus crispus]
Mariner-75_CCri_tp	TcMar	DNA/TcMar-Fot1	642	Mariner-75_CCri_tp#DNA/TcMar-Fot1 RBRM:Mariner-75_CCri frameshifts:1 cds_range:252-2179 via tfasty with Mariner-74_CCri, Mariner-76_CCri_tp 90% identical [Chondrus crispus]
Mariner-77_CCri_tp	TcMar	DNA/TcMar-Fot1	584	Mariner-77_CCri_tp#DNA/TcMar-Fot1 RBRM:Mariner-77_CCri cds_range:206-1958 [Chondrus crispus]
Mariner-80_CCri_tp	TcMar	DNA/TcMar-Fot1	646	Mariner-80_CCri_tp#DNA/TcMar-Fot1 RBRM:Mariner-80_CCri frameshifts:1 cds_range:251-2188 via tfasty with Mariner-101_CCri [Chondrus crispus]
Mariner-81_CCri_tp	TcMar	DNA/TcMar-Fot1	562	Mariner-81_CCri_tp#DNA/TcMar-Fot1 RBRM:Mariner-81_CCri cds_range:379-2065 [Chondrus crispus]
Mariner-82_CCri_tp	TcMar	DNA/TcMar-Fot1	570	Mariner-82_CCri_tp#DNA/TcMar-Fot1 RBRM:Mariner-82_CCri cds_range:421-2131 [Chondrus crispus]
Mariner-83_CCri_tp	TcMar	DNA/TcMar-Fot1	547	Mariner-83_CCri_tp#DNA/TcMar-Fot1 RBRM:Mariner-83_CCri frameshifts:2 cds_range:324-1963 via tfasty with Mariner-123_CCri [Chondrus crispus]
Mariner-86_CCri_tp	TcMar	DNA/TcMar-Fot1	566	Mariner-86_CCri_tp#DNA/TcMar-Fot1 RBRM:Mariner-86_CCri cds_range:289-2315 exons:289-1264;1592-2315 via genewise with Mariner-30_CCri [Chondrus crispus]
Mariner-88_CCri_tp	TcMar	DNA/TcMar-Fot1	605	Mariner-88_CCri_tp#DNA/TcMar-Fot1 RBRM:Mariner-88_CCri cds_range:180-1995 [Chondrus crispus]
Mariner-89_CCri_tp	TcMar	DNA/TcMar-Fot1	643	Mariner-89_CCri_tp#DNA/TcMar-Fot1 RBRM:Mariner-89_CCri cds_range:182-2111 [Chondrus crispus]
Mariner-97_CCri_tp	TcMar	DNA/TcMar-Fot1	561	Mariner-97_CCri_tp#DNA/TcMar-Fot1 RBRM:Mariner-97_CCri cds_range:423-2106 [Chondrus crispus]
Mariner-98_CCri_tp	TcMar	DNA/TcMar-Fot1	568	Mariner-98_CCri_tp#DNA/TcMar-Fot1 RBRM:Mariner-98_CCri frameshifts:1 cds_range:320-2023 via tfasty with Mariner-18_CCri [Chondrus crispus]
Mariner-99_CCri_tp	TcMar	DNA/TcMar-Fot1	582	Mariner-99_CCri_tp#DNA/TcMar-Fot1 RBRM:Mariner-99_CCri cds_range:367-2113 [Chondrus crispus]
Mariner-100_CCri_tp	TcMar	DNA/TcMar-Fot1	567	Mariner-100_CCri_tp#DNA/TcMar-Fot1 RBRM:Mariner-100_CCri cds_range:405-2106 [Chondrus crispus]
Mariner-101_CCri_tp	TcMar	DNA/TcMar-Fot1	679	Mariner-101_CCri_tp#DNA/TcMar-Fot1 RBRM:Mariner-101_CCri cds_range:302-2339 [Chondrus crispus]
Mariner-102_CCri_tp	TcMar	DNA/TcMar-Fot1	464	Mariner-102_CCri_tp#DNA/TcMar-Fot1 RBRM:Mariner-102_CCri cds_range:333-1725 [Chondrus crispus]
Mariner-104_CCri_tp	TcMar	DNA/TcMar-Fot1	397	Mariner-104_CCri_tp#DNA/TcMar-Fot1 RBRM:Mariner-104_CCri cds_range:1074-2265 [Chondrus crispus]
Mariner-105_CCri_tp	TcMar	DNA/TcMar-Fot1	629	Mariner-105_CCri_tp#DNA/TcMar-Fot1 RBRM:Mariner-105_CCri cds_range:170-2057 [Chondrus crispus]
Mariner-112_CCri_tp	TcMar	DNA/TcMar-Fot1	554	Mariner-112_CCri_tp#DNA/TcMar-Fot1 RBRM:Mariner-112_CCri cds_range:373-2035 [Chondrus crispus]
Mariner-113_CCri_tp	TcMar	DNA/TcMar-Fot1	610	Mariner-113_CCri_tp#DNA/TcMar-Fot1 RBRM:Mariner-113_CCri cds_range:367-2197 [Chondrus crispus]
Mariner-115_CCri_tp	TcMar	DNA/TcMar-Fot1	570	Mariner-115_CCri_tp#DNA/TcMar-Fot1 RBRM:Mariner-115_CCri cds_range:217-1927 [Chondrus crispus]
Mariner-120_CCri_tp	TcMar	DNA/TcMar-Fot1	648	Mariner-120_CCri_tp#DNA/TcMar-Fot1 RBRM:Mariner-120_CCri frameshifts:1 cds_range:242-2185 via tfasty with Mariner-27_CCri [Chondrus crispus]
Mariner-121_CCri_tp	TcMar	DNA/TcMar-Fot1	552	Mariner-121_CCri_tp#DNA/TcMar-Fot1 RBRM:Mariner-121_CCri frameshifts:3 cds_range:369-2022 via tfasty with Mariner-82_CCri [Chondrus crispus]
Mariner-122_CCri_tp	TcMar	DNA/TcMar-Fot1	340	Mariner-122_CCri_tp#DNA/TcMar-Fot1 RBRM:Mariner-122_CCri cds_range:939-1959 [Chondrus crispus]
Mariner-123_CCri_tp	TcMar	DNA/TcMar-Fot1	566	Mariner-123_CCri_tp#DNA/TcMar-Fot1 RBRM:Mariner-123_CCri cds_range:269-1967 [Chondrus crispus]
Mariner-126_CCri_tp	TcMar	DNA/TcMar-Fot1	427	Mariner-126_CCri_tp#DNA/TcMar-Fot1 RBRM:Mariner-126_CCri cds_range:713-1994 [Chondrus crispus]
Mariner-128_CCri_tp	TcMar	DNA/TcMar-Fot1	572	Mariner-128_CCri_tp#DNA/TcMar-Fot1 RBRM:Mariner-128_CCri cds_range:343-2059 [Chondrus crispus]
Mariner-134_CCri_tp	TcMar	DNA/TcMar-Fot1	679	Mariner-134_CCri_tp#DNA/TcMar-Fot1 RBRM:Mariner-134_CCri cds_range:221-2258 [Chondrus crispus]
OCCAN_MG_tp	TcMar	DNA/TcMar-Fot1	705	OCCAN_MG_tp#DNA/TcMar-Fot1 RBRM:OCCAN_MG cds_range:184-2482 exons:184-1031;1115-1441;1540-2482 via genewise with Mariner-5_SS_tp [Magnaporthe grisea]
POT2_tp	TcMar	DNA/TcMar-Fot1	535	POT2_tp#DNA/TcMar-Fot1 RBRM:POT2 cds_range:153-1758 [Magnaporthe grisea]
POT_Cis_tp	TcMar	DNA/TcMar-Fot1	622	POT_Cis_tp#DNA/TcMar-Fot1 RBRM:POT_Cis cds_range:529-2395 [Ciona savignyi]
Gizmo1_EI_tp	TcMar	DNA/TcMar-Gizmo	346	Gizmo1_EI_tp#DNA/TcMar-Gizmo RBRM:Gizmo1_EI stops:1 cds_range:450-1488 via tfasty with Gizmo4_EI [Entamoeba invadens]
Gizmo2_EI_tp	TcMar	DNA/TcMar-Gizmo	333	Gizmo2_EI_tp#DNA/TcMar-Gizmo RBRM:Gizmo2_EI cds_range:798-1797 [Entamoeba invadens]
Gizmo4_EI_tp	TcMar	DNA/TcMar-Gizmo	337	Gizmo4_EI_tp#DNA/TcMar-Gizmo RBRM:Gizmo4_EI frameshifts:1 stops:1 cds_range:761-1771 via tfasty with Gizmo1_EI [Entamoeba invadens]
Mariner-1_ADi_tp	TcMar	DNA/TcMar-ISRm11	353	Mariner-1_ADi_tp#DNA/TcMar-ISRm11 RBRM:Mariner-1_ADi cds_range:939-1998 [Acropora digitifera]
Mariner-1_ROr_tp	TcMar	DNA/TcMar-ISRm11	351	Mariner-1_ROr_tp#DNA/TcMar-ISRm11 RBRM:Mariner-1_ROr cds_range:173-1226 [Rhizopus oryzae]
Mariner-2_ADi_p2	TcMar	DNA/TcMar-ISRm11	405	Mariner-2_ADi_p2#DNA/TcMar-ISRm11 RBRM:Mariner-2_ADi rev:1 cds_range:2772-1557 [Acropora digitifera]
Mariner-2_ADi_tp	TcMar	DNA/TcMar-ISRm11	353	Mariner-2_ADi_tp#DNA/TcMar-ISRm11 RBRM:Mariner-2_ADi cds_range:162-1221 [Acropora digitifera]
Mariner-2_SM_tp	TcMar	DNA/TcMar-ISRm11	342	Mariner-2_SM_tp#DNA/TcMar-ISRm11 RBRM:Mariner-2_SM cds_range:583-1609 [Schmidtea mediterranea]
Mariner-2_SP_tp	TcMar	DNA/TcMar-ISRm11	363	Mariner-2_SP_tp#DNA/TcMar-ISRm11 RBRM:Mariner-2_SP cds_range:625-1714 [Strongylocentrotus purpuratus]
Mariner-3_ADi_tp	TcMar	DNA/TcMar-ISRm11	251	Mariner-3_ADi_tp#DNA/TcMar-ISRm11 RBRM:Mariner-3_ADi frameshifts:1 stops:1 cds_range:153-905 via tfasty with Mariner-2_ADi_tp. Fragment with internal deletion. [Acropora digitifera]
Mariner-3_NV_tp	TcMar	DNA/TcMar-ISRm11	353	Mariner-3_NV_tp#DNA/TcMar-ISRm11 RBRM:Mariner-3_NV cds_range:625-1684 [Nematostella vectensis]
Mariner-3_PR_tp	TcMar	DNA/TcMar-ISRm11	383	Mariner-3_PR_tp#DNA/TcMar-ISRm11 RBRM:Mariner-3_PR cds_range:236-1385 [Phytophthora ramorum]
Mariner-4_ADi_p2	TcMar	DNA/TcMar-ISRm11	523	Mariner-4_ADi_p2#DNA/TcMar-ISRm11 RBRM:Mariner-4_ADi rev:1 cds_range:3343-1774 [Acropora digitifera]
Mariner-4_ADi_tp	TcMar	DNA/TcMar-ISRm11	359	Mariner-4_ADi_tp#DNA/TcMar-ISRm11 RBRM:Mariner-4_ADi cds_range:300-1377 [Acropora digitifera]
Mariner-5_ADi_p2	TcMar	DNA/TcMar-ISRm11	532	Mariner-5_ADi_p2#DNA/TcMar-ISRm11 RBRM:Mariner-5_ADi rev:1 frameshifts:1 cds_range:3620-2023 R,  via tfasty with Mariner-4_ADi_p2 [Acropora digitifera]
Mariner-5_ADi_tp	TcMar	DNA/TcMar-ISRm11	358	Mariner-5_ADi_tp#DNA/TcMar-ISRm11 RBRM:Mariner-5_ADi cds_range:241-1315 [Acropora digitifera]
Mariner-5_PI_tp	TcMar	DNA/TcMar-ISRm11	411	Mariner-5_PI_tp#DNA/TcMar-ISRm11 RBRM:Mariner-5_PI rev:1 cds_range:1342-109 [Phytophthora infestans]
Mariner-5_PR_tp	TcMar	DNA/TcMar-ISRm11	370	Mariner-5_PR_tp#DNA/TcMar-ISRm11 RBRM:Mariner-5_PR cds_range:265-1375 [Phytophthora ramorum]
Mariner-5_ROr_tp	TcMar	DNA/TcMar-ISRm11	397	Mariner-5_ROr_tp#DNA/TcMar-ISRm11 RBRM:Mariner-5_ROr cds_range:231-1422 [Rhizopus oryzae]
Mariner-5_SK_tp	TcMar	DNA/TcMar-ISRm11	335	Mariner-5_SK_tp#DNA/TcMar-ISRm11 RBRM:Mariner-5_SK cds_range:774-1779 [Saccoglossus kowalevskii]
Mariner-6_ADi_p2	TcMar	DNA/TcMar-ISRm11	344	Mariner-6_ADi_p2#DNA/TcMar-ISRm11 RBRM:Mariner-6_ADi rev:1 cds_range:3289-2257 [Acropora digitifera]
Mariner-6_ADi_tp	TcMar	DNA/TcMar-ISRm11	330	Mariner-6_ADi_tp#DNA/TcMar-ISRm11 RBRM:Mariner-6_ADi frameshifts:1 cds_range:328-1317 via tfasty with ISRm10_tp [Acropora digitifera]
Mariner-6_PR_tp	TcMar	DNA/TcMar-ISRm11	416	Mariner-6_PR_tp#DNA/TcMar-ISRm11 RBRM:Mariner-6_PR cds_range:110-1358 [Phytophthora ramorum]
Mariner-6_ROr_tp	TcMar	DNA/TcMar-ISRm11	447	Mariner-6_ROr_tp#DNA/TcMar-ISRm11 RBRM:Mariner-6_ROr cds_range:190-1531 [Rhizopus oryzae]
Mariner-6_SK_tp	TcMar	DNA/TcMar-ISRm11	334	Mariner-6_SK_tp#DNA/TcMar-ISRm11 RBRM:Mariner-6_SK cds_range:325-1327 [Saccoglossus kowalevskii]
Mariner-6_SM_tp	TcMar	DNA/TcMar-ISRm11	387	Mariner-6_SM_tp#DNA/TcMar-ISRm11 RBRM:Mariner-6_SM stops:1 cds_range:560-1721 via tfasty with 31212651_AG [Schmidtea mediterranea]
Mariner-7_NV_tp	TcMar	DNA/TcMar-ISRm11	353	Mariner-7_NV_tp#DNA/TcMar-ISRm11 RBRM:Mariner-7_NV cds_range:592-1651 [Nematostella vectensis]
Mariner-7_ROr_tp	TcMar	DNA/TcMar-ISRm11	435	Mariner-7_ROr_tp#DNA/TcMar-ISRm11 RBRM:Mariner-7_ROr cds_range:56-1361 [Rhizopus oryzae]
Mariner-7_SM_tp	TcMar	DNA/TcMar-ISRm11	316	Mariner-7_SM_tp#DNA/TcMar-ISRm11 RBRM:Mariner-7_SM cds_range:660-1608 [Schmidtea mediterranea]
Mariner-7_XT_tp	TcMar	DNA/TcMar-ISRm11	372	Mariner-7_XT_tp#DNA/TcMar-ISRm11 RBRM:Mariner-7_XT cds_range:721-1837 [Xenopus (silurana) tropicalis]
Mariner-9_ROr_tp	TcMar	DNA/TcMar-ISRm11	434	Mariner-9_ROr_tp#DNA/TcMar-ISRm11 RBRM:Mariner-9_ROr cds_range:272-1574 [Rhizopus oryzae]
Mariner-10_PI_tp	TcMar	DNA/TcMar-ISRm11	366	Mariner-10_PI_tp#DNA/TcMar-ISRm11 RBRM:Mariner-10_PI cds_range:296-1394 [Phytophthora infestans]
Mariner-11_PI_tp	TcMar	DNA/TcMar-ISRm11	368	Mariner-11_PI_tp#DNA/TcMar-ISRm11 RBRM:Mariner-11_PI cds_range:240-1344 [Phytophthora infestans]
Mariner-12_PI_tp	TcMar	DNA/TcMar-ISRm11	379	Mariner-12_PI_tp#DNA/TcMar-ISRm11 RBRM:Mariner-12_PI cds_range:264-1401 [Phytophthora infestans]
Mariner-12_SM_tp	TcMar	DNA/TcMar-ISRm11	371	Mariner-12_SM_tp#DNA/TcMar-ISRm11 RBRM:MARINER-12_SM cds_range:159-1272 [Schmidtea mediterranea]
Mariner-13_PI_tp	TcMar	DNA/TcMar-ISRm11	313	Mariner-13_PI_tp#DNA/TcMar-ISRm11 RBRM:Mariner-13_PI cds_range:265-1204 [Phytophthora infestans]
Mariner-15_PI_tp	TcMar	DNA/TcMar-ISRm11	329	Mariner-15_PI_tp#DNA/TcMar-ISRm11 RBRM:Mariner-15_PI cds_range:257-1244 [Phytophthora infestans]
Mariner-19_SM_tp	TcMar	DNA/TcMar-ISRm11	334	Mariner-19_SM_tp#DNA/TcMar-ISRm11 RBRM:Mariner-19_SM cds_range:120-1122 [Schmidtea mediterranea]
Mariner-20_SM_tp	TcMar	DNA/TcMar-ISRm11	335	Mariner-20_SM_tp#DNA/TcMar-ISRm11 RBRM:Mariner-20_SM cds_range:76-1081 [Schmidtea mediterranea]
Mariner-28_RPr_tp	TcMar	DNA/TcMar-ISRm11	273	Mariner-28_RPr_tp#DNA/TcMar-ISRm11 RBRM:Mariner-28_RPr cds_range:35-854 [Rhodnius prolixus]
Mariner-31_CGi_tp	TcMar	DNA/TcMar-ISRm11	355	Mariner-31_CGi_tp#DNA/TcMar-ISRm11 RBRM:Mariner-31_CGi cds_range:2289-3354 [Crassostrea gigas]
Mariner-32_RPr_tp	TcMar	DNA/TcMar-ISRm11	411	Mariner-32_RPr_tp#DNA/TcMar-ISRm11 RBRM:Mariner-32_RPr cds_range:339-1572 [Rhodnius prolixus]
Mariner-42_HM_tp	TcMar	DNA/TcMar-ISRm11	402	Mariner-42_HM_tp#DNA/TcMar-ISRm11 RBRM:Mariner-42_HM cds_range:351-1695 exons:351-1290;1428-1695 via genewise with Mariner-12_SM [Hydra vulgaris]
Mariner-44_HM_tp	TcMar	DNA/TcMar-ISRm11	343	Mariner-44_HM_tp#DNA/TcMar-ISRm11 RBRM:Mariner-44_HM cds_range:585-1614 [Hydra vulgaris]
Mariner-45_HM_tp	TcMar	DNA/TcMar-ISRm11	326	Mariner-45_HM_tp#DNA/TcMar-ISRm11 RBRM:Mariner-45_HM cds_range:579-1557 [Hydra vulgaris]
SMAR30_tp	TcMar	DNA/TcMar-ISRm11	401	SMAR30_tp#DNA/TcMar-ISRm11 RBRM:SMAR30 cds_range:231-1434 [Schmidtea mediterranea]
Mariner44_CB_tp	TcMar	DNA/TcMar-m44	501	Mariner44_CB_tp#DNA/TcMar-m44 RBRM:MARINER44_CB cds_range:658-2161 [Caenorhabditis briggsae]
Mariner-1_AP_tp	TcMar	DNA/TcMar-m44	434	Mariner-1_AP_tp#DNA/TcMar-m44 RBRM:Mariner-1_AP cds_range:503-1805 [Acyrthosiphon pisum]
Mariner-2_AP_tp	TcMar	DNA/TcMar-m44	439	Mariner-2_AP_tp#DNA/TcMar-m44 RBRM:Mariner-2_AP frameshifts:2 cds_range:432-1747 via tfasty with 52548731_arch [Acyrthosiphon pisum]
Mariner-3_AP_tp	TcMar	DNA/TcMar-m44	434	Mariner-3_AP_tp#DNA/TcMar-m44 RBRM:Mariner-3_AP frameshifts:1 stops:2 cds_range:536-1839 via tfasty with 52548731_arch [Acyrthosiphon pisum]
Mariner-21_CGi_tp	TcMar	DNA/TcMar-m44	376	Mariner-21_CGi_tp#DNA/TcMar-m44 RBRM:Mariner-21_CGi cds_range:3954-5082 [Crassostrea gigas]
Mariner-33_LMi_tp	TcMar	DNA/TcMar-m44	462	Mariner-33_LMi_tp#DNA/TcMar-m44 RBRM:Mariner-33_LMi cds_range:171-1557 [Locusta migratoria]
Mariner-40_LMi_tp	TcMar	DNA/TcMar-m44	480	Mariner-40_LMi_tp#DNA/TcMar-m44 RBRM:Mariner-40_LMi cds_range:261-1701 [Locusta migratoria]
Mariner-41_LMi_tp	TcMar	DNA/TcMar-m44	447	Mariner-41_LMi_tp#DNA/TcMar-m44 RBRM:Mariner-41_LMi frameshifts:1 cds_range:61-1401 via tfasty with Mariner-55_LMi_tp [Locusta migratoria]
Mariner-47_LMi_tp	TcMar	DNA/TcMar-m44	475	Mariner-47_LMi_tp#DNA/TcMar-m44 RBRM:Mariner-47_LMi frameshifts:4 stops:1 cds_range:248-1671 via tfasty with Mariner-40_LMi_tp [Locusta migratoria]
Mariner-55_LMi_tp	TcMar	DNA/TcMar-m44	461	Mariner-55_LMi_tp#DNA/TcMar-m44 RBRM:Mariner-55_LMi cds_range:203-1586 [Locusta migratoria]
ANM4_tp	TcMar	DNA/TcMar-Mariner	314	ANM4_tp#DNA/TcMar-Mariner RBRM:ANM4 frameshifts:7 cds_range:381-1324 wised with Kusmar1  [Antheraea mylitta]
AVMAR1_tp	TcMar	DNA/TcMar-Mariner	352	AVMAR1_tp#DNA/TcMar-Mariner RBRM:AVMAR1 cds_range:89-1145 [Adineta vaga]
AVMAR1A_tp	TcMar	DNA/TcMar-Mariner	345	AVMAR1A_tp#DNA/TcMar-Mariner RBRM:AVMAR1A cds_range:109-1144 [Adineta vaga]
BOTMAR1_tp	TcMar	DNA/TcMar-Mariner	345	BOTMAR1_tp#DNA/TcMar-Mariner RBRM:BOTMAR1 frameshifts:2 cds_range:160-1193 wised with Bgmar1 [Bombus terrestris]
MAR1_TV_tp	TcMar	DNA/TcMar-Mariner	375	MAR1_TV_tp#DNA/TcMar-Mariner RBRM:MAR1_TV cds_range:96-1221 [Trichomonas vaginalis]
Mari2_Pca_tp	TcMar	DNA/TcMar-Mariner	354	Mari2_Pca_tp#DNA/TcMar-Mariner RBRM:Mari2_Pca frameshifts:1 cds_range:191-1252 via tfasty with SMAR31 [Procavia capensis]
MARIAM1_tp	TcMar	DNA/TcMar-Mariner	342	MARIAM1_tp#DNA/TcMar-Mariner RBRM:MARIAM1 cds_range:181-1207 [Apis mellifera]
MARINA_tp	TcMar	DNA/TcMar-Mariner	348	MARINA_tp#DNA/TcMar-Mariner RBRM:MARINA cds_range:168-1212 [Endopterygota]
Mariner1_BT_tp	TcMar	DNA/TcMar-Mariner	342	Mariner1_BT_tp#DNA/TcMar-Mariner RBRM:Mariner1_BT cds_range:177-1203 [Bos taurus]
Mariner1_DYa_tp	TcMar	DNA/TcMar-Mariner	349	Mariner1_DYa_tp#DNA/TcMar-Mariner RBRM:Mariner1_DYa cds_range:182-1229 [Drosophila yakuba]
Mariner1_GG_tp	TcMar	DNA/TcMar-Mariner	361	Mariner1_GG_tp#DNA/TcMar-Mariner RBRM:Mariner1_GG cds_range:135-1218 [Gallus]
Mariner4_CB_tp	TcMar	DNA/TcMar-Mariner	340	Mariner4_CB_tp#DNA/TcMar-Mariner RBRM:Mariner4_CB cds_range:158-1178 [Caenorhabditis briggsae]
Mariner5_CB_tp	TcMar	DNA/TcMar-Mariner	336	Mariner5_CB_tp#DNA/TcMar-Mariner RBRM:Mariner5_CB frameshifts:3 stops:6 cds_range:175-1183 wised with Mariner4_CB  [Caenorhabditis briggsae]
Mariner6_CB_tp	TcMar	DNA/TcMar-Mariner	334	Mariner6_CB_tp#DNA/TcMar-Mariner RBRM:Mariner6_CB frameshifts:5 stops:5 cds_range:176-1175 wised with Mariner4_CB  [Caenorhabditis briggsae]
Mariner12_CB_tp	TcMar	DNA/TcMar-Mariner	319	Mariner12_CB_tp#DNA/TcMar-Mariner RBRM:Mariner12_CB frameshifts:3 cds_range:182-1138 wised with Mariner12_CB and Acmar  [Caenorhabditis briggsae]
Mariner18_CB_tp	TcMar	DNA/TcMar-Mariner	340	Mariner18_CB_tp#DNA/TcMar-Mariner RBRM:Mariner18_CB cds_range:166-1186 [Caenorhabditis briggsae]
Mariner24_CB_tp	TcMar	DNA/TcMar-Mariner	309	Mariner24_CB_tp#DNA/TcMar-Mariner RBRM:Mariner24_CB frameshifts:2 stops:4 cds_range:249-1174 wised with Mariner3_CE  [Caenorhabditis briggsae]
Mariner26_CB_tp	TcMar	DNA/TcMar-Mariner	329	Mariner26_CB_tp#DNA/TcMar-Mariner RBRM:Mariner26_CB frameshifts:1 stops:5 cds_range:187-1173 wised with Mariner3_CE  [Caenorhabditis briggsae]
Mariner38_CB_tp	TcMar	DNA/TcMar-Mariner	325	Mariner38_CB_tp#DNA/TcMar-Mariner RBRM:Mariner38_CB frameshifts:4 stops:5 cds_range:169-1141 wised with Mariner4_CE and Mariner2_CE  [Caenorhabditis briggsae]
Mariner-1_ACar_tp	TcMar	DNA/TcMar-Mariner	356	Mariner-1_ACar_tp#DNA/TcMar-Mariner RBRM:Mariner-1_ACar cds_range:162-1230 [Anolis carolinensis]
Mariner-1_ACe_tp	TcMar	DNA/TcMar-Mariner	342	Mariner-1_ACe_tp#DNA/TcMar-Mariner RBRM:Mariner-1_ACe cds_range:184-1210 [Atta cephalotes]
Mariner-1_AEc_tp	TcMar	DNA/TcMar-Mariner	361	Mariner-1_AEc_tp#DNA/TcMar-Mariner RBRM:Mariner-1_AEc cds_range:150-1233 [Acromyrmex echinatior]
Mariner-1_BG_tp	TcMar	DNA/TcMar-Mariner	366	Mariner-1_BG_tp#DNA/TcMar-Mariner RBRM:Mariner-1_BG frameshifts:1 stops:1 cds_range:257-1354 via tfasty with Mariner-1_AN_tp [Blumeria graminis]
Mariner-1_BM_tp	TcMar	DNA/TcMar-Mariner	333	Mariner-1_BM_tp#DNA/TcMar-Mariner RBRM:Mariner-1_BM cds_range:860-1859 [Bombyx mori]
Mariner-1_CFl_tp	TcMar	DNA/TcMar-Mariner	345	Mariner-1_CFl_tp#DNA/TcMar-Mariner RBRM:Mariner-1_CFl cds_range:175-1210 [Camponotus floridanus]
Mariner-1_DBi_tp	TcMar	DNA/TcMar-Mariner	353	Mariner-1_DBi_tp#DNA/TcMar-Mariner RBRM:Mariner-1_DBi cds_range:209-1268 Mariner-2_Dro_tp near-identical. [Drosophila biarmipes]
Mariner-1_DEl_tp	TcMar	DNA/TcMar-Mariner	341	Mariner-1_DEl_tp#DNA/TcMar-Mariner RBRM:Mariner-1_DEl cds_range:142-1165 [Drosophila elegans]
Mariner-1_DF_tp	TcMar	DNA/TcMar-Mariner	342	Mariner-1_DF_tp#DNA/TcMar-Mariner RBRM:Mariner-1_DF cds_range:185-1211 [Drosophila ficusphila]
Mariner-1_DPe_tp	TcMar	DNA/TcMar-Mariner	350	Mariner-1_DPe_tp#DNA/TcMar-Mariner RBRM:Mariner-1_DPe frameshifts:1 cds_range:176-1225 via tfasty with Mariner-4_BM [Drosophila persimilis]
Mariner-1_Dro_tp	TcMar	DNA/TcMar-Mariner	371	Mariner-1_Dro_tp#DNA/TcMar-Mariner RBRM:Mariner-1_Dro cds_range:119-1232 [Drosophila fruit fly genus]
Mariner-1_HSal_tp	TcMar	DNA/TcMar-Mariner	342	Mariner-1_HSal_tp#DNA/TcMar-Mariner RBRM:Mariner-1_HSal cds_range:182-1208 [Harpegnathos saltator]
Mariner-1_LHu_tp	TcMar	DNA/TcMar-Mariner	349	Mariner-1_LHu_tp#DNA/TcMar-Mariner RBRM:Mariner-1_LHu cds_range:171-1218 [Linepithema humile]
Mariner-1_PBa_tp	TcMar	DNA/TcMar-Mariner	349	Mariner-1_PBa_tp#DNA/TcMar-Mariner RBRM:Mariner-1_PBa cds_range:180-1227 [Pogonomyrmex barbatus]
Mariner-1B_HSal_tp	TcMar	DNA/TcMar-Mariner	342	Mariner-1B_HSal_tp#DNA/TcMar-Mariner RBRM:Mariner-1B_HSal cds_range:182-1208 [Harpegnathos saltator]
Mariner-2_ACe_tp	TcMar	DNA/TcMar-Mariner	345	Mariner-2_ACe_tp#DNA/TcMar-Mariner RBRM:Mariner-2_ACe cds_range:172-1207 [Atta cephalotes]
Mariner-2_BF_tp	TcMar	DNA/TcMar-Mariner	351	Mariner-2_BF_tp#DNA/TcMar-Mariner RBRM:Mariner-2_BF cds_range:168-1221 [Branchiostoma floridae]
Mariner-2_CGi_tp	TcMar	DNA/TcMar-Mariner	350	Mariner-2_CGi_tp#DNA/TcMar-Mariner RBRM:Mariner-2_CGi cds_range:61-1111 [Crassostrea gigas]
Mariner-2_DEl_tp	TcMar	DNA/TcMar-Mariner	340	Mariner-2_DEl_tp#DNA/TcMar-Mariner RBRM:Mariner-2_DEl frameshifts:1 cds_range:161-1182 via tfasty with NAVIMAR1 [Drosophila elegans]
Mariner-2_DF_tp	TcMar	DNA/TcMar-Mariner	353	Mariner-2_DF_tp#DNA/TcMar-Mariner RBRM:Mariner-2_DF frameshifts:1 cds_range:208-1266 via tfasty with Mariner-1_DBi_tp [Drosophila ficusphila]
Mariner-2_HSal_tp	TcMar	DNA/TcMar-Mariner	342	Mariner-2_HSal_tp#DNA/TcMar-Mariner RBRM:Mariner-2_HSal cds_range:186-1212 [Harpegnathos saltator]
Mariner-2_LHu_tp	TcMar	DNA/TcMar-Mariner	361	Mariner-2_LHu_tp#DNA/TcMar-Mariner RBRM:Mariner-2_LHu cds_range:125-1208 [Linepithema humile]
Mariner-2_LMi_tp	TcMar	DNA/TcMar-Mariner	345	Mariner-2_LMi_tp#DNA/TcMar-Mariner RBRM:Mariner-2_LMi cds_range:196-1231 [Locusta migratoria]
Mariner-2_PBa_tp	TcMar	DNA/TcMar-Mariner	354	Mariner-2_PBa_tp#DNA/TcMar-Mariner RBRM:Mariner-2_PBa cds_range:197-1259 [Pogonomyrmex barbatus]
Mariner-2_PPc_tp	TcMar	DNA/TcMar-Mariner	338	Mariner-2_PPc_tp#DNA/TcMar-Mariner RBRM:Mariner-2_PPc cds_range:165-1179 [Pristionchus pacificus]
Mariner-2_RPr_tp	TcMar	DNA/TcMar-Mariner	357	Mariner-2_RPr_tp#DNA/TcMar-Mariner RBRM:Mariner-2_RPr cds_range:166-1237 [Rhodnius prolixus]
Mariner-2_SIn_tp	TcMar	DNA/TcMar-Mariner	345	Mariner-2_SIn_tp#DNA/TcMar-Mariner RBRM:Mariner-2_SIn cds_range:173-1208 [Solenopsis invicta]
Mariner-3_AEc_tp	TcMar	DNA/TcMar-Mariner	345	Mariner-3_AEc_tp#DNA/TcMar-Mariner RBRM:Mariner-3_AEc cds_range:175-1210 [Acromyrmex echinatior]
Mariner-3_BM_tp	TcMar	DNA/TcMar-Mariner	339	Mariner-3_BM_tp#DNA/TcMar-Mariner RBRM:Mariner-3_BM frameshifts:1 cds_range:188-1204 via tfasty with Kusmar1_tp [Bombyx mori]
Mariner-3_CFl_tp	TcMar	DNA/TcMar-Mariner	349	Mariner-3_CFl_tp#DNA/TcMar-Mariner RBRM:Mariner-3_CFl cds_range:182-1229 [Camponotus floridanus]
Mariner-3_DRh_tp	TcMar	DNA/TcMar-Mariner	328	Mariner-3_DRh_tp#DNA/TcMar-Mariner RBRM:Mariner-3_DRh cds_range:182-1166 Mariner-2_DEr_tp very similar (with duplication) [Drosophila rhopaloa]
Mariner-3_HSal_tp	TcMar	DNA/TcMar-Mariner	341	Mariner-3_HSal_tp#DNA/TcMar-Mariner RBRM:Mariner-3_HSal cds_range:186-1209 [Harpegnathos saltator]
Mariner-3_PBa_tp	TcMar	DNA/TcMar-Mariner	343	Mariner-3_PBa_tp#DNA/TcMar-Mariner RBRM:Mariner-3_PBa cds_range:175-1204 [Pogonomyrmex barbatus]
Mariner-3_PPo_tp	TcMar	DNA/TcMar-Mariner	337	Mariner-3_PPo_tp#DNA/TcMar-Mariner RBRM:Mariner-3_PPo cds_range:180-1191 [Papilio polytes]
Mariner-4_ACar_tp	TcMar	DNA/TcMar-Mariner	350	Mariner-4_ACar_tp#DNA/TcMar-Mariner RBRM:Mariner-4_ACar cds_range:170-1220 [Anolis carolinensis]
Mariner-4_AEc_tp	TcMar	DNA/TcMar-Mariner	345	Mariner-4_AEc_tp#DNA/TcMar-Mariner RBRM:Mariner-4_AEc cds_range:175-1210 [Acromyrmex echinatior]
Mariner-4_BM_tp	TcMar	DNA/TcMar-Mariner	350	Mariner-4_BM_tp#DNA/TcMar-Mariner RBRM:Mariner-4_BM cds_range:173-1223 [Bombyx mori]
Mariner-4_CFl_tp	TcMar	DNA/TcMar-Mariner	360	Mariner-4_CFl_tp#DNA/TcMar-Mariner RBRM:Mariner-4_CFl cds_range:206-1286 [Camponotus floridanus]
Mariner-4_HSal_tp	TcMar	DNA/TcMar-Mariner	342	Mariner-4_HSal_tp#DNA/TcMar-Mariner RBRM:Mariner-4_HSal cds_range:184-1210 [Harpegnathos saltator]
Mariner-4_RPr_tp	TcMar	DNA/TcMar-Mariner	356	Mariner-4_RPr_tp#DNA/TcMar-Mariner RBRM:Mariner-4_RPr cds_range:193-1261 [Rhodnius prolixus]
Mariner-4_SIn_tp	TcMar	DNA/TcMar-Mariner	349	Mariner-4_SIn_tp#DNA/TcMar-Mariner RBRM:Mariner-4_SIn cds_range:180-1227 [Solenopsis invicta]
Mariner-5_ACe_tp	TcMar	DNA/TcMar-Mariner	373	Mariner-5_ACe_tp#DNA/TcMar-Mariner RBRM:Mariner-5_ACe cds_range:87-1206 [Atta cephalotes]
Mariner-5_AEc_tp	TcMar	DNA/TcMar-Mariner	349	Mariner-5_AEc_tp#DNA/TcMar-Mariner RBRM:Mariner-5_AEc cds_range:184-1231 [Acromyrmex echinatior]
Mariner-5_Crp_tp	TcMar	DNA/TcMar-Mariner	357	Mariner-5_Crp_tp#DNA/TcMar-Mariner RBRM:Mariner-5_Crp cds_range:147-1218 [Crocodylia]
Mariner-5_HSal_tp	TcMar	DNA/TcMar-Mariner	349	Mariner-5_HSal_tp#DNA/TcMar-Mariner RBRM:Mariner-5_HSal cds_range:180-1227 [Harpegnathos saltator]
Mariner-5_LMi_tp	TcMar	DNA/TcMar-Mariner	356	Mariner-5_LMi_tp#DNA/TcMar-Mariner RBRM:Mariner-5_LMi cds_range:165-1233 [Locusta migratoria]
Mariner-5_SIn_tp	TcMar	DNA/TcMar-Mariner	354	Mariner-5_SIn_tp#DNA/TcMar-Mariner RBRM:Mariner-5_SIn cds_range:195-1257 [Solenopsis invicta]
Mariner-6_AEc_tp	TcMar	DNA/TcMar-Mariner	345	Mariner-6_AEc_tp#DNA/TcMar-Mariner RBRM:Mariner-6_AEc cds_range:173-1208 [Acromyrmex echinatior]
Mariner-6_BM_tp	TcMar	DNA/TcMar-Mariner	345	Mariner-6_BM_tp#DNA/TcMar-Mariner RBRM:Mariner-6_BM frameshifts:1 cds_range:161-1195 via tfasty with Desmar1_tp [Bombyx mori]
Mariner-6_CFl_tp	TcMar	DNA/TcMar-Mariner	342	Mariner-6_CFl_tp#DNA/TcMar-Mariner RBRM:Mariner-6_CFl cds_range:185-1211 [Camponotus floridanus]
Mariner-6_DF_tp	TcMar	DNA/TcMar-Mariner	348	Mariner-6_DF_tp#DNA/TcMar-Mariner RBRM:Mariner-6_DF cds_range:181-1225 [Drosophila ficusphila]
Mariner-6_LHu_tp	TcMar	DNA/TcMar-Mariner	349	Mariner-6_LHu_tp#DNA/TcMar-Mariner RBRM:Mariner-6_LHu cds_range:181-1228 [Linepithema humile]
Mariner-6_LMi_tp	TcMar	DNA/TcMar-Mariner	356	Mariner-6_LMi_tp#DNA/TcMar-Mariner RBRM:Mariner-6_LMi cds_range:162-1230 [Locusta migratoria]
Mariner-6_PBa_tp	TcMar	DNA/TcMar-Mariner	336	Mariner-6_PBa_tp#DNA/TcMar-Mariner RBRM:Mariner-6_PBa cds_range:161-1169 [Pogonomyrmex barbatus]
Mariner-6_RPr_tp	TcMar	DNA/TcMar-Mariner	349	Mariner-6_RPr_tp#DNA/TcMar-Mariner RBRM:Mariner-6_RPr cds_range:178-1225 [Rhodnius prolixus]
Mariner-6_SIn_tp	TcMar	DNA/TcMar-Mariner	345	Mariner-6_SIn_tp#DNA/TcMar-Mariner RBRM:Mariner-6_SIn cds_range:175-1210 [Solenopsis invicta]
Mariner-7_AEc_tp	TcMar	DNA/TcMar-Mariner	349	Mariner-7_AEc_tp#DNA/TcMar-Mariner RBRM:Mariner-7_AEc cds_range:180-1227 [Acromyrmex echinatior]
Mariner-7_DEl_tp	TcMar	DNA/TcMar-Mariner	362	Mariner-7_DEl_tp#DNA/TcMar-Mariner RBRM:Mariner-7_DEl cds_range:89-1175 [Drosophila elegans]
Mariner-7_HSal_tp	TcMar	DNA/TcMar-Mariner	358	Mariner-7_HSal_tp#DNA/TcMar-Mariner RBRM:Mariner-7_HSal cds_range:125-1199 [Harpegnathos saltator]
Mariner-7_PBa_tp	TcMar	DNA/TcMar-Mariner	364	Mariner-7_PBa_tp#DNA/TcMar-Mariner RBRM:Mariner-7_PBa cds_range:133-1225 [Pogonomyrmex barbatus]
Mariner-7_RPr_tp	TcMar	DNA/TcMar-Mariner	350	Mariner-7_RPr_tp#DNA/TcMar-Mariner RBRM:Mariner-7_RPr cds_range:175-1225 [Rhodnius prolixus]
Mariner-8_AEc_tp	TcMar	DNA/TcMar-Mariner	342	Mariner-8_AEc_tp#DNA/TcMar-Mariner RBRM:Mariner-8_AEc cds_range:175-1201 [Acromyrmex echinatior]
Mariner-8_DK_tp	TcMar	DNA/TcMar-Tc1	349	Mariner-8_DK_tp#DNA/TcMar-Tc1 RBRM:Mariner-11_BM cds_range:170-1217 [Drosophila kikkawai]
Mariner-8_LHu_tp	TcMar	DNA/TcMar-Mariner	343	Mariner-8_LHu_tp#DNA/TcMar-Mariner RBRM:Mariner-8_LHu cds_range:172-1201 [Linepithema humile]
Mariner-8_LMi_tp	TcMar	DNA/TcMar-Mariner	368	Mariner-8_LMi_tp#DNA/TcMar-Mariner RBRM:Mariner-8_LMi cds_range:123-1227 [Locusta migratoria]
Mariner-8_PBa_tp	TcMar	DNA/TcMar-Mariner	266	Mariner-8_PBa_tp#DNA/TcMar-Mariner RBRM:Mariner-8_PBa cds_range:412-1210 [Pogonomyrmex barbatus]
Mariner-8_SIn_tp	TcMar	DNA/TcMar-Mariner	342	Mariner-8_SIn_tp#DNA/TcMar-Mariner RBRM:Mariner-8_SIn cds_range:187-1213 [Solenopsis invicta]
Mariner-9_ACe_tp	TcMar	DNA/TcMar-Mariner	349	Mariner-9_ACe_tp#DNA/TcMar-Mariner RBRM:Mariner-9_ACe cds_range:179-1226 [Atta cephalotes]
Mariner-9_AEc_tp	TcMar	DNA/TcMar-Mariner	357	Mariner-9_AEc_tp#DNA/TcMar-Mariner RBRM:Mariner-9_AEc cds_range:207-1278 [Acromyrmex echinatior]
Mariner-9_CFl_tp	TcMar	DNA/TcMar-Mariner	346	Mariner-9_CFl_tp#DNA/TcMar-Mariner RBRM:Mariner-9_CFl cds_range:173-1211 [Camponotus floridanus]
Mariner-9_LHu_tp	TcMar	DNA/TcMar-Mariner	347	Mariner-9_LHu_tp#DNA/TcMar-Mariner RBRM:Mariner-9_LHu cds_range:167-1208 [Linepithema humile]
Mariner-9_PBa_tp	TcMar	DNA/TcMar-Mariner	294	Mariner-9_PBa_tp#DNA/TcMar-Mariner RBRM:Mariner-9_PBa cds_range:209-1091 [Pogonomyrmex barbatus]
Mariner-9_RPr_tp	TcMar	DNA/TcMar-Mariner	331	Mariner-9_RPr_tp#DNA/TcMar-Mariner RBRM:Mariner-9_RPr cds_range:262-1255 [Rhodnius prolixus]
Mariner-9_SIn_tp	TcMar	DNA/TcMar-Mariner	312	Mariner-9_SIn_tp#DNA/TcMar-Mariner RBRM:Mariner-9_SIn cds_range:181-1117 [Solenopsis invicta]
Mariner-10_AEc_tp	TcMar	DNA/TcMar-Mariner	343	Mariner-10_AEc_tp#DNA/TcMar-Mariner RBRM:Mariner-10_AEc cds_range:174-1203 [Acromyrmex echinatior]
Mariner-10_CFl_tp	TcMar	DNA/TcMar-Mariner	342	Mariner-10_CFl_tp#DNA/TcMar-Mariner RBRM:Mariner-10_CFl cds_range:184-1210 [Camponotus floridanus]
Mariner-10_HSal_tp	TcMar	DNA/TcMar-Mariner	339	Mariner-10_HSal_tp#DNA/TcMar-Mariner RBRM:Mariner-10_HSal cds_range:191-1208 [Harpegnathos saltator]
Mariner-10_LHu_tp	TcMar	DNA/TcMar-Mariner	345	Mariner-10_LHu_tp#DNA/TcMar-Mariner RBRM:Mariner-10_LHu cds_range:171-1206 [Linepithema humile]
Mariner-11_CFl_tp	TcMar	DNA/TcMar-Mariner	342	Mariner-11_CFl_tp#DNA/TcMar-Mariner RBRM:Mariner-11_CFl cds_range:173-1199 [Camponotus floridanus]
Mariner-11_CGi_tp	TcMar	DNA/TcMar-Mariner	334	Mariner-11_CGi_tp#DNA/TcMar-Mariner RBRM:Mariner-11_CGi cds_range:410-1412 [Crassostrea gigas]
Mariner-11_HSal_tp	TcMar	DNA/TcMar-Mariner	342	Mariner-11_HSal_tp#DNA/TcMar-Mariner RBRM:Mariner-11_HSal cds_range:187-1213 [Harpegnathos saltator]
Mariner-11_LHu_tp	TcMar	DNA/TcMar-Mariner	342	Mariner-11_LHu_tp#DNA/TcMar-Mariner RBRM:Mariner-11_LHu cds_range:173-1199 [Linepithema humile]
Mariner-11_SIn_tp	TcMar	DNA/TcMar-Mariner	345	Mariner-11_SIn_tp#DNA/TcMar-Mariner RBRM:Mariner-11_SIn cds_range:175-1210 [Solenopsis invicta]
Mariner-12_CFl_tp	TcMar	DNA/TcMar-Mariner	278	Mariner-12_CFl_tp#DNA/TcMar-Mariner RBRM:Mariner-12_CFl cds_range:391-1225 [Camponotus floridanus]
Mariner-12_PBa_tp	TcMar	DNA/TcMar-Mariner	357	Mariner-12_PBa_tp#DNA/TcMar-Mariner RBRM:Mariner-12_PBa cds_range:138-1209 [Pogonomyrmex barbatus]
Mariner-12_SIn_tp	TcMar	DNA/TcMar-Mariner	345	Mariner-12_SIn_tp#DNA/TcMar-Mariner RBRM:Mariner-12_SIn cds_range:171-1206 [Solenopsis invicta]
Mariner-13_AEc_tp	TcMar	DNA/TcMar-Mariner	300	Mariner-13_AEc_tp#DNA/TcMar-Mariner RBRM:Mariner-13_AEc cds_range:192-1092 [Acromyrmex echinatior]
Mariner-13_DBp_tp	TcMar	DNA/TcMar-Mariner	349	Mariner-13_DBp_tp#DNA/TcMar-Mariner RBRM:Mariner-13_DBp cds_range:176-1223 [Drosophila bipectinata]
Mariner-13_HSal_tp	TcMar	DNA/TcMar-Mariner	339	Mariner-13_HSal_tp#DNA/TcMar-Mariner RBRM:Mariner-13_HSal cds_range:191-1208 [Harpegnathos saltator]
Mariner-13_LHu_tp	TcMar	DNA/TcMar-Mariner	369	Mariner-13_LHu_tp#DNA/TcMar-Mariner RBRM:Mariner-13_LHu cds_range:101-1208 [Linepithema humile]
Mariner-13_LMi_tp	TcMar	DNA/TcMar-Mariner	358	Mariner-13_LMi_tp#DNA/TcMar-Mariner RBRM:Mariner-13_LMi cds_range:188-1262 [Locusta migratoria]
Mariner-14_CFl_tp	TcMar	DNA/TcMar-Mariner	341	Mariner-14_CFl_tp#DNA/TcMar-Mariner RBRM:Mariner-14_CFl cds_range:179-1202 [Camponotus floridanus]
Mariner-14_DBp_tp	TcMar	DNA/TcMar-Mariner	356	Mariner-14_DBp_tp#DNA/TcMar-Mariner RBRM:Mariner-14_DBp cds_range:139-1207 Mariner-2_DEr_tp near-identical with errors. [Drosophila bipectinata]
Mariner-14_LMi_tp	TcMar	DNA/TcMar-Mariner	356	Mariner-14_LMi_tp#DNA/TcMar-Mariner RBRM:Mariner-14_LMi cds_range:160-1228 [Locusta migratoria]
Mariner-15_HSal_tp	TcMar	DNA/TcMar-Mariner	301	Mariner-15_HSal_tp#DNA/TcMar-Mariner RBRM:Mariner-15_HSal cds_range:181-1084 [Harpegnathos saltator]
Mariner-15_RPr_tp	TcMar	DNA/TcMar-Mariner	349	Mariner-15_RPr_tp#DNA/TcMar-Mariner RBRM:Mariner-15_RPr cds_range:195-1242 [Rhodnius prolixus]
Mariner-15_SM_tp	TcMar	DNA/TcMar-Mariner	264	Mariner-15_SM_tp#DNA/TcMar-Mariner RBRM:Mariner-15_SM cds_range:156-948 [Schmidtea mediterranea]
Mariner-16_AEc_tp	TcMar	DNA/TcMar-Mariner	341	Mariner-16_AEc_tp#DNA/TcMar-Mariner RBRM:Mariner-16_AEc cds_range:186-1209 [Acromyrmex echinatior]
Mariner-16_HM_tp	TcMar	DNA/TcMar-Mariner	349	Mariner-16_HM_tp#DNA/TcMar-Mariner RBRM:Mariner-16_HM cds_range:178-1225 [Hydra vulgaris]
Mariner-16_HSal_tp	TcMar	DNA/TcMar-Mariner	342	Mariner-16_HSal_tp#DNA/TcMar-Mariner RBRM:Mariner-16_HSal cds_range:186-1212 [Harpegnathos saltator]
Mariner-16_LHu_tp	TcMar	DNA/TcMar-Mariner	333	Mariner-16_LHu_tp#DNA/TcMar-Mariner RBRM:Mariner-16_LHu cds_range:191-1190 [Linepithema humile]
Mariner-16_RPr_tp	TcMar	DNA/TcMar-Mariner	355	Mariner-16_RPr_tp#DNA/TcMar-Mariner RBRM:Mariner-16_RPr cds_range:154-1219 [Rhodnius prolixus]
Mariner-18_AEc_tp	TcMar	DNA/TcMar-Mariner	346	Mariner-18_AEc_tp#DNA/TcMar-Mariner RBRM:Mariner-18_AEc cds_range:173-1211 [Acromyrmex echinatior]
Mariner-18_LMi_tp	TcMar	DNA/TcMar-Mariner	356	Mariner-18_LMi_tp#DNA/TcMar-Mariner RBRM:Mariner-18_LMi frameshifts:1 cds_range:156-1225 via tfasty with Mariner1_GG_tp [Locusta migratoria]
Mariner-19_SIn_tp	TcMar	DNA/TcMar-Mariner	357	Mariner-19_SIn_tp#DNA/TcMar-Mariner RBRM:Mariner-19_SIn cds_range:162-1233 [Solenopsis invicta]
Mariner-20_AEc_tp	TcMar	DNA/TcMar-Mariner	371	Mariner-20_AEc_tp#DNA/TcMar-Mariner RBRM:Mariner-20_AEc cds_range:119-1232 [Acromyrmex echinatior]
Mariner-20_HSal_tp	TcMar	DNA/TcMar-Mariner	341	Mariner-20_HSal_tp#DNA/TcMar-Mariner RBRM:Mariner-20_HSal cds_range:185-1208 [Harpegnathos saltator]
Mariner-20_SIn_tp	TcMar	DNA/TcMar-Mariner	345	Mariner-20_SIn_tp#DNA/TcMar-Mariner RBRM:Mariner-20_SIn cds_range:175-1210 [Solenopsis invicta]
Mariner-21_AEc_tp	TcMar	DNA/TcMar-Mariner	354	Mariner-21_AEc_tp#DNA/TcMar-Mariner RBRM:Mariner-21_AEc cds_range:192-1254 [Acromyrmex echinatior]
Mariner-22_AEc_tp	TcMar	DNA/TcMar-Mariner	349	Mariner-22_AEc_tp#DNA/TcMar-Mariner RBRM:Mariner-22_AEc cds_range:197-1244 [Acromyrmex echinatior]
Mariner-22_HSal_tp	TcMar	DNA/TcMar-Mariner	342	Mariner-22_HSal_tp#DNA/TcMar-Mariner RBRM:Mariner-22_HSal cds_range:184-1210 [Harpegnathos saltator]
Mariner-23_AEc_tp	TcMar	DNA/TcMar-Mariner	311	Mariner-23_AEc_tp#DNA/TcMar-Mariner RBRM:Mariner-23_AEc cds_range:326-1259 [Acromyrmex echinatior]
Mariner-23_HSal_tp	TcMar	DNA/TcMar-Mariner	342	Mariner-23_HSal_tp#DNA/TcMar-Mariner RBRM:Mariner-23_HSal cds_range:184-1210 [Harpegnathos saltator]
Mariner-23_LMi_tp	TcMar	DNA/TcMar-Mariner	350	Mariner-23_LMi_tp#DNA/TcMar-Mariner RBRM:Mariner-23_LMi cds_range:204-1254 [Locusta migratoria]
Mariner-23_LSal_tp	TcMar	DNA/TcMar-Mariner	355	Mariner-23_LSal_tp#DNA/TcMar-Mariner RBRM:Mariner-23_LSal cds_range:171-1236 [Lepeophtheirus salmonis]
Mariner-23_SIn_tp	TcMar	DNA/TcMar-Mariner	342	Mariner-23_SIn_tp#DNA/TcMar-Mariner RBRM:Mariner-23_SIn cds_range:173-1199 [Solenopsis invicta]
Mariner-24_HSal_tp	TcMar	DNA/TcMar-Mariner	345	Mariner-24_HSal_tp#DNA/TcMar-Mariner RBRM:Mariner-24_HSal cds_range:172-1207 [Harpegnathos saltator]
Mariner-25_HSal_tp	TcMar	DNA/TcMar-Mariner	345	Mariner-25_HSal_tp#DNA/TcMar-Mariner RBRM:Mariner-25_HSal cds_range:173-1208 [Harpegnathos saltator]
Mariner-25_LMi_tp	TcMar	DNA/TcMar-Mariner	355	Mariner-25_LMi_tp#DNA/TcMar-Mariner RBRM:Mariner-25_LMi cds_range:162-1227 [Locusta migratoria]
Mariner-25_SIn_tp	TcMar	DNA/TcMar-Mariner	357	Mariner-25_SIn_tp#DNA/TcMar-Mariner RBRM:Mariner-25_SIn stops:1 cds_range:193-1264 via tfasty with Mariner-21_AEc [Solenopsis invicta]
Mariner-26_AEc_tp	TcMar	DNA/TcMar-Mariner	354	Mariner-26_AEc_tp#DNA/TcMar-Mariner RBRM:Mariner-26_AEc cds_range:194-1256 [Acromyrmex echinatior]
Mariner-26_HSal_tp	TcMar	DNA/TcMar-Mariner	349	Mariner-26_HSal_tp#DNA/TcMar-Mariner RBRM:Mariner-26_HSal cds_range:179-1226 [Harpegnathos saltator]
Mariner-27_AEc_tp	TcMar	DNA/TcMar-Mariner	342	Mariner-27_AEc_tp#DNA/TcMar-Mariner RBRM:Mariner-27_AEc cds_range:183-1209 [Acromyrmex echinatior]
Mariner-27_HSal_tp	TcMar	DNA/TcMar-Mariner	342	Mariner-27_HSal_tp#DNA/TcMar-Mariner RBRM:Mariner-27_HSal cds_range:171-1197 [Harpegnathos saltator]
Mariner-28_HSal_tp	TcMar	DNA/TcMar-Mariner	345	Mariner-28_HSal_tp#DNA/TcMar-Mariner RBRM:Mariner-28_HSal cds_range:173-1208 [Harpegnathos saltator]
Mariner-29_HSal_tp	TcMar	DNA/TcMar-Mariner	311	Mariner-29_HSal_tp#DNA/TcMar-Mariner RBRM:Mariner-29_HSal cds_range:125-1058 [Harpegnathos saltator]
Mariner-30_AEc_tp	TcMar	DNA/TcMar-Mariner	353	Mariner-30_AEc_tp#DNA/TcMar-Mariner RBRM:Mariner-30_AEc cds_range:206-1265 [Acromyrmex echinatior]
Mariner-30_LSal_tp	TcMar	DNA/TcMar-Mariner	346	Mariner-30_LSal_tp#DNA/TcMar-Mariner RBRM:Mariner-30_LSal cds_range:170-1208 [Lepeophtheirus salmonis]
Mariner-31_AEc_tp	TcMar	DNA/TcMar-Mariner	345	Mariner-31_AEc_tp#DNA/TcMar-Mariner RBRM:Mariner-31_AEc cds_range:173-1208 [Acromyrmex echinatior]
Mariner-31_HSal_tp	TcMar	DNA/TcMar-Mariner	342	Mariner-31_HSal_tp#DNA/TcMar-Mariner RBRM:Mariner-31_HSal frameshifts:1 cds_range:172-1197 via tfasty with Mariner-11_CFl [Harpegnathos saltator]
Mariner-32_HSal_tp	TcMar	DNA/TcMar-Mariner	310	Mariner-32_HSal_tp#DNA/TcMar-Mariner RBRM:Mariner-32_HSal cds_range:174-1104 [Harpegnathos saltator]
Mariner-33_AEc_tp	TcMar	DNA/TcMar-Mariner	345	Mariner-33_AEc_tp#DNA/TcMar-Mariner RBRM:Mariner-33_AEc cds_range:166-1201 [Acromyrmex echinatior]
Mariner-33_HSal_tp	TcMar	DNA/TcMar-Mariner	350	Mariner-33_HSal_tp#DNA/TcMar-Mariner RBRM:Mariner-33_HSal cds_range:173-1223 [Harpegnathos saltator]
Mariner-34_HSal_tp	TcMar	DNA/TcMar-Mariner	342	Mariner-34_HSal_tp#DNA/TcMar-Mariner RBRM:Mariner-34_HSal cds_range:172-1198 [Harpegnathos saltator]
Mariner-35_AEc_tp	TcMar	DNA/TcMar-Mariner	364	Mariner-35_AEc_tp#DNA/TcMar-Mariner RBRM:Mariner-35_AEc cds_range:164-1256 [Acromyrmex echinatior]
Mariner-35_HSal_tp	TcMar	DNA/TcMar-Mariner	265	Mariner-35_HSal_tp#DNA/TcMar-Mariner RBRM:Mariner-35_HSal cds_range:417-1212 [Harpegnathos saltator]
Mariner-36_HSal_tp	TcMar	DNA/TcMar-Mariner	342	Mariner-36_HSal_tp#DNA/TcMar-Mariner RBRM:Mariner-36_HSal cds_range:185-1211 [Harpegnathos saltator]
Mariner-38_HSal_tp	TcMar	DNA/TcMar-Mariner	350	Mariner-38_HSal_tp#DNA/TcMar-Mariner RBRM:Mariner-38_HSal cds_range:172-1222 [Harpegnathos saltator]
Mariner-39_HSal_tp	TcMar	DNA/TcMar-Mariner	349	Mariner-39_HSal_tp#DNA/TcMar-Mariner RBRM:Mariner-39_HSal cds_range:179-1226 [Harpegnathos saltator]
Mariner-40_HSal_tp	TcMar	DNA/TcMar-Mariner	339	Mariner-40_HSal_tp#DNA/TcMar-Mariner RBRM:Mariner-40_HSal cds_range:77-1094 [Harpegnathos saltator]
Mariner-40_LSal_tp	TcMar	DNA/TcMar-Mariner	307	Mariner-40_LSal_tp#DNA/TcMar-Mariner RBRM:Mariner-40_LSal cds_range:179-1100 [Lepeophtheirus salmonis]
Mariner-42_HSal_tp	TcMar	DNA/TcMar-Mariner	342	Mariner-42_HSal_tp#DNA/TcMar-Mariner RBRM:Mariner-42_HSal cds_range:183-1209 [Harpegnathos saltator]
Mariner-43_HSal_tp	TcMar	DNA/TcMar-Mariner	342	Mariner-43_HSal_tp#DNA/TcMar-Mariner RBRM:Mariner-43_HSal cds_range:182-1208 [Harpegnathos saltator]
Mariner-45_HSal_tp	TcMar	DNA/TcMar-Mariner	342	Mariner-45_HSal_tp#DNA/TcMar-Mariner RBRM:Mariner-45_HSal cds_range:183-1209 [Harpegnathos saltator]
Mariner-46_HSal_tp	TcMar	DNA/TcMar-Mariner	341	Mariner-46_HSal_tp#DNA/TcMar-Mariner RBRM:Mariner-46_HSal cds_range:183-1206 [Harpegnathos saltator]
Mariner-47_HSal_tp	TcMar	DNA/TcMar-Mariner	342	Mariner-47_HSal_tp#DNA/TcMar-Mariner RBRM:Mariner-47_HSal cds_range:184-1210 [Harpegnathos saltator]
Mariner-48_HSal_tp	TcMar	DNA/TcMar-Mariner	345	Mariner-48_HSal_tp#DNA/TcMar-Mariner RBRM:Mariner-48_HSal cds_range:172-1207 [Harpegnathos saltator]
Mariner-49_HSal_tp	TcMar	DNA/TcMar-Mariner	349	Mariner-49_HSal_tp#DNA/TcMar-Mariner RBRM:Mariner-49_HSal cds_range:179-1226 [Harpegnathos saltator]
Mariner-49_LMi_tp	TcMar	DNA/TcMar-Mariner	349	Mariner-49_LMi_tp#DNA/TcMar-Mariner RBRM:Mariner-49_LMi cds_range:178-1225 [Locusta migratoria]
Mariner-50_HSal_tp	TcMar	DNA/TcMar-Mariner	354	Mariner-50_HSal_tp#DNA/TcMar-Mariner RBRM:Mariner-50_HSal cds_range:193-1255 [Harpegnathos saltator]
Mariner-51_LMi_tp	TcMar	DNA/TcMar-Mariner	349	Mariner-51_LMi_tp#DNA/TcMar-Mariner RBRM:Mariner-51_LMi cds_range:180-1227 [Locusta migratoria]
Mariner-53_HSal_tp	TcMar	DNA/TcMar-Mariner	345	Mariner-53_HSal_tp#DNA/TcMar-Mariner RBRM:Mariner-53_HSal cds_range:173-1208 [Harpegnathos saltator]
Mariner-57_LMi_tp	TcMar	DNA/TcMar-Mariner	356	Mariner-57_LMi_tp#DNA/TcMar-Mariner RBRM:Mariner-57_LMi cds_range:192-1260 [Locusta migratoria]
Mariner-57B_HSal_tp	TcMar	DNA/TcMar-Mariner	345	Mariner-57B_HSal_tp#DNA/TcMar-Mariner RBRM:Mariner-57B_HSal cds_range:199-1234 [Harpegnathos saltator]
Mariner-61_LMi_tp	TcMar	DNA/TcMar-Mariner	384	Mariner-61_LMi_tp#DNA/TcMar-Mariner RBRM:Mariner-61_LMi cds_range:81-1233 [Locusta migratoria]
Mariner-62_LMi_tp	TcMar	DNA/TcMar-Mariner	352	Mariner-62_LMi_tp#DNA/TcMar-Mariner RBRM:Mariner-62_LMi cds_range:185-1241 [Locusta migratoria]
Mariner-63_HSal_tp	TcMar	DNA/TcMar-Mariner	345	Mariner-63_HSal_tp#DNA/TcMar-Mariner RBRM:Mariner-63_HSal cds_range:168-1203 [Harpegnathos saltator]
Mariner-64_HSal_tp	TcMar	DNA/TcMar-Mariner	342	Mariner-64_HSal_tp#DNA/TcMar-Mariner RBRM:Mariner-64_HSal cds_range:172-1198 [Harpegnathos saltator]
Mariner-65_HSal_tp	TcMar	DNA/TcMar-Mariner	343	Mariner-65_HSal_tp#DNA/TcMar-Mariner RBRM:Mariner-65_HSal cds_range:174-1203 [Harpegnathos saltator]
Mariner-69_LMi_tp	TcMar	DNA/TcMar-Mariner	377	Mariner-69_LMi_tp#DNA/TcMar-Mariner RBRM:Mariner-69_LMi cds_range:86-1217 [Locusta migratoria]
Mariner-70_HSal_tp	TcMar	DNA/TcMar-Mariner	265	Mariner-70_HSal_tp#DNA/TcMar-Mariner RBRM:Mariner-70_HSal cds_range:179-974 [Harpegnathos saltator]
Mariner-72_HSal_tp	TcMar	DNA/TcMar-Mariner	342	Mariner-72_HSal_tp#DNA/TcMar-Mariner RBRM:Mariner-72_HSal cds_range:172-1198 [Harpegnathos saltator]
Mariner-73_HSal_tp	TcMar	DNA/TcMar-Mariner	342	Mariner-73_HSal_tp#DNA/TcMar-Mariner RBRM:Mariner-73_HSal cds_range:184-1210 [Harpegnathos saltator]
Mariner-75_HSal_tp	TcMar	DNA/TcMar-Mariner	342	Mariner-75_HSal_tp#DNA/TcMar-Mariner RBRM:Mariner-75_HSal cds_range:184-1210 [Harpegnathos saltator]
Mariner-78_HSal_tp	TcMar	DNA/TcMar-Mariner	283	Mariner-78_HSal_tp#DNA/TcMar-Mariner RBRM:Mariner-78_HSal cds_range:2-851 [Harpegnathos saltator]
Mariner-85_HSal_tp	TcMar	DNA/TcMar-Mariner	303	Mariner-85_HSal_tp#DNA/TcMar-Mariner RBRM:Mariner-85_HSal cds_range:279-1188 [Harpegnathos saltator]
Mariner-94_HSal_tp	TcMar	DNA/TcMar-Mariner	341	Mariner-94_HSal_tp#DNA/TcMar-Mariner RBRM:Mariner-94_HSal frameshifts:2 cds_range:169-1190 via tfasty with Mariner-65_HSal [Harpegnathos saltator]
Mariner-98_HSal_tp	TcMar	DNA/TcMar-Mariner	349	Mariner-98_HSal_tp#DNA/TcMar-Mariner RBRM:Mariner-98_HSal frameshifts:1 cds_range:179-1225 via tfasty with Mariner-30_LSal_tp [Harpegnathos saltator]
Mariner-99_HSal_tp	TcMar	DNA/TcMar-Mariner	346	Mariner-99_HSal_tp#DNA/TcMar-Mariner RBRM:Mariner-99_HSal cds_range:185-1223 [Harpegnathos saltator]
Mariner-100_HSal_tp	TcMar	DNA/TcMar-Mariner	345	Mariner-100_HSal_tp#DNA/TcMar-Mariner RBRM:Mariner-100_HSal cds_range:172-1207 [Harpegnathos saltator]
Mariner_CA_tp	TcMar	DNA/TcMar-Mariner	342	Mariner_CA_tp#DNA/TcMar-Mariner RBRM:Mariner_CA cds_range:184-1210 [Chymomyza amoena]
Mariner_HB_tp	TcMar	DNA/TcMar-Mariner	341	Mariner_HB_tp#DNA/TcMar-Mariner RBRM:Mariner_HB frameshifts:1 stops:3 cds_range:179-1201 wised with HSMAR1 [Heterorhabditis bacteriophora]
Mariner_HC_tp	TcMar	DNA/TcMar-Mariner	327	Mariner_HC_tp#DNA/TcMar-Mariner RBRM:Mariner_HC frameshifts:2 stops:3 cds_range:187-1168 wised with Bmar1 [Hyalophora cecropia]
Mariner_Tbel_tp	TcMar	DNA/TcMar-Mariner	342	Mariner_Tbel_tp#DNA/TcMar-Mariner RBRM:Mariner_Tbel cds_range:179-1205 [Tupaia belangeri]
NAVIMAR1_tp	TcMar	DNA/TcMar-Mariner	343	NAVIMAR1_tp#DNA/TcMar-Mariner RBRM:NAVIMAR1 frameshifts:1 cds_range:186-1214 via tfasty with Mariner_CA_tp [Nasonia vitripennis]
Oamar1_tp	TcMar	DNA/TcMar-Mariner	342	Oamar1_tp#DNA/TcMar-Mariner RBRM:Oamar1 frameshifts:8 stops:5 cds_range:118-1144 via tfasty with Acmar [Ruminantia]
SMAR1_tp	TcMar	DNA/TcMar-Mariner	350	SMAR1_tp#DNA/TcMar-Mariner RBRM:SMAR1 cds_range:253-1303 [Schmidtea mediterranea]
SMAR4_tp	TcMar	DNA/TcMar-Mariner	344	SMAR4_tp#DNA/TcMar-Mariner RBRM:SMAR4 cds_range:164-1196 [Schmidtea mediterranea]
SMAR7_tp	TcMar	DNA/TcMar-Mariner	343	SMAR7_tp#DNA/TcMar-Mariner RBRM:SMAR7 frameshifts:2 stops:1 cds_range:175-1202 via tfasty with Acmar_tp [Schmidtea mediterranea]
SMAR10_tp	TcMar	DNA/TcMar-Mariner	342	SMAR10_tp#DNA/TcMar-Mariner RBRM:SMAR10 frameshifts:1 stops:1 cds_range:170-1195 via tfasty with HSMAR2_tp [Schmidtea mediterranea]
SMAR17_tp	TcMar	DNA/TcMar-Mariner	340	SMAR17_tp#DNA/TcMar-Mariner RBRM:SMAR17 frameshifts:2 cds_range:169-1189 via tfasty with BOTMAR1_tp [Schmidtea mediterranea]
SMAR23_tp	TcMar	DNA/TcMar-Mariner	345	SMAR23_tp#DNA/TcMar-Mariner RBRM:SMAR23 cds_range:175-1210 [Schmidtea mediterranea]
SMAR26_tp	TcMar	DNA/TcMar-Mariner	344	SMAR26_tp#DNA/TcMar-Mariner RBRM:SMAR26 frameshifts:3 cds_range:84-1115 via tfasty with MARIAM1_tp [Schmidtea mediterranea]
SMAR27_tp	TcMar	DNA/TcMar-Mariner	337	SMAR27_tp#DNA/TcMar-Mariner RBRM:SMAR27 cds_range:202-1213 [Schmidtea mediterranea]
SMAR31_tp	TcMar	DNA/TcMar-Mariner	353	SMAR31_tp#DNA/TcMar-Mariner RBRM:SMAR31 cds_range:136-1195 [Schmidtea mediterranea]
SMAR32_tp	TcMar	DNA/TcMar-Mariner	341	SMAR32_tp#DNA/TcMar-Mariner RBRM:SMAR32 frameshifts:2 cds_range:182-1203 via tfasty with HSMAR1_tp [Schmidtea mediterranea]
SMAR33_tp	TcMar	DNA/TcMar-Mariner	343	SMAR33_tp#DNA/TcMar-Mariner RBRM:SMAR33 cds_range:198-1227 [Schmidtea mediterranea]
VENSMAR1_tp	TcMar	DNA/TcMar-Mariner	347	VENSMAR1_tp#DNA/TcMar-Mariner RBRM:VENSMAR1 cds_range:181-1222 [Ventiella sulfuris]
Mogwai1_Ei_tp	TcMar	DNA/TcMar-Mogwai	696	Mogwai1_Ei_tp#DNA/TcMar-Mogwai RBRM:Mogwai1_EI frameshifts:2 stops:1 cds_range:239-2329 via tfasty with 31202999_AG and, recursively, with Mogwai2_EI [Entamoeba invadens]
Mogwai2_EI_tp	TcMar	DNA/TcMar-Mogwai	771	Mogwai2_EI_tp#DNA/TcMar-Mogwai RBRM:Mogwai2_EI frameshifts:3 stops:3 cds_range:220-2534 via tfasty with Mogwai1_Ei_p1 [Entamoeba invadens]
ATHPogo_tp	TcMar	DNA/TcMar-Pogo	501	ATHPogo_tp#DNA/TcMar-Pogo RBRM:ATHPOGO frameshifts:1 stops:1 cds_range:395-1899 via tfasty with Mariner2_MT_tp,  Named Emigrant by Turcotte and Bureau [Arabidopsis]
Mariner2_MT_tp	TcMar	DNA/TcMar-Pogo	535	Mariner2_MT_tp#DNA/TcMar-Pogo RBRM:MARINER2_MT cds_range:320-1925 [Medicago truncatula]
Mariner-1_LCh_tp	TcMar	DNA/TcMar-Pogo	393	Mariner-1_LCh_tp#DNA/TcMar-Pogo RBRM:Mariner-1_LCh cds_range:119-1298 [Latimeria chalumnae]
Mariner-1_NV_tp	TcMar	DNA/TcMar-Pogo	539	Mariner-1_NV_tp#DNA/TcMar-Pogo RBRM:Mariner-1_NV frameshifts:1 cds_range:991-2609 via tfasty with Mariner2_MT_tp [Nematostella vectensis]
Mariner-2_BG_tp	TcMar	DNA/TcMar-Pogo	518	Mariner-2_BG_tp#DNA/TcMar-Pogo RBRM:Mariner-2_BG cds_range:168-1722 [Blumeria graminis]
Mariner-2_CCri_tp	TcMar	DNA/TcMar-Pogo	617	Mariner-2_CCri_tp#DNA/TcMar-Pogo RBRM:Mariner-2_CCri cds_range:70-1921 [Chondrus crispus]
Mariner-2_NV_tp	TcMar	DNA/TcMar-Pogo	510	Mariner-2_NV_tp#DNA/TcMar-Pogo RBRM:Mariner-2_NV frameshifts:1 cds_range:383-1914 via tfasty with Mariner2_MT_tp [Nematostella vectensis]
Mariner-3_AN_tp	TcMar	DNA/TcMar-Pogo	557	Mariner-3_AN_tp#DNA/TcMar-Pogo RBRM:Mariner-3_AN cds_range:88-1759 [Aspergillus nidulans]
Mariner-4_NV_tp	TcMar	DNA/TcMar-Pogo	544	Mariner-4_NV_tp#DNA/TcMar-Pogo RBRM:Mariner-4_NV cds_range:1049-2681 [Nematostella vectensis]
Mariner-5_NV_tp	TcMar	DNA/TcMar-Pogo	454	Mariner-5_NV_tp#DNA/TcMar-Pogo RBRM:Mariner-5_NV frameshifts:4 stops:1 cds_range:108-1470 via tfasty with ATHPogo_tp [Nematostella vectensis]
Mariner-6_MLP_tp	TcMar	DNA/TcMar-Pogo	575	Mariner-6_MLP_tp#DNA/TcMar-Pogo RBRM:Mariner-6_MLP cds_range:242-2030 exons:242-1356;1419-2030 via genewise with Mariner-7_PR_tp [Melampsora larici-populina]
Mariner-6_NV_tp	TcMar	DNA/TcMar-Pogo	699	Mariner-6_NV_tp#DNA/TcMar-Pogo RBRM:Mariner-6_NV [Nematostella vectensis]
Mariner-7_AF_tp	TcMar	DNA/TcMar-Pogo	518	Mariner-7_AF_tp#DNA/TcMar-Pogo RBRM:Mariner-7_AF cds_range:180-1734 [Aspergillus fumigatus]
Mariner-7_PR_tp	TcMar	DNA/TcMar-Pogo	549	Mariner-7_PR_tp#DNA/TcMar-Pogo RBRM:Mariner-7_PR cds_range:95-1742 [Phytophthora ramorum]
Mariner-9_LCh_tp	TcMar	DNA/TcMar-Pogo	525	Mariner-9_LCh_tp#DNA/TcMar-Pogo RBRM:Mariner-9_LCh cds_range:307-1882 [Latimeria chalumnae]
Mariner-10_CGi_tp	TcMar	DNA/TcMar-Pogo	537	Mariner-10_CGi_tp#DNA/TcMar-Pogo RBRM:Mariner-10_CGi cds_range:984-2595 [Crassostrea gigas]
Mariner-12_LCh_tp	TcMar	DNA/TcMar-Pogo	518	Mariner-12_LCh_tp#DNA/TcMar-Pogo RBRM:Mariner-12_LCh cds_range:598-2152 [Latimeria chalumnae]
Mariner-13_CGi_tp	TcMar	DNA/TcMar-Pogo	606	Mariner-13_CGi_tp#DNA/TcMar-Pogo RBRM:Mariner-13_CGi cds_range:531-2349 [Crassostrea gigas]
Mariner-14_CCri_tp	TcMar	DNA/TcMar-Pogo	552	Mariner-14_CCri_tp#DNA/TcMar-Pogo RBRM:Mariner-14_CCri cds_range:365-2021 [Chondrus crispus]
Mariner-14_PI_tp	TcMar	DNA/TcMar-Pogo	537	Mariner-14_PI_tp#DNA/TcMar-Pogo RBRM:Mariner-14_PI cds_range:156-1767 [Phytophthora infestans]
Mariner-17_LCh_tp	TcMar	DNA/TcMar-Pogo	496	Mariner-17_LCh_tp#DNA/TcMar-Pogo RBRM:Mariner-17_LCh cds_range:265-1753 [Latimeria chalumnae]
Mariner-20_LCh_tp	TcMar	DNA/TcMar-Pogo	375	Mariner-20_LCh_tp#DNA/TcMar-Pogo RBRM:Mariner-20_LCh cds_range:970-2095 [Latimeria chalumnae]
Mariner-23_LCh_tp	TcMar	DNA/TcMar-Pogo	515	Mariner-23_LCh_tp#DNA/TcMar-Pogo RBRM:Mariner-23_LCh cds_range:738-2283 [Latimeria chalumnae]
Mariner-25_LCh_tp	TcMar	DNA/TcMar-Pogo	537	Mariner-25_LCh_tp#DNA/TcMar-Pogo RBRM:Mariner-25_LCh cds_range:398-2146 exons:398-945;1082-2146 via genewise with Mariner-23_LCh [Latimeria chalumnae]
Mariner-34_SM_tp	TcMar	DNA/TcMar-Pogo	479	Mariner-34_SM_tp#DNA/TcMar-Pogo RBRM:Mariner-34_SM cds_range:383-1820 [Schmidtea mediterranea]
Mariner-35_CCri_tp	TcMar	DNA/TcMar-Pogo	384	Mariner-35_CCri_tp#DNA/TcMar-Pogo RBRM:Mariner-35_CCri cds_range:747-1899 [Chondrus crispus]
Mariner-37_CCri_tp	TcMar	DNA/TcMar-Pogo	572	Mariner-37_CCri_tp#DNA/TcMar-Pogo RBRM:Mariner-37_CCri cds_range:289-2005 [Chondrus crispus]
Mariner-53_CCri_tp	TcMar	DNA/TcMar-Pogo	661	Mariner-53_CCri_tp#DNA/TcMar-Pogo RBRM:Mariner-53_CCri cds_range:512-2495 [Chondrus crispus]
Mariner-54_CCri_tp	TcMar	DNA/TcMar-Pogo	664	Mariner-54_CCri_tp#DNA/TcMar-Pogo RBRM:Mariner-54_CCri cds_range:306-2298 [Chondrus crispus]
Mariner-55_CCri_tp	TcMar	DNA/TcMar-Pogo	661	Mariner-55_CCri_tp#DNA/TcMar-Pogo RBRM:Mariner-55_CCri cds_range:538-2521 [Chondrus crispus]
Mariner-56_CCri_tp	TcMar	DNA/TcMar-Pogo	532	Mariner-56_CCri_tp#DNA/TcMar-Pogo RBRM:Mariner-56_CCri cds_range:447-2043 [Chondrus crispus]
Mariner-85_CCri_tp	TcMar	DNA/TcMar-Pogo	342	Mariner-85_CCri_tp#DNA/TcMar-Pogo RBRM:Mariner-85_CCri cds_range:926-1952 [Chondrus crispus]
Mariner-91_CCri_tp	TcMar	DNA/TcMar-Pogo	537	Mariner-91_CCri_tp#DNA/TcMar-Pogo RBRM:Mariner-91_CCri cds_range:438-2049 [Chondrus crispus]
Mariner-95_CCri_tp	TcMar	DNA/TcMar-Pogo	552	Mariner-95_CCri_tp#DNA/TcMar-Pogo RBRM:Mariner-95_CCri frameshifts:1 cds_range:362-2017 via tfasty with Mariner-37_CCri [Chondrus crispus]
Mariner-109_CCri_tp	TcMar	DNA/TcMar-Pogo	670	Mariner-109_CCri_tp#DNA/TcMar-Pogo RBRM:Mariner-109_CCri cds_range:459-2469 [Chondrus crispus]
Mariner-110_CCri_tp	TcMar	DNA/TcMar-Pogo	648	Mariner-110_CCri_tp#DNA/TcMar-Pogo RBRM:Mariner-110_CCri frameshifts:2 cds_range:331-2273 via tfasty with Mariner-109_CCri [Chondrus crispus]
Mariner-111_CCri_tp	TcMar	DNA/TcMar-Pogo	539	Mariner-111_CCri_tp#DNA/TcMar-Pogo RBRM:Mariner-111_CCri frameshifts:1 cds_range:276-1892 via tfasty with Mariner-37_CCri [Chondrus crispus]
Mariner-125_CCri_tp	TcMar	DNA/TcMar-Pogo	541	Mariner-125_CCri_tp#DNA/TcMar-Pogo RBRM:Mariner-125_CCri cds_range:473-2096 [Chondrus crispus]
Mariner-130_CCri_tp	TcMar	DNA/TcMar-Pogo	526	Mariner-130_CCri_tp#DNA/TcMar-Pogo RBRM:Mariner-130_CCri frameshifts:1 cds_range:453-2030 via tfasty with Mariner-56_CCri [Chondrus crispus]
SMAR3_tp	TcMar	DNA/TcMar-Pogo	501	SMAR3_tp#DNA/TcMar-Pogo RBRM:SMAR3 frameshifts:1 stops:1 cds_range:300-1804 via tfasty with ATHPogo_tp [Schmidtea mediterranea]
SMAR20_tp	TcMar	DNA/TcMar-Pogo	496	SMAR20_tp#DNA/TcMar-Pogo RBRM:SMAR20 frameshifts:1 cds_range:268-1755 via tfasty with ATHPogo_tp [Schmidtea mediterranea]
SMAR21_tp	TcMar	DNA/TcMar-Pogo	530	SMAR21_tp#DNA/TcMar-Pogo RBRM:SMAR21 cds_range:376-1966 [Schmidtea mediterranea]
Sagan-1_AAn_tp	TcMar	DNA/TcMar-Sagan	1151	Sagan-1_AAn_tp#DNA/TcMar-Sagan RBRM:Sagan-1_AAn cds_range:168-3621 [Aureococcus anophagefferens]
Sagan-1_ALai_tp	TcMar	DNA/TcMar-Sagan	704	Sagan-1_ALai_tp#DNA/TcMar-Sagan RBRM:Sagan-1_ALai cds_range:247-2359 [Albugo laibachii]
Sagan-1_ESi_tp	TcMar	DNA/TcMar-Sagan	863	Sagan-1_ESi_tp#DNA/TcMar-Sagan RBRM:Sagan-1_ESi cds_range:384-3698 exons:384-1166;1456-2189;2579-2750;2795-3698 via genewise with Sagan-3_TMe [Ectocarpus siliculosus]
Sagan-1_LB_tp	TcMar	DNA/TcMar-Sagan	634	Sagan-1_LB_tp#DNA/TcMar-Sagan RBRM:Sagan-1_LB cds_range:1204-3218 exons:1204-2183;2243-2910;2962-3218 via genewise with Sagan-2_MLP [Laccaria bicolor]
Sagan-1_PGr_tp	TcMar	DNA/TcMar-Sagan	887	Sagan-1_PGr_tp#DNA/TcMar-Sagan RBRM:Sagan-1_PGr frameshifts:9 stops:2 cds_range:389-3938 exons:389-413;518-956;1611-2313;2384-3644;3706-3938 via genewise with Sagan-2_MLP, (poor sequence) [Puccinia graminis]
Sagan-1_PMa_tp	TcMar	DNA/TcMar-Sagan	272	Sagan-1_PMa_tp#DNA/TcMar-Sagan RBRM:Sagan-1_PMar cds_range:474-1290 (fragment) [Perkinsus marinus]
Sagan-1_PSt_tp	TcMar	DNA/TcMar-Sagan	927	Sagan-1_PSt_tp#DNA/TcMar-Sagan RBRM:Sagan-1_PSt frameshifts:1 stops:3 cds_range:207-3121 exons:207-1450;1516-2813;2881-3121 via genewise with Sagan-1_PGr, aand [Puccinia striiformis]
Sagan-1_RO_tp	TcMar	DNA/TcMar-Sagan	703	Sagan-1_RO_tp#DNA/TcMar-Sagan RBRM:Sagan-1_RO cds_range:330-2439 [Rhizopus oryzae]
Sagan-1_TMe_tp	TcMar	DNA/TcMar-Sagan	780	Sagan-1_TMe_tp#DNA/TcMar-Sagan RBRM:Sagan-1_TMe stops:2 cds_range:261-3353 exons:261-356;492-1027;1127-1439;1955-3353 via genscan and genewise [Tuber melanosporum]
Sagan-2_MLP_tp	TcMar	DNA/TcMar-Sagan	674	Sagan-2_MLP_tp#DNA/TcMar-Sagan RBRM:Sagan-2_MLP cds_range:164-2443 exons:164-772;846-2074;2160-2257;2354-2443 FGENESH prediction  [Melampsora larici-populina]
Sagan-2_PGr_tp	TcMar	DNA/TcMar-Sagan	499	Sagan-2_PGr_tp#DNA/TcMar-Sagan RBRM:Sagan-2_PGr frameshifts:8 cds_range:1367-2919 exons:1367-2721;2783-2919 Fragment, via genewise with Sagan-1_MLP, The gene goes from 185-3022+ with two introns, but the quality of the remaining seqeunce is too low to translate. Real protein may be really close to Sagan-1_MLP. [Puccinia graminis]
Sagan-2_TMe_tp	TcMar	DNA/TcMar-Sagan	680	Sagan-2_TMe_tp#DNA/TcMar-Sagan RBRM:Sagan-2_TMe stops:1 cds_range:749-2879 exons:749-1046;1136-2879 via genewise with Sagan-4_TMe (still partial) [Tuber melanosporum]
Sagan-3_MLP_tp	TcMar	DNA/TcMar-Sagan	729	Sagan-3_MLP_tp#DNA/TcMar-Sagan RBRM:Sagan-3_MLP stops:2 cds_range:137-2477 exons:137-925;1004-2265;2339-2477 via genewise with Sagan-2_MLP [Melampsora larici-populina]
Sagan-3_TMe_tp	TcMar	DNA/TcMar-Sagan	722	Sagan-3_TMe_tp#DNA/TcMar-Sagan RBRM:Sagan-3_TMe cds_range:278-2633 exons:278-773;890-1160;1232-2633 via genscan [Tuber melanosporum]
Sagan-4_TMe_tp	TcMar	DNA/TcMar-Sagan	765	Sagan-4_TMe_tp#DNA/TcMar-Sagan RBRM:Sagan-4_TMe cds_range:359-2788 exons:359-509;585-960;1018-2788 via genscan [Tuber melanosporum]
Sagan-5_MLP_tp	TcMar	DNA/TcMar-Sagan	862	Sagan-5_MLP_tp#DNA/TcMar-Sagan RBRM:Sagan-5_MLP frameshifts:3 stops:2 cds_range:100-3040 exons:100-1301;1591-2837;2902-3040 via genewise with Sagan-1_MLP [Melampsora larici-populina]
Sagan-5_TMe_tp	TcMar	DNA/TcMar-Sagan	737	Sagan-5_TMe_tp#DNA/TcMar-Sagan RBRM:Sagan-5_TMe cds_range:368-2683 exons:368-766;801-1273;1342-2683 via genewise with Sagan-10_TMe [Tuber melanosporum]
Sagan-6_TMe_tp	TcMar	DNA/TcMar-Sagan	675	Sagan-6_TMe_tp#DNA/TcMar-Sagan RBRM:Sagan-6_TMe cds_range:67-2149 exons:67-322;379-2149 via genewise with Sagan-4_TMe [Tuber melanosporum]
Sagan-7_TMe_tp	TcMar	DNA/TcMar-Sagan	703	Sagan-7_TMe_tp#DNA/TcMar-Sagan RBRM:Sagan-7_TMe cds_range:392-2686 exons:392-812;929-1217;1285-2686 via genewise with Sagan-3_TMe [Tuber melanosporum]
Sagan-8_TMe_tp	TcMar	DNA/TcMar-Sagan	695	Sagan-8_TMe_tp#DNA/TcMar-Sagan RBRM:Sagan-8_TMe cds_range:284-2490 exons:284-403;456-1111;1179-2490 via genscan [Tuber melanosporum]
Sagan-9_TMe_tp	TcMar	DNA/TcMar-Sagan	758	Sagan-9_TMe_tp#DNA/TcMar-Sagan RBRM:Sagan-9_TMe stops:1 cds_range:399-2739 exons:399-1335;1401-2739 via genewise with Sagan-10_TMe [Tuber melanosporum]
Sagan-10_TMe_tp	TcMar	DNA/TcMar-Sagan	644	Sagan-10_TMe_tp#DNA/TcMar-Sagan RBRM:Sagan-10_TMe cds_range:464-2463 exons:464-1076;1143-2463 via genscan [Tuber melanosporum]
Sagan-11_TMe_tp	TcMar	DNA/TcMar-Sagan	651	Sagan-11_TMe_tp#DNA/TcMar-Sagan RBRM:Sagan-11_TMe cds_range:369-3386 exons:369-609;1093-1259;1300-1515;1780-2743;3014-3386 via genewise with Sagan-10_TMe [Tuber melanosporum]
Mariner1_BV_tp	TcMar	DNA/TcMar-Stowaway	519	Mariner1_BV_tp#DNA/TcMar-Stowaway RBRM:Mariner1_BV frameshifts:3 cds_range:515-2069 via tfasty with Soymar1 [Beta vulgaris]
Mariner-1_JC_tp	TcMar	DNA/TcMar-Stowaway	355	Mariner-1_JC_tp#DNA/TcMar-Stowaway RBRM:Mariner-1_JC cds_range:511-1576 [Jatropha curcas]
Mariner-1_SBi_tp	TcMar	DNA/TcMar-Stowaway	412	Mariner-1_SBi_tp#DNA/TcMar-Stowaway RBRM:Mariner-1_SBi cds_range:873-2199 exons:873-1940;2030-2199 via genewise with Stow2_OS_tp#DNA/TcMar-Stowaway [Sorghum bicolor]
Mariner-1_SM_tp	TcMar	DNA/TcMar-Stowaway	427	Mariner-1_SM_tp#DNA/TcMar-Stowaway RBRM:Mariner-1_SM frameshifts:1 cds_range:382-1662 via tfasty with XP_469408_tp [Schmidtea mediterranea]
Mariner-2_SBi_tp	TcMar	DNA/TcMar-Stowaway	501	Mariner-2_SBi_tp#DNA/TcMar-Stowaway RBRM:Mariner-2_SBi cds_range:937-2523 exons:937-1857;1940-2523 via genewise with Stow2_OS_tp#DNA/TcMar-Stowaway [Sorghum bicolor]
Mariner-3_SBi_tp	TcMar	DNA/TcMar-Stowaway	445	Mariner-3_SBi_tp#DNA/TcMar-Stowaway RBRM:Mariner-3_SBi cds_range:895-2324 exons:895-2022;2116-2324 via genewise with Stow2_OS_tp#DNA/TcMar-Stowaway [Sorghum bicolor]
Mariner-3_SM_tp	TcMar	DNA/TcMar-Stowaway	436	Mariner-3_SM_tp#DNA/TcMar-Stowaway RBRM:Mariner-3_SM cds_range:201-1509 [Schmidtea mediterranea]
Mariner-4_SBi_tp	TcMar	DNA/TcMar-Stowaway	567	Mariner-4_SBi_tp#DNA/TcMar-Stowaway RBRM:Mariner-4_SBi cds_range:444-2918 exons:444-636;980-1046;1402-2262;2335-2918 via genewise with Stow2_OS_tp#DNA/TcMar-Stowaway [Sorghum bicolor]
Mariner-9_PI_tp	TcMar	DNA/TcMar-Stowaway	445	Mariner-9_PI_tp#DNA/TcMar-Stowaway RBRM:Mariner-9_PI cds_range:220-1555 [Phytophthora infestans]
Mariner-10_SM_tp	TcMar	DNA/TcMar-Stowaway	372	Mariner-10_SM_tp#DNA/TcMar-Stowaway RBRM:Mariner-10_SM cds_range:121-1237 [Schmidtea mediterranea]
Mariner-17_PI_tp	TcMar	DNA/TcMar-Stowaway	363	Mariner-17_PI_tp#DNA/TcMar-Stowaway RBRM:Mariner-17_PI cds_range:224-1313 [Phytophthora infestans]
Mariner-22_SM_tp	TcMar	DNA/TcMar-Stowaway	367	Mariner-22_SM_tp#DNA/TcMar-Stowaway RBRM:Mariner-22_SM cds_range:444-1545 [Schmidtea mediterranea]
Mariner_MT_tp	TcMar	DNA/TcMar-Stowaway	497	Mariner_MT_tp#DNA/TcMar-Stowaway RBRM:Mariner_MT cds_range:1046-2537 [Medicago truncatula]
Stow1_OS_tp	TcMar	DNA/TcMar-Stowaway	576	Stow1_OS_tp#DNA/TcMar-Stowaway RBRM:OSMAR1 cds_range:1927-3655 (ORSiTETN00400001) [Oryza sativa]
AeTango2_tp	TcMar	DNA/TcMar-Tc1	336	AeTango2_tp#DNA/TcMar-Tc1 RBRM:AeTango2 cds_range:380-1388 [Aedes aegypti]
BMMAR3_tp	TcMar	DNA/TcMar-Tc1	358	BMMAR3_tp#DNA/TcMar-Tc1 RBRM:BMMAR3 cds_range:105-1179 [Bombyx mori]
CRMAR_tp	TcMar	DNA/TcMar-Tc1	361	CRMAR_tp#DNA/TcMar-Tc1 RBRM:CRMAR cds_range:113-1196 [Ceratitis rosa]
DNA-7_LMi_tp	TcMar	DNA/TcMar-Tc1	338	DNA-7_LMi_tp#DNA/TcMar-Tc1 RBRM:DNA-7_LMi cds_range:3669-4683 [Locusta migratoria]
Hydargos1_EM_tp	TcMar	DNA/TcMar-Tc1	345	Hydargos1_EM_tp#DNA/TcMar-Tc1 RBRM:Hydargos1_EM cds_range:303-1338 [Entamoeba moshkovskii]
ITmD37D_Ele1_tp	TcMar	DNA/TcMar-Tc1	389	ITmD37D_Ele1_tp#DNA/TcMar-Tc1 RBRM:ITmD37D_Ele1 cds_range:54-1221 [Aedes aegypti]
ITmD37D_Ele3_tp	TcMar	DNA/TcMar-Tc1	341	ITmD37D_Ele3_tp#DNA/TcMar-Tc1 RBRM:ITmD37D_Ele3 cds_range:162-1185 [Aedes aegypti]
ITmD37D_Ele6_tp	TcMar	DNA/TcMar-Tc1	338	ITmD37D_Ele6_tp#DNA/TcMar-Tc1 RBRM:ITmD37D_Ele6 cds_range:159-1173 [Aedes aegypti]
ITmD37D_Ele7_tp	TcMar	DNA/TcMar-Tc1	337	ITmD37D_Ele7_tp#DNA/TcMar-Tc1 RBRM:ITmD37D_Ele7 cds_range:159-1170 [Aedes aegypti]
ITmD37E_Ele3_tp	TcMar	DNA/TcMar-Tc1	336	ITmD37E_Ele3_tp#DNA/TcMar-Tc1 RBRM:ITmD37E_Ele3 cds_range:150-1158 [Aedes aegypti]
ITmD37E_Ele5_tp	TcMar	DNA/TcMar-Tc1	339	ITmD37E_Ele5_tp#DNA/TcMar-Tc1 RBRM:ITmD37E_Ele5 cds_range:151-1168 [Aedes aegypti]
ITmD37E_Ele6_tp	TcMar	DNA/TcMar-Tc1	342	ITmD37E_Ele6_tp#DNA/TcMar-Tc1 RBRM:ITmD37E_Ele6 cds_range:95-1121 [Aedes aegypti]
ITmD37E_Ele9_tp	TcMar	DNA/TcMar-Tc1	339	ITmD37E_Ele9_tp#DNA/TcMar-Tc1 RBRM:ITmD37E_Ele9 cds_range:151-1168 [Aedes aegypti]
ITmD37E_Ele11_tp	TcMar	DNA/TcMar-Tc1	333	ITmD37E_Ele11_tp#DNA/TcMar-Tc1 RBRM:ITmD37E_Ele11 frameshifts:1 cds_range:153-1151 via tfasty with Tx_mos_tp [Aedes aegypti]
ITmD37E_Ele13_tp	TcMar	DNA/TcMar-Tc1	339	ITmD37E_Ele13_tp#DNA/TcMar-Tc1 RBRM:ITmD37E_Ele13 cds_range:151-1168 [Aedes aegypti]
Joey1_tp	TcMar	DNA/TcMar-Tc1	338	Joey1_tp#DNA/TcMar-Tc1 RBRM:Joey1 cds_range:254-1268 [Metatheria]
Mariner1_PPa_tp	TcMar	DNA/TcMar-Tc1	338	Mariner1_PPa_tp#DNA/TcMar-Tc1 RBRM:Mariner1_PPa cds_range:340-1354 [Physcomitrella patens]
Mariner2_AG_tp	TcMar	DNA/TcMar-Tc1	333	Mariner2_AG_tp#DNA/TcMar-Tc1 RBRM:Mariner2_AG cds_range:623-1622 [Anopheles gambiae]
Mariner2_PPa_tp	TcMar	DNA/TcMar-Tc1	339	Mariner2_PPa_tp#DNA/TcMar-Tc1 RBRM:Mariner2_PPa cds_range:663-1680 [Physcomitrella patens]
Mariner5_AO_tp	TcMar	DNA/TcMar-Tc1	349	Mariner5_AO_tp#DNA/TcMar-Tc1 RBRM:Mariner5_AO cds_range:116-1163 [Aspergillus oryzae]
Mariner13_CB_tp	TcMar	DNA/TcMar-Tc1	342	Mariner13_CB_tp#DNA/TcMar-Tc1 RBRM:Mariner13_CB cds_range:152-1178 [Caenorhabditis briggsae]
Mariner14_CB_tp	TcMar	DNA/TcMar-Tc1	351	Mariner14_CB_tp#DNA/TcMar-Tc1 RBRM:Mariner14_CB frameshifts:1 cds_range:336-1390 wised with Tc1-1_AG  [Caenorhabditis briggsae]
Mariner15_CB_tp	TcMar	DNA/TcMar-Tc1	345	Mariner15_CB_tp#DNA/TcMar-Tc1 RBRM:Mariner15_CB frameshifts:1 cds_range:292-1326 wised with Mariner14_CB  [Caenorhabditis briggsae]
Mariner19_CB_tp	TcMar	DNA/TcMar-Tc1	354	Mariner19_CB_tp#DNA/TcMar-Tc1 RBRM:Mariner19_CB frameshifts:4 stops:6 cds_range:41-1102 wised with Mariner16_CB  [Caenorhabditis briggsae]
Mariner34_CB_tp	TcMar	DNA/TcMar-Tc1	333	Mariner34_CB_tp#DNA/TcMar-Tc1 RBRM:Mariner34_CB frameshifts:4 stops:5 cds_range:169-1166 wised with Mariner13_CB  [Caenorhabditis briggsae]
Mariner36_CB_tp	TcMar	DNA/TcMar-Tc1	356	Mariner36_CB_tp#DNA/TcMar-Tc1 RBRM:Mariner36_CB frameshifts:1 cds_range:273-1340 wised with TCB1  [Caenorhabditis briggsae]
Mariner39_CB_tp	TcMar	DNA/TcMar-Tc1	331	Mariner39_CB_tp#DNA/TcMar-Tc1 RBRM:Mariner39_CB frameshifts:4 stops:3 cds_range:151-1144 wised with Mariner13_CB  [Caenorhabditis briggsae]
Mariner43_CB_tp	TcMar	DNA/TcMar-Tc1	293	Mariner43_CB_tp#DNA/TcMar-Tc1 RBRM:MARINER43_CB frameshifts:2 cds_range:518-1397 via tfasty with Tc3_tp [Caenorhabditis briggsae]
Mariner55_CB_tp	TcMar	DNA/TcMar-Tc1	357	Mariner55_CB_tp#DNA/TcMar-Tc1 RBRM:MARINER55_CB cds_range:265-1336 (  [Caenorhabditis briggsae]
Mariner-1_AMel_tp	TcMar	DNA/TcMar-Tc1	361	Mariner-1_AMel_tp#DNA/TcMar-Tc1 RBRM:Mariner-1_AMel frameshifts:1 cds_range:113-1197 via tfasty with CRMAR_tp, Replaces AMARI_tp [Apis mellifera]
Mariner-1_AN_tp	TcMar	DNA/TcMar-Tc1	398	Mariner-1_AN_tp#DNA/TcMar-Tc1 RBRM:Mariner-1_AN cds_range:70-1264 [Aspergillus nidulans]
Mariner-1_BF_tp	TcMar	DNA/TcMar-Tc1	372	Mariner-1_BF_tp#DNA/TcMar-Tc1 RBRM:Mariner-1_BF cds_range:332-1448 [Branchiostoma floridae]
Mariner-1_CGi_tp	TcMar	DNA/TcMar-Tc1	337	Mariner-1_CGi_tp#DNA/TcMar-Tc1 RBRM:Mariner-1_CGi cds_range:297-1308 [Crassostrea gigas]
Mariner-1_DAn_tp	TcMar	DNA/TcMar-Tc1	331	Mariner-1_DAn_tp#DNA/TcMar-Tc1 RBRM:Mariner-1_DAn cds_range:339-1332 [Drosophila ananassae]
Mariner-1_DBp_tp	TcMar	DNA/TcMar-Tc1	331	Mariner-1_DBp_tp#DNA/TcMar-Tc1 RBRM:Mariner-1_DBp cds_range:350-1343 [Drosophila bipectinata]
Mariner-1_DEu_tp	TcMar	DNA/TcMar-Tc1	334	Mariner-1_DEu_tp#DNA/TcMar-Tc1 RBRM:Mariner-1_DEu frameshifts:1 cds_range:332-1335 via tfasty with Mariner-2_DRh_tp [Drosophila eugracilis]
Mariner-1_DK_tp	TcMar	DNA/TcMar-Tc1	343	Mariner-1_DK_tp#DNA/TcMar-Tc1 RBRM:Mariner-1_DK frameshifts:1 cds_range:339-1367 via tfasty with Quetzal_tp [Drosophila kikkawai]
Mariner-1_DT_tp	TcMar	DNA/TcMar-Tc1	334	Mariner-1_DT_tp#DNA/TcMar-Tc1 RBRM:Mariner-1_DT cds_range:392-1394 Mariner-3_DAn_tp near-identical [Drosophila takahashii]
Mariner-1_DVi_tp	TcMar	DNA/TcMar-Tc1	401	Mariner-1_DVi_tp#DNA/TcMar-Tc1 RBRM:Mariner-1_DVi cds_range:211-1414 [Drosophila virilis]
Mariner-1_DW_tp	TcMar	DNA/TcMar-Tc1	419	Mariner-1_DW_tp#DNA/TcMar-Tc1 RBRM:Mariner-1_DW cds_range:128-1385 [Drosophila willistoni]
Mariner-1_Hmel_tp	TcMar	DNA/TcMar-Tc1	314	Mariner-1_Hmel_tp#DNA/TcMar-Tc1 RBRM:Mariner-1_Hmel cds_range:282-1224 [Heliconius melpomene]
Mariner-1_LG_tp	TcMar	DNA/TcMar-Tc1	336	Mariner-1_LG_tp#DNA/TcMar-Tc1 RBRM:Mariner-1_LG cds_range:269-1277 [Lottia gigantea]
Mariner-1_LMi_tp	TcMar	DNA/TcMar-Tc1	349	Mariner-1_LMi_tp#DNA/TcMar-Tc1 RBRM:Mariner-1_LMi cds_range:555-1602 [Locusta migratoria]
Mariner-1_LSax_tp	TcMar	DNA/TcMar-Tc1	336	Mariner-1_LSax_tp#DNA/TcMar-Tc1 RBRM:Mariner-1_LSax cds_range:316-1324
Mariner-1_MLP_tp	TcMar	DNA/TcMar-Tc1	339	Mariner-1_MLP_tp#DNA/TcMar-Tc1 RBRM:Mariner-1_MLP cds_range:118-1135 [Melampsora larici-populina]
Mariner-1_PGr_tp	TcMar	DNA/TcMar-Tc1	346	Mariner-1_PGr_tp#DNA/TcMar-Tc1 RBRM:Mariner-1_PGr cds_range:227-1265 [Puccinia graminis f. sp. tritici crl 75-36-700-3]
Mariner-1_PI_tp	TcMar	DNA/TcMar-Tc1	359	Mariner-1_PI_tp#DNA/TcMar-Tc1 RBRM:Mariner-1_PI cds_range:261-1338 [Phytophthora infestans]
Mariner-1_PPc_tp	TcMar	DNA/TcMar-Tc1	344	Mariner-1_PPc_tp#DNA/TcMar-Tc1 RBRM:Mariner-1_PPc cds_range:152-1184 [Pristionchus pacificus]
Mariner-1_PPI_tp	TcMar	DNA/TcMar-Tc1	335	Mariner-1_PPI_tp#DNA/TcMar-Tc1 RBRM:Mariner-1_PPI cds_range:283-1288 [Phytophthora parasitica]
Mariner-1_PSo_tp	TcMar	DNA/TcMar-Tc1	386	Mariner-1_PSo_tp#DNA/TcMar-Tc1 RBRM:Mariner-1_PSo cds_range:246-1404 [Phytophthora sojae]
Mariner-1_SIn_tp	TcMar	DNA/TcMar-Tc1	356	Mariner-1_SIn_tp#DNA/TcMar-Tc1 RBRM:Mariner-1_SIn cds_range:1387-2455 [Solenopsis invicta]
Mariner-1_SLL_tp	TcMar	DNA/TcMar-Tc1	338	Mariner-1_SLL_tp#DNA/TcMar-Tc1 RBRM:Mariner-1_SLL cds_range:352-1366 [Serpula lacrymans]
Mariner-1_SSa_tp	TcMar	DNA/TcMar-Tc1	345	Mariner-1_SSa_tp#DNA/TcMar-Tc1 RBRM:Mariner-1_SSa cds_range:360-1395 [Salmo salar]
Mariner-1_TCa_tp	TcMar	DNA/TcMar-Tc1	354	Mariner-1_TCa_tp#DNA/TcMar-Tc1 RBRM:Mariner-1_TCa frameshifts:1 cds_range:416-1479 via tfasty with MARINCE1_tp [Tribolium castaneum]
Mariner-1_TMe_tp	TcMar	DNA/TcMar-Tc1	368	Mariner-1_TMe_tp#DNA/TcMar-Tc1 RBRM:Mariner-1_TMe cds_range:149-1253 [Tuber melanosporum]
Mariner-2_AAe_tp	TcMar	DNA/TcMar-Tc1	318	Mariner-2_AAe_tp#DNA/TcMar-Tc1 RBRM:Mariner-2_AAe cds_range:151-1105 [Aedes aegypti]
Mariner-2_AN_tp	TcMar	DNA/TcMar-Tc1	348	Mariner-2_AN_tp#DNA/TcMar-Tc1 RBRM:Mariner-2_AN cds_range:197-1241 [Aspergillus nidulans]
Mariner-2_BM_tp	TcMar	DNA/TcMar-Tc1	359	Mariner-2_BM_tp#DNA/TcMar-Tc1 RBRM:Mariner-2_BM cds_range:115-1192 [Bombyx mori]
Mariner-2_CTe_tp	TcMar	DNA/TcMar-Tc1	339	Mariner-2_CTe_tp#DNA/TcMar-Tc1 RBRM:Mariner-2_CTe cds_range:288-1305 [Capitella teleta]
Mariner-2_DAn_tp	TcMar	DNA/TcMar-Tc1	311	Mariner-2_DAn_tp#DNA/TcMar-Tc1 RBRM:Mariner-2_DAn cds_range:454-2226 exons:454-572;1411-2226 via genewise with Mariner-3_DBi_tp [Drosophila ananassae]
Mariner-2_DBi_tp	TcMar	DNA/TcMar-Tc1	361	Mariner-2_DBi_tp#DNA/TcMar-Tc1 RBRM:Mariner-2_DBi stops:1 cds_range:116-1199 Mariner-28_DF_tp identical. [Drosophila biarmipes]
Mariner-2_DK_tp	TcMar	DNA/TcMar-Tc1	334	Mariner-2_DK_tp#DNA/TcMar-Tc1 RBRM:Mariner-2_DK frameshifts:2 cds_range:345-1349 via tfasty with Mariner-2_DRh_tp [Drosophila kikkawai]
Mariner-2_DRh_tp	TcMar	DNA/TcMar-Tc1	334	Mariner-2_DRh_tp#DNA/TcMar-Tc1 RBRM:Mariner-2_DRh cds_range:336-1338 Mariner-10_DF_tp near-identical. [Drosophila rhopaloa]
Mariner-2_DT_tp	TcMar	DNA/TcMar-Tc1	331	Mariner-2_DT_tp#DNA/TcMar-Tc1 RBRM:Mariner-2_DT cds_range:349-1342 [Drosophila takahashii]
Mariner-2_DVi_tp	TcMar	DNA/TcMar-Tc1	345	Mariner-2_DVi_tp#DNA/TcMar-Tc1 RBRM:Mariner-2_DVi cds_range:347-1382 [Drosophila virilis]
Mariner-2_DYa_tp	TcMar	DNA/TcMar-Tc1	334	Mariner-2_DYa_tp#DNA/TcMar-Tc1 RBRM:Mariner-2_DYa cds_range:383-1385 [Drosophila yakuba]
Mariner-2_GLuc_tp	TcMar	DNA/TcMar-Tc1	342	Mariner-2_GLuc_tp#DNA/TcMar-Tc1 RBRM:Mariner-2_GLuc cds_range:324-1350 Mariner-3_GLuc_tp very similar [Ganoderma lucidum]
Mariner-2_LG_tp	TcMar	DNA/TcMar-Tc1	336	Mariner-2_LG_tp#DNA/TcMar-Tc1 RBRM:Mariner-2_LG cds_range:271-1279 [Lottia gigantea]
Mariner-2_LSal_tp	TcMar	DNA/TcMar-Tc1	359	Mariner-2_LSal_tp#DNA/TcMar-Tc1 RBRM:Mariner-2_LSal cds_range:132-1209 [Lepeophtheirus salmonis]
Mariner-2_MLP_tp	TcMar	DNA/TcMar-Tc1	362	Mariner-2_MLP_tp#DNA/TcMar-Tc1 RBRM:Mariner-2_MLP cds_range:49-1135 [Melampsora larici-populina]
Mariner-2_PI_tp	TcMar	DNA/TcMar-Tc1	312	Mariner-2_PI_tp#DNA/TcMar-Tc1 RBRM:Mariner-2_PI cds_range:320-1256 [Phytophthora infestans]
Mariner-2_PR_tp	TcMar	DNA/TcMar-Tc1	371	Mariner-2_PR_tp#DNA/TcMar-Tc1 RBRM:Mariner-2_PR frameshifts:1 cds_range:2000-3112 via tfasty with Mariner-1_PSo_tp [Phytophthora ramorum]
Mariner-2_ROr_tp	TcMar	DNA/TcMar-Tc1	359	Mariner-2_ROr_tp#DNA/TcMar-Tc1 RBRM:Mariner-2_ROr cds_range:106-1183 [Rhizopus oryzae]
Mariner-2_SK_tp	TcMar	DNA/TcMar-Tc1	349	Mariner-2_SK_tp#DNA/TcMar-Tc1 RBRM:Mariner-2_SK cds_range:436-1483 [Saccoglossus kowalevskii]
Mariner-2_SSa_tp	TcMar	DNA/TcMar-Tc1	342	Mariner-2_SSa_tp#DNA/TcMar-Tc1 RBRM:Mariner-2_SSa cds_range:218-1244 [Salmo salar]
Mariner-3_AAe_tp	TcMar	DNA/TcMar-Tc1	350	Mariner-3_AAe_tp#DNA/TcMar-Tc1 RBRM:Mariner-3_AAe cds_range:285-1335 [Aedes aegypti]
Mariner-3_ACe_tp	TcMar	DNA/TcMar-Tc1	375	Mariner-3_ACe_tp#DNA/TcMar-Tc1 RBRM:Mariner-3_ACe cds_range:71-1196 [Atta cephalotes]
Mariner-3_DBi_tp	TcMar	DNA/TcMar-Tc1	340	Mariner-3_DBi_tp#DNA/TcMar-Tc1 RBRM:Mariner-3_DBi stops:1 cds_range:370-1387 [Drosophila biarmipes]
Mariner-3_DBp_tp	TcMar	DNA/TcMar-Tc1	331	Mariner-3_DBp_tp#DNA/TcMar-Tc1 RBRM:Mariner-3_DBp stops:2 cds_range:364-1357 via tfasty with Mariner-1_DBp_tp [Drosophila bipectinata]
Mariner-3_DK_tp	TcMar	DNA/TcMar-Tc1	342	Mariner-3_DK_tp#DNA/TcMar-Tc1 RBRM:Mariner-3_DK frameshifts:1 stops:1 cds_range:340-1365 via tfasty with Mariner-1_DK_tp [Drosophila kikkawai]
Mariner-3_LG_tp	TcMar	DNA/TcMar-Tc1	326	Mariner-3_LG_tp#DNA/TcMar-Tc1 RBRM:Mariner-3_LG cds_range:307-1285 [Lottia gigantea]
Mariner-3_LHu_tp	TcMar	DNA/TcMar-Tc1	362	Mariner-3_LHu_tp#DNA/TcMar-Tc1 RBRM:Mariner-3_LHu cds_range:1782-2868 [Linepithema humile]
Mariner-3_LSal_tp	TcMar	DNA/TcMar-Tc1	338	Mariner-3_LSal_tp#DNA/TcMar-Tc1 RBRM:Mariner-3_LSal cds_range:148-1162 [Lepeophtheirus salmonis]
Mariner-3_MLP_tp	TcMar	DNA/TcMar-Tc1	337	Mariner-3_MLP_tp#DNA/TcMar-Tc1 RBRM:Mariner-3_MLP cds_range:123-1134 [Melampsora larici-populina]
Mariner-3_PGr_tp	TcMar	DNA/TcMar-Tc1	343	Mariner-3_PGr_tp#DNA/TcMar-Tc1 RBRM:Mariner-3_PGr cds_range:1301-2330 [Puccinia graminis f. sp. tritici crl 75-36-700-3]
Mariner-3_PPa_tp	TcMar	DNA/TcMar-Tc1	373	Mariner-3_PPa_tp#DNA/TcMar-Tc1 RBRM:Mariner-3_PPa stops:1 cds_range:291-1410 via tfasty with Mariner1_PPa [Physcomitrella patens]
Mariner-3_PPI_tp	TcMar	DNA/TcMar-Tc1	335	Mariner-3_PPI_tp#DNA/TcMar-Tc1 RBRM:Mariner-3_PPI cds_range:324-1329 [Phytophthora parasitica]
Mariner-3_ROr_tp	TcMar	DNA/TcMar-Tc1	343	Mariner-3_ROr_tp#DNA/TcMar-Tc1 RBRM:Mariner-3_ROr cds_range:388-1417 [Rhizopus oryzae]
Mariner-3_RPr_tp	TcMar	DNA/TcMar-Tc1	358	Mariner-3_RPr_tp#DNA/TcMar-Tc1 RBRM:Mariner-3_RPr cds_range:134-1208 [Rhodnius prolixus]
Mariner-3_SIn_tp	TcMar	DNA/TcMar-Tc1	343	Mariner-3_SIn_tp#DNA/TcMar-Tc1 RBRM:Mariner-3_SIn cds_range:1403-2432 [Solenopsis invicta]
Mariner-3_SK_tp	TcMar	DNA/TcMar-Tc1	375	Mariner-3_SK_tp#DNA/TcMar-Tc1 RBRM:Mariner-3_SK cds_range:153-1278 [Saccoglossus kowalevskii]
Mariner-3_TMe_tp	TcMar	DNA/TcMar-Tc1	361	Mariner-3_TMe_tp#DNA/TcMar-Tc1 RBRM:Mariner-3_TMe cds_range:80-1163 [Tuber melanosporum]
Mariner-4_ACe_tp	TcMar	DNA/TcMar-Tc1	361	Mariner-4_ACe_tp#DNA/TcMar-Tc1 RBRM:Mariner-4_ACe cds_range:112-1195 [Atta cephalotes]
Mariner-4_AN_tp	TcMar	DNA/TcMar-Tc1	401	Mariner-4_AN_tp#DNA/TcMar-Tc1 RBRM:Mariner-4_AN cds_range:93-1296 [Aspergillus nidulans]
Mariner-4_CTe_tp	TcMar	DNA/TcMar-Tc1	337	Mariner-4_CTe_tp#DNA/TcMar-Tc1 RBRM:Mariner-4_CTe cds_range:287-1298 [Capitella teleta]
Mariner-4_DAn_tp	TcMar	DNA/TcMar-Tc1	344	Mariner-4_DAn_tp#DNA/TcMar-Tc1 RBRM:Mariner-4_DAn cds_range:306-1338 Mariner-5_DBp_tp very similar. [Drosophila ananassae]
Mariner-4_DBp_tp	TcMar	DNA/TcMar-Tc1	331	Mariner-4_DBp_tp#DNA/TcMar-Tc1 RBRM:Mariner-4_DBp cds_range:330-1323 [Drosophila bipectinata]
Mariner-4_DF_tp	TcMar	DNA/TcMar-Tc1	340	Mariner-4_DF_tp#DNA/TcMar-Tc1 RBRM:Mariner-4_DF cds_range:385-1405 [Drosophila ficusphila]
Mariner-4_DRh_tp	TcMar	DNA/TcMar-Tc1	342	Mariner-4_DRh_tp#DNA/TcMar-Tc1 RBRM:Mariner-4_DRh stops:2 cds_range:373-1399 via tfasty with Tc1_DM_tp [Drosophila rhopaloa]
Mariner-4_DY_tp	TcMar	DNA/TcMar-Tc1	361	Mariner-4_DY_tp#DNA/TcMar-Tc1 RBRM:Mariner-4_DY cds_range:107-1190 [Drosophila yakuba]
Mariner-4_HMM_tp	TcMar	DNA/TcMar-Tc1	362	Mariner-4_HMM_tp#DNA/TcMar-Tc1 RBRM:Mariner-4_HMM cds_range:119-1205 [Heliconius melpomene melpomene]
Mariner-4_LG_tp	TcMar	DNA/TcMar-Tc1	337	Mariner-4_LG_tp#DNA/TcMar-Tc1 RBRM:Mariner-4_LG cds_range:278-1289 [Lottia gigantea]
Mariner-4_LHu_tp	TcMar	DNA/TcMar-Tc1	358	Mariner-4_LHu_tp#DNA/TcMar-Tc1 RBRM:Mariner-4_LHu cds_range:1006-2080 [Linepithema humile]
Mariner-4_LMi_tp	TcMar	DNA/TcMar-Tc1	341	Mariner-4_LMi_tp#DNA/TcMar-Tc1 RBRM:Mariner-4_LMi cds_range:328-1351 [Locusta migratoria]
Mariner-4_LSal_tp	TcMar	DNA/TcMar-Tc1	276	Mariner-4_LSal_tp#DNA/TcMar-Tc1 RBRM:Mariner-4_LSal cds_range:146-974 [Lepeophtheirus salmonis]
Mariner-4_PBa_tp	TcMar	DNA/TcMar-Tc1	360	Mariner-4_PBa_tp#DNA/TcMar-Tc1 RBRM:Mariner-4_PBa cds_range:2259-3339 [Pogonomyrmex barbatus]
Mariner-4_ROr_tp	TcMar	DNA/TcMar-Tc1	342	Mariner-4_ROr_tp#DNA/TcMar-Tc1 RBRM:Mariner-4_ROr cds_range:373-1399 [Rhizopus oryzae]
Mariner-4_TMe_tp	TcMar	DNA/TcMar-Tc1	372	Mariner-4_TMe_tp#DNA/TcMar-Tc1 RBRM:Mariner-4_TMe cds_range:709-1825 [Tuber melanosporum]
Mariner-5_AN_tp	TcMar	DNA/TcMar-Tc1	350	Mariner-5_AN_tp#DNA/TcMar-Tc1 RBRM:Mariner-5_AN cds_range:156-1206 [Aspergillus nidulans]
Mariner-5_BM_tp	TcMar	DNA/TcMar-Tc1	346	Mariner-5_BM_tp#DNA/TcMar-Tc1 RBRM:Mariner-5_BM cds_range:153-1191 [Bombyx mori]
Mariner-5_CFl_tp	TcMar	DNA/TcMar-Tc1	308	Mariner-5_CFl_tp#DNA/TcMar-Tc1 RBRM:Mariner-5_CFl cds_range:413-1337 [Camponotus floridanus]
Mariner-5_CGi_tp	TcMar	DNA/TcMar-Tc1	344	Mariner-5_CGi_tp#DNA/TcMar-Tc1 RBRM:Mariner-5_CGi cds_range:209-1241 [Crassostrea gigas]
Mariner-5_DEl_tp	TcMar	DNA/TcMar-Tc1	303	Mariner-5_DEl_tp#DNA/TcMar-Tc1 RBRM:Mariner-5_DEl cds_range:62-950 Fragment [Drosophila elegans]
Mariner-5_DF_tp	TcMar	DNA/TcMar-Tc1	331	Mariner-5_DF_tp#DNA/TcMar-Tc1 RBRM:Mariner-5_DF cds_range:365-1358 [Drosophila ficusphila]
Mariner-5_DK_tp	TcMar	DNA/TcMar-Tc1	331	Mariner-5_DK_tp#DNA/TcMar-Tc1 RBRM:Mariner-5_DK cds_range:160-1153 Mariner-2_DBp_tp and Mariner-4_DEu_tp near-identical. [Drosophila kikkawai]
Mariner-5_DRh_tp	TcMar	DNA/TcMar-Tc1	339	Mariner-5_DRh_tp#DNA/TcMar-Tc1 RBRM:Mariner-5_DRh frameshifts:1 cds_range:345-1363 via tfasty with Tc1-2_DM_tp [Drosophila rhopaloa]
Mariner-5_DY_tp	TcMar	DNA/TcMar-Tc1	331	Mariner-5_DY_tp#DNA/TcMar-Tc1 RBRM:Mariner-5_DY cds_range:388-1381 [Drosophila yakuba]
Mariner-5_LG_tp	TcMar	DNA/TcMar-Tc1	341	Mariner-5_LG_tp#DNA/TcMar-Tc1 RBRM:Mariner-5_LG cds_range:268-1291 [Lottia gigantea]
Mariner-5_LSal_tp	TcMar	DNA/TcMar-Tc1	295	Mariner-5_LSal_tp#DNA/TcMar-Tc1 RBRM:Mariner-5_LSal cds_range:212-1097 [Lepeophtheirus salmonis]
Mariner-5_MLP_tp	TcMar	DNA/TcMar-Tc1	339	Mariner-5_MLP_tp#DNA/TcMar-Tc1 RBRM:Mariner-5_MLP cds_range:180-1197 [Melampsora larici-populina]
Mariner-5_SSa_tp	TcMar	DNA/TcMar-Tc1	294	Mariner-5_SSa_tp#DNA/TcMar-Tc1 RBRM:Mariner-5_SSa cds_range:134-1016 [Salmo salar]
Mariner-6_DBi_tp	TcMar	DNA/TcMar-Tc1	340	Mariner-6_DBi_tp#DNA/TcMar-Tc1 RBRM:Mariner-6_DBi frameshifts:1 cds_range:345-1364 via tfasty with Tc1-2_DM_tp [Drosophila biarmipes]
Mariner-6_DBp_tp	TcMar	DNA/TcMar-Tc1	342	Mariner-6_DBp_tp#DNA/TcMar-Tc1 RBRM:Mariner-6_DBp frameshifts:1 cds_range:208-1304 exons:208-968;1039-1304 via genewise with Tc1_Ele13 [Drosophila bipectinata]
Mariner-6_DRh_tp	TcMar	DNA/TcMar-Tc1	345	Mariner-6_DRh_tp#DNA/TcMar-Tc1 RBRM:Mariner-6_DRh cds_range:390-1425 [Drosophila rhopaloa]
Mariner-6_DY_tp	TcMar	DNA/TcMar-Tc1	309	Mariner-6_DY_tp#DNA/TcMar-Tc1 RBRM:Mariner-6_DY cds_range:342-1269 [Drosophila yakuba]
Mariner-6_HMM_tp	TcMar	DNA/TcMar-Tc1	300	Mariner-6_HMM_tp#DNA/TcMar-Tc1 RBRM:Mariner-6_HMM cds_range:292-1192 [Heliconius melpomene melpomene]
Mariner-6_HSal_tp	TcMar	DNA/TcMar-Tc1	361	Mariner-6_HSal_tp#DNA/TcMar-Tc1 RBRM:Mariner-6_HSal cds_range:110-1193 [Harpegnathos saltator]
Mariner-6_PI_tp	TcMar	DNA/TcMar-Tc1	342	Mariner-6_PI_tp#DNA/TcMar-Tc1 RBRM:Mariner-6_PI cds_range:315-1341 [Phytophthora infestans]
Mariner-6_SSa_tp	TcMar	DNA/TcMar-Tc1	338	Mariner-6_SSa_tp#DNA/TcMar-Tc1 RBRM:Mariner-6_SSa cds_range:342-1356 [Salmo salar]
Mariner-7_BM_tp	TcMar	DNA/TcMar-Tc1	341	Mariner-7_BM_tp#DNA/TcMar-Tc1 RBRM:Mariner-7_BM cds_range:376-1399 [Bombyx mori]
Mariner-7_CFl_tp	TcMar	DNA/TcMar-Tc1	359	Mariner-7_CFl_tp#DNA/TcMar-Tc1 RBRM:Mariner-7_CFl cds_range:113-1190 [Camponotus floridanus]
Mariner-7_CGi_tp	TcMar	DNA/TcMar-Tc1	343	Mariner-7_CGi_tp#DNA/TcMar-Tc1 RBRM:Mariner-7_CGi cds_range:210-1239 [Crassostrea gigas]
Mariner-7_DAn_tp	TcMar	DNA/TcMar-Tc1	333	Mariner-7_DAn_tp#DNA/TcMar-Tc1 RBRM:Mariner-7_DAn cds_range:354-1353 [Drosophila ananassae]
Mariner-7_DBi_tp	TcMar	DNA/TcMar-Tc1	339	Mariner-7_DBi_tp#DNA/TcMar-Tc1 RBRM:Mariner-7_DBi cds_range:377-1394 Mariner-6_DAn_tp very similar [Drosophila biarmipes]
Mariner-7_DF_tp	TcMar	DNA/TcMar-Tc1	339	Mariner-7_DF_tp#DNA/TcMar-Tc1 RBRM:Mariner-7_DF cds_range:331-1348 Mariner-10_DRh_tp and Mariner-13_DK_tp near-identical [Drosophila ficusphila]
Mariner-7_LMi_tp	TcMar	DNA/TcMar-Tc1	342	Mariner-7_LMi_tp#DNA/TcMar-Tc1 RBRM:Mariner-7_LMi cds_range:356-1382 [Locusta migratoria]
Mariner-7_SK_tp	TcMar	DNA/TcMar-Tc1	342	Mariner-7_SK_tp#DNA/TcMar-Tc1 RBRM:Mariner-7_SK cds_range:362-1388 [Saccoglossus kowalevskii]
Mariner-8_BM_tp	TcMar	DNA/TcMar-Tc1	343	Mariner-8_BM_tp#DNA/TcMar-Tc1 RBRM:Mariner-8_BM cds_range:345-1374 [Bombyx mori]
Mariner-8_CFl_tp	TcMar	DNA/TcMar-Tc1	285	Mariner-8_CFl_tp#DNA/TcMar-Tc1 RBRM:Mariner-8_CFl cds_range:893-1748 [Camponotus floridanus]
Mariner-8_CGi_tp	TcMar	DNA/TcMar-Tc1	344	Mariner-8_CGi_tp#DNA/TcMar-Tc1 RBRM:Mariner-8_CGi cds_range:206-1238 [Crassostrea gigas]
Mariner-8_DAn_tp	TcMar	DNA/TcMar-Tc1	331	Mariner-8_DAn_tp#DNA/TcMar-Tc1 RBRM:Mariner-8_DAn cds_range:343-1336 Mariner-9_DF_tp near-identical. [Drosophila ananassae]
Mariner-8_DF_tp	TcMar	DNA/TcMar-Tc1	341	Mariner-8_DF_tp#DNA/TcMar-Tc1 RBRM:Mariner-8_DF cds_range:353-1376 [Drosophila ficusphila]
Mariner-8_HSal_tp	TcMar	DNA/TcMar-Tc1	354	Mariner-8_HSal_tp#DNA/TcMar-Tc1 RBRM:Mariner-8_HSal cds_range:264-1326 [Harpegnathos saltator]
Mariner-8_LSal_tp	TcMar	DNA/TcMar-Tc1	328	Mariner-8_LSal_tp#DNA/TcMar-Tc1 RBRM:Mariner-8_LSal cds_range:167-1151 [Lepeophtheirus salmonis]
Mariner-8_NV_tp	TcMar	DNA/TcMar-Tc1	368	Mariner-8_NV_tp#DNA/TcMar-Tc1 RBRM:Mariner-8_NV cds_range:133-1237 [Nematostella vectensis]
Mariner-8_ROr_tp	TcMar	DNA/TcMar-Tc1	343	Mariner-8_ROr_tp#DNA/TcMar-Tc1 RBRM:Mariner-8_ROr cds_range:386-1415 [Rhizopus oryzae]
Mariner-9_BM_tp	TcMar	DNA/TcMar-Tc1	364	Mariner-9_BM_tp#DNA/TcMar-Tc1 RBRM:Mariner-9_BM cds_range:295-1387 [Bombyx mori]
Mariner-9_DAn_tp	TcMar	DNA/TcMar-Tc1	331	Mariner-9_DAn_tp#DNA/TcMar-Tc1 RBRM:Mariner-9_DAn cds_range:330-1323 [Drosophila ananassae]
Mariner-9_DBp_tp	TcMar	DNA/TcMar-Tc1	348	Mariner-9_DBp_tp#DNA/TcMar-Tc1 RBRM:Mariner-9_DBp stops:2 cds_range:320-1364 via tfasty with Mariner15_CB_tp [Drosophila bipectinata]
Mariner-9_DEl_tp	TcMar	DNA/TcMar-Tc1	340	Mariner-9_DEl_tp#DNA/TcMar-Tc1 RBRM:Mariner-9_DEl frameshifts:1 cds_range:345-1364 via tfasty with Tc1-2_DM_tp [Drosophila elegans]
Mariner-9_DK_tp	TcMar	DNA/TcMar-Tc1	339	Mariner-9_DK_tp#DNA/TcMar-Tc1 RBRM:Mariner-9_DK cds_range:396-1466 exons:396-749;802-1466 via genewise with Minos_tp [Drosophila kikkawai]
Mariner-9_HSal_tp	TcMar	DNA/TcMar-Tc1	349	Mariner-9_HSal_tp#DNA/TcMar-Tc1 RBRM:Mariner-9_HSal cds_range:91-1138 [Harpegnathos saltator]
Mariner-9_LMi_tp	TcMar	DNA/TcMar-Tc1	356	Mariner-9_LMi_tp#DNA/TcMar-Tc1 RBRM:Mariner-9_LMi frameshifts:1 stops:1 cds_range:361-1428 via tfasty with Mariner-34_LMi_tp [Locusta migratoria]
Mariner-10_BM_tp	TcMar	DNA/TcMar-Tc1	354	Mariner-10_BM_tp#DNA/TcMar-Tc1 RBRM:Mariner-10_BM cds_range:419-1481 [Bombyx mori]
Mariner-10_CCri_tp	TcMar	DNA/TcMar-Tc1	332	Mariner-10_CCri_tp#DNA/TcMar-Tc1 RBRM:Mariner-10_CCri cds_range:333-1329 [Chondrus crispus]
Mariner-10_DBp_tp	TcMar	DNA/TcMar-Tc1	339	Mariner-10_DBp_tp#DNA/TcMar-Tc1 RBRM:Mariner-10_DBp cds_range:367-1384 [Drosophila bipectinata]
Mariner-10_DEl_tp	TcMar	DNA/TcMar-Tc1	355	Mariner-10_DEl_tp#DNA/TcMar-Tc1 RBRM:Mariner-10_DEl frameshifts:2 cds_range:277-1339 via tfasty with Uhu_DAn_tp [Drosophila elegans]
Mariner-10_LMi_tp	TcMar	DNA/TcMar-Tc1	358	Mariner-10_LMi_tp#DNA/TcMar-Tc1 RBRM:Mariner-10_LMi cds_range:988-2062 [Locusta migratoria]
Mariner-10_PBa_tp	TcMar	DNA/TcMar-Tc1	296	Mariner-10_PBa_tp#DNA/TcMar-Tc1 RBRM:Mariner-10_PBa cds_range:507-1395 [Pogonomyrmex barbatus]
Mariner-10_PGr_tp	TcMar	DNA/TcMar-Tc1	352	Mariner-10_PGr_tp#DNA/TcMar-Tc1 RBRM:Mariner-10_PGr cds_range:224-1280 [Puccinia graminis]
Mariner-10_RPr_tp	TcMar	DNA/TcMar-Tc1	340	Mariner-10_RPr_tp#DNA/TcMar-Tc1 RBRM:Mariner-10_RPr cds_range:266-1286 [Rhodnius prolixus]
Mariner-10_SIn_tp	TcMar	DNA/TcMar-Tc1	336	Mariner-10_SIn_tp#DNA/TcMar-Tc1 RBRM:Mariner-10_SIn cds_range:366-1374 [Solenopsis invicta]
Mariner-10_SSa_tp	TcMar	DNA/TcMar-Tc1	340	Mariner-10_SSa_tp#DNA/TcMar-Tc1 RBRM:Mariner-10_SSa cds_range:380-1400 [Salmo salar]
Mariner-11_AEc_tp	TcMar	DNA/TcMar-Tc1	347	Mariner-11_AEc_tp#DNA/TcMar-Tc1 RBRM:Mariner-11_AEc cds_range:490-1531 [Acromyrmex echinatior]
Mariner-11_DAn_tp	TcMar	DNA/TcMar-Tc1	334	Mariner-11_DAn_tp#DNA/TcMar-Tc1 RBRM:Mariner-11_DAn cds_range:403-1405 [Drosophila ananassae]
Mariner-11_DBp_tp	TcMar	DNA/TcMar-Tc1	366	Mariner-11_DBp_tp#DNA/TcMar-Tc1 RBRM:Mariner-11_DBp frameshifts:1 stops:1 cds_range:330-1427 via tfasty with Mariner-4_DBp_tp [Drosophila bipectinata]
Mariner-11_DF_tp	TcMar	DNA/TcMar-Tc1	351	Mariner-11_DF_tp#DNA/TcMar-Tc1 RBRM:Mariner-11_DF frameshifts:1 cds_range:307-1359 via tfasty with Mariner-4_DAn_tp [Drosophila ficusphila]
Mariner-11_DK_tp	TcMar	DNA/TcMar-Tc1	350	Mariner-11_DK_tp#DNA/TcMar-Tc1 RBRM:Mariner-11_DK frameshifts:2 cds_range:355-1405 via tfasty with Mariner-3_DK [Drosophila kikkawai]
Mariner-11_EL_tp	TcMar	DNA/TcMar-Tc1	363	Mariner-11_EL_tp#DNA/TcMar-Tc1 RBRM:Mariner-11_EL cds_range:96-1185 [Esox lucius]
Mariner-11_SSa_tp	TcMar	DNA/TcMar-Tc1	386	Mariner-11_SSa_tp#DNA/TcMar-Tc1 RBRM:Mariner-11_SSa cds_range:235-1393 [Salmo salar]
Mariner-12_AEc_tp	TcMar	DNA/TcMar-Tc1	384	Mariner-12_AEc_tp#DNA/TcMar-Tc1 RBRM:Mariner-12_AEc cds_range:43-1195 [Acromyrmex echinatior]
Mariner-12_BM_tp	TcMar	DNA/TcMar-Tc1	346	Mariner-12_BM_tp#DNA/TcMar-Tc1 RBRM:Mariner-12_BM cds_range:333-1371 [Bombyx mori]
Mariner-12_CGi_tp	TcMar	DNA/TcMar-Tc1	362	Mariner-12_CGi_tp#DNA/TcMar-Tc1 RBRM:Mariner-12_CGi cds_range:186-1272 [Crassostrea gigas]
Mariner-12_DAn_tp	TcMar	DNA/TcMar-Tc1	331	Mariner-12_DAn_tp#DNA/TcMar-Tc1 RBRM:Mariner-12_DAn cds_range:330-1323 [Drosophila ananassae]
Mariner-12_DF_tp	TcMar	DNA/TcMar-Tc1	341	Mariner-12_DF_tp#DNA/TcMar-Tc1 RBRM:Mariner-12_DF cds_range:366-1389 [Drosophila ficusphila]
Mariner-12_HSal_tp	TcMar	DNA/TcMar-Tc1	354	Mariner-12_HSal_tp#DNA/TcMar-Tc1 RBRM:Mariner-12_HSal cds_range:1737-2799 [Harpegnathos saltator]
Mariner-12_RPr_tp	TcMar	DNA/TcMar-Tc1	340	Mariner-12_RPr_tp#DNA/TcMar-Tc1 RBRM:Mariner-12_RPr cds_range:312-1332 [Rhodnius prolixus]
Mariner-13_DAn_tp	TcMar	DNA/TcMar-Tc1	334	Mariner-13_DAn_tp#DNA/TcMar-Tc1 RBRM:Mariner-13_DAn frameshifts:1 cds_range:364-1367 via tfasty with Mariner-3_DBp [Drosophila ananassae]
Mariner-13_DF_tp	TcMar	DNA/TcMar-Tc1	342	Mariner-13_DF_tp#DNA/TcMar-Tc1 RBRM:Mariner-13_DF frameshifts:1 cds_range:302-1327 via tfasty with Mariner-1_DK [Drosophila ficusphila]
Mariner-13_DR_tp	TcMar	DNA/TcMar-Tc1	340	Mariner-13_DR_tp#DNA/TcMar-Tc1 RBRM:Mariner-13_DR frameshifts:2 cds_range:376-1398 via tfasty with Tc1-7_Xt_tp,
Mariner-13_DRh_tp	TcMar	DNA/TcMar-Tc1	271	Mariner-13_DRh_tp#DNA/TcMar-Tc1 RBRM:Mariner-13_DRh stops:1 cds_range:7-820 via tfasty with Mariner-1_PPc, Fragment. [Drosophila rhopaloa]
Mariner-13_RPr_tp	TcMar	DNA/TcMar-Tc1	352	Mariner-13_RPr_tp#DNA/TcMar-Tc1 RBRM:Mariner-13_RPr cds_range:402-1458 [Rhodnius prolixus]
Mariner-13_SM_tp	TcMar	DNA/TcMar-Tc1	353	Mariner-13_SM_tp#DNA/TcMar-Tc1 RBRM:MARINER-13_SM cds_range:123-1182 [Schmidtea mediterranea]
Mariner-14_CGi_tp	TcMar	DNA/TcMar-Tc1	343	Mariner-14_CGi_tp#DNA/TcMar-Tc1 RBRM:Mariner-14_CGi cds_range:208-1237 [Crassostrea gigas]
Mariner-14_DAn_tp	TcMar	DNA/TcMar-Tc1	343	Mariner-14_DAn_tp#DNA/TcMar-Tc1 RBRM:Mariner-14_DAn stops:2 cds_range:208-1305 exons:208-1012;1080-1305 via genewise with Tc1_Ele13 [Drosophila ananassae]
Mariner-14_DRh_tp	TcMar	DNA/TcMar-Tc1	341	Mariner-14_DRh_tp#DNA/TcMar-Tc1 RBRM:Mariner-14_DRh frameshifts:1 cds_range:381-1405 via tfasty with Mariner-1_DK [Drosophila rhopaloa]
Mariner-14_SIn_tp	TcMar	DNA/TcMar-Tc1	352	Mariner-14_SIn_tp#DNA/TcMar-Tc1 RBRM:Mariner-14_SIn cds_range:831-1887 [Solenopsis invicta]
Mariner-15_CFl_tp	TcMar	DNA/TcMar-Tc1	336	Mariner-15_CFl_tp#DNA/TcMar-Tc1 RBRM:Mariner-15_CFl cds_range:369-1377 [Camponotus floridanus]
Mariner-15_CGi_tp	TcMar	DNA/TcMar-Tc1	325	Mariner-15_CGi_tp#DNA/TcMar-Tc1 RBRM:Mariner-15_CGi cds_range:188-1163 [Crassostrea gigas]
Mariner-15_DR_tp	TcMar	DNA/TcMar-Tc1	340	Mariner-15_DR_tp#DNA/TcMar-Tc1 RBRM:Mariner-15_DR cds_range:356-1376
Mariner-15_DRh_tp	TcMar	DNA/TcMar-Tc1	386	Mariner-15_DRh_tp#DNA/TcMar-Tc1 RBRM:Mariner-15_DRh frameshifts:2 stops:2 cds_range:358-1516 via tfasty with Mariner-1_DK [Drosophila rhopaloa]
Mariner-15_LMi_tp	TcMar	DNA/TcMar-Tc1	358	Mariner-15_LMi_tp#DNA/TcMar-Tc1 RBRM:Mariner-15_LMi cds_range:312-1386 [Locusta migratoria]
Mariner-15_SIn_tp	TcMar	DNA/TcMar-Tc1	339	Mariner-15_SIn_tp#DNA/TcMar-Tc1 RBRM:Mariner-15_SIn cds_range:1007-2024 [Solenopsis invicta]
Mariner-16_CGi_tp	TcMar	DNA/TcMar-Tc1	347	Mariner-16_CGi_tp#DNA/TcMar-Tc1 RBRM:Mariner-16_CGi cds_range:205-1246 [Crassostrea gigas]
Mariner-16_DK_tp	TcMar	DNA/TcMar-Tc1	331	Mariner-16_DK_tp#DNA/TcMar-Tc1 RBRM:Mariner-16_DK frameshifts:3 stops:1 cds_range:328-1318 via tfasty with Mariner-4_DBp_tp [Drosophila kikkawai]
Mariner-16_LMi_tp	TcMar	DNA/TcMar-Tc1	343	Mariner-16_LMi_tp#DNA/TcMar-Tc1 RBRM:Mariner-16_LMi cds_range:135-1164 [Locusta migratoria]
Mariner-16_SIn_tp	TcMar	DNA/TcMar-Tc1	369	Mariner-16_SIn_tp#DNA/TcMar-Tc1 RBRM:Mariner-16_SIn cds_range:720-1827 [Solenopsis invicta]
Mariner-17_AEc_tp	TcMar	DNA/TcMar-Tc1	368	Mariner-17_AEc_tp#DNA/TcMar-Tc1 RBRM:Mariner-17_AEc cds_range:1842-2946 [Acromyrmex echinatior]
Mariner-17_DAn_tp	TcMar	DNA/TcMar-Tc1	338	Mariner-17_DAn_tp#DNA/TcMar-Tc1 RBRM:Mariner-17_DAn frameshifts:1 cds_range:345-1360 via tfasty with Tc1-2_DM_tp [Drosophila ananassae]
Mariner-17_EL_tp	TcMar	DNA/TcMar-Tc1	319	Mariner-17_EL_tp#DNA/TcMar-Tc1 RBRM:Mariner-17_EL cds_range:426-1383 [Esox lucius]
Mariner-17_HSal_tp	TcMar	DNA/TcMar-Tc1	356	Mariner-17_HSal_tp#DNA/TcMar-Tc1 RBRM:Mariner-17_HSal cds_range:583-1651 [Harpegnathos saltator]
Mariner-17_LMi_tp	TcMar	DNA/TcMar-Tc1	343	Mariner-17_LMi_tp#DNA/TcMar-Tc1 RBRM:Mariner-17_LMi cds_range:251-1280 [Locusta migratoria]
Mariner-17_SIn_tp	TcMar	DNA/TcMar-Tc1	348	Mariner-17_SIn_tp#DNA/TcMar-Tc1 RBRM:Mariner-17_SIn cds_range:272-1316 [Solenopsis invicta]
Mariner-18_CGi_tp	TcMar	DNA/TcMar-Tc1	373	Mariner-18_CGi_tp#DNA/TcMar-Tc1 RBRM:Mariner-18_CGi cds_range:174-1293 [Crassostrea gigas]
Mariner-18_DK_tp	TcMar	DNA/TcMar-Tc1	344	Mariner-18_DK_tp#DNA/TcMar-Tc1 RBRM:Mariner-18_DK frameshifts:1 stops:2 cds_range:339-1370 via tfasty with Mariner-7_DAn_tp [Drosophila kikkawai]
Mariner-18_HSal_tp	TcMar	DNA/TcMar-Tc1	357	Mariner-18_HSal_tp#DNA/TcMar-Tc1 RBRM:Mariner-18_HSal cds_range:706-1777 [Harpegnathos saltator]
Mariner-18_LSal_tp	TcMar	DNA/TcMar-Tc1	361	Mariner-18_LSal_tp#DNA/TcMar-Tc1 RBRM:Mariner-18_LSal frameshifts:1 cds_range:112-1196 via tfasty with Mariner-6_HSal [Lepeophtheirus salmonis]
Mariner-18_RPr_tp	TcMar	DNA/TcMar-Tc1	299	Mariner-18_RPr_tp#DNA/TcMar-Tc1 RBRM:Mariner-18_RPr cds_range:412-1309 [Rhodnius prolixus]
Mariner-18_SIn_tp	TcMar	DNA/TcMar-Tc1	342	Mariner-18_SIn_tp#DNA/TcMar-Tc1 RBRM:Mariner-18_SIn cds_range:187-1213 [Solenopsis invicta]
Mariner-19_CGi_tp	TcMar	DNA/TcMar-Tc1	345	Mariner-19_CGi_tp#DNA/TcMar-Tc1 RBRM:Mariner-19_CGi cds_range:211-1246 [Crassostrea gigas]
Mariner-19_EL_tp	TcMar	DNA/TcMar-Tc1	350	Mariner-19_EL_tp#DNA/TcMar-Tc1 RBRM:Mariner-19_EL cds_range:413-1463 [Esox lucius]
Mariner-19_HSal_tp	TcMar	DNA/TcMar-Tc1	356	Mariner-19_HSal_tp#DNA/TcMar-Tc1 RBRM:Mariner-19_HSal cds_range:453-1521 [Harpegnathos saltator]
Mariner-19_LMi_tp	TcMar	DNA/TcMar-Tc1	359	Mariner-19_LMi_tp#DNA/TcMar-Tc1 RBRM:Mariner-19_LMi frameshifts:2 cds_range:494-1657 exons:494-670;757-1657 via genewise with Mariner-70_LMi_tp [Locusta migratoria]
Mariner-20_CCri_tp	TcMar	DNA/TcMar-Tc1	334	Mariner-20_CCri_tp#DNA/TcMar-Tc1 RBRM:Mariner-20_CCri cds_range:333-1335 [Chondrus crispus]
Mariner-20_CGi_tp	TcMar	DNA/TcMar-Tc1	346	Mariner-20_CGi_tp#DNA/TcMar-Tc1 RBRM:Mariner-20_CGi cds_range:209-1247 [Crassostrea gigas]
Mariner-20_DF_tp	TcMar	DNA/TcMar-Tc1	253	Mariner-20_DF_tp#DNA/TcMar-Tc1 RBRM:Mariner-20_DF cds_range:285-1044 Fragment [Drosophila ficusphila]
Mariner-20_LMi_tp	TcMar	DNA/TcMar-Tc1	336	Mariner-20_LMi_tp#DNA/TcMar-Tc1 RBRM:Mariner-20_LMi cds_range:624-1632 [Locusta migratoria]
Mariner-20_LSal_tp	TcMar	DNA/TcMar-Tc1	283	Mariner-20_LSal_tp#DNA/TcMar-Tc1 RBRM:Mariner-20_LSal cds_range:171-1020 [Lepeophtheirus salmonis]
Mariner-20_RPr_tp	TcMar	DNA/TcMar-Tc1	339	Mariner-20_RPr_tp#DNA/TcMar-Tc1 RBRM:Mariner-20_RPr frameshifts:1 stops:1 cds_range:294-1310 via tfasty with Mariner-15_SIn [Rhodnius prolixus]
Mariner-20_SSa_tp	TcMar	DNA/TcMar-Tc1	392	Mariner-20_SSa_tp#DNA/TcMar-Tc1 RBRM:Mariner-20_SSa cds_range:222-1398 [Salmo salar]
Mariner-20B_CCri_tp	TcMar	DNA/TcMar-Tc1	334	Mariner-20B_CCri_tp#DNA/TcMar-Tc1 RBRM:Mariner-20B_CCri cds_range:332-1334 [Chondrus crispus]
Mariner-21_LMi_tp	TcMar	DNA/TcMar-Tc1	369	Mariner-21_LMi_tp#DNA/TcMar-Tc1 RBRM:Mariner-21_LMi frameshifts:1 cds_range:83-1189 via tfasty with Mariner-66_LMi_tp [Locusta migratoria]
Mariner-21_RPr_tp	TcMar	DNA/TcMar-Tc1	339	Mariner-21_RPr_tp#DNA/TcMar-Tc1 RBRM:Mariner-21_RPr frameshifts:1 cds_range:312-1330 via tfasty with Mariner-8_BM [Rhodnius prolixus]
Mariner-21_SIn_tp	TcMar	DNA/TcMar-Tc1	360	Mariner-21_SIn_tp#DNA/TcMar-Tc1 RBRM:Mariner-21_SIn cds_range:929-2009 [Solenopsis invicta]
Mariner-22_CCri_tp	TcMar	DNA/TcMar-Tc1	334	Mariner-22_CCri_tp#DNA/TcMar-Tc1 RBRM:Mariner-22_CCri cds_range:335-1337 [Chondrus crispus]
Mariner-22_CGi_tp	TcMar	DNA/TcMar-Tc1	346	Mariner-22_CGi_tp#DNA/TcMar-Tc1 RBRM:Mariner-22_CGi cds_range:211-1249 [Crassostrea gigas]
Mariner-22_DF_tp	TcMar	DNA/TcMar-Tc1	339	Mariner-22_DF_tp#DNA/TcMar-Tc1 RBRM:Mariner-22_DF frameshifts:1 cds_range:358-1376 via tfasty with Mariner-10_DBp_tp [Drosophila ficusphila]
Mariner-22_DK_tp	TcMar	DNA/TcMar-Tc1	333	Mariner-22_DK_tp#DNA/TcMar-Tc1 RBRM:Mariner-22_DK frameshifts:3 cds_range:339-1335 via tfasty with Mariner-12_DAn_tp [Drosophila kikkawai]
Mariner-22_EL_tp	TcMar	DNA/TcMar-Tc1	343	Mariner-22_EL_tp#DNA/TcMar-Tc1 RBRM:Mariner-22_EL cds_range:137-1166 [Esox lucius]
Mariner-22_LMi_tp	TcMar	DNA/TcMar-Tc1	391	Mariner-22_LMi_tp#DNA/TcMar-Tc1 RBRM:Mariner-22_LMi cds_range:91-1264 [Locusta migratoria]
Mariner-22_SIn_tp	TcMar	DNA/TcMar-Tc1	372	Mariner-22_SIn_tp#DNA/TcMar-Tc1 RBRM:Mariner-22_SIn cds_range:327-1443 [Solenopsis invicta]
Mariner-22_SSa_tp	TcMar	DNA/TcMar-Tc1	339	Mariner-22_SSa_tp#DNA/TcMar-Tc1 RBRM:Mariner-22_SSa cds_range:277-1294 [Salmo salar]
Mariner-22B_CCri_tp	TcMar	DNA/TcMar-Tc1	334	Mariner-22B_CCri_tp#DNA/TcMar-Tc1 RBRM:Mariner-22B_CCri cds_range:335-1337 [Chondrus crispus]
Mariner-23_CGi_tp	TcMar	DNA/TcMar-Tc1	346	Mariner-23_CGi_tp#DNA/TcMar-Tc1 RBRM:Mariner-23_CGi cds_range:209-1247 [Crassostrea gigas]
Mariner-23_RPr_tp	TcMar	DNA/TcMar-Tc1	347	Mariner-23_RPr_tp#DNA/TcMar-Tc1 RBRM:Mariner-23_RPr cds_range:279-1320 [Rhodnius prolixus]
Mariner-24_DF_tp	TcMar	DNA/TcMar-Tc1	341	Mariner-24_DF_tp#DNA/TcMar-Tc1 RBRM:Mariner-24_DF frameshifts:2 cds_range:366-1389 via tfasty with Mariner-1_DK [Drosophila ficusphila]
Mariner-24_EL_tp	TcMar	DNA/TcMar-Tc1	334	Mariner-24_EL_tp#DNA/TcMar-Tc1 RBRM:Mariner-24_EL cds_range:281-1283 [Esox lucius]
Mariner-24_SSa_tp	TcMar	DNA/TcMar-Tc1	347	Mariner-24_SSa_tp#DNA/TcMar-Tc1 RBRM:Mariner-24_SSa cds_range:414-1455 [Salmo salar]
Mariner-25_CGi_tp	TcMar	DNA/TcMar-Tc1	340	Mariner-25_CGi_tp#DNA/TcMar-Tc1 RBRM:Mariner-25_CGi cds_range:289-1309 [Crassostrea gigas]
Mariner-25_LSal_tp	TcMar	DNA/TcMar-Tc1	255	Mariner-25_LSal_tp#DNA/TcMar-Tc1 RBRM:Mariner-25_LSal cds_range:166-931 [Lepeophtheirus salmonis]
Mariner-26_CGi_tp	TcMar	DNA/TcMar-Tc1	378	Mariner-26_CGi_tp#DNA/TcMar-Tc1 RBRM:Mariner-26_CGi cds_range:172-1306 [Crassostrea gigas]
Mariner-26_LMi_tp	TcMar	DNA/TcMar-Tc1	357	Mariner-26_LMi_tp#DNA/TcMar-Tc1 RBRM:Mariner-26_LMi frameshifts:1 cds_range:337-1504 exons:337-533;630-1504 via genewise with Mariner-70_LMi_tp [Locusta migratoria]
Mariner-26_SSa_tp	TcMar	DNA/TcMar-Tc1	300	Mariner-26_SSa_tp#DNA/TcMar-Tc1 RBRM:Mariner-26_SSa cds_range:213-1113 [Salmo salar]
Mariner-27_CGi_tp	TcMar	DNA/TcMar-Tc1	335	Mariner-27_CGi_tp#DNA/TcMar-Tc1 RBRM:Mariner-27_CGi cds_range:330-1335 [Crassostrea gigas]
Mariner-27_LMi_tp	TcMar	DNA/TcMar-Tc1	389	Mariner-27_LMi_tp#DNA/TcMar-Tc1 RBRM:Mariner-27_LMi cds_range:207-1374 [Locusta migratoria]
Mariner-28_AEc_tp	TcMar	DNA/TcMar-Tc1	356	Mariner-28_AEc_tp#DNA/TcMar-Tc1 RBRM:Mariner-28_AEc cds_range:641-1709 [Acromyrmex echinatior]
Mariner-28_LSal_tp	TcMar	DNA/TcMar-Tc1	338	Mariner-28_LSal_tp#DNA/TcMar-Tc1 RBRM:Mariner-28_LSal cds_range:145-1159 [Lepeophtheirus salmonis]
Mariner-29_AEc_tp	TcMar	DNA/TcMar-Tc1	344	Mariner-29_AEc_tp#DNA/TcMar-Tc1 RBRM:Mariner-29_AEc cds_range:743-1775 [Acromyrmex echinatior]
Mariner-29_CGi_tp	TcMar	DNA/TcMar-Tc1	347	Mariner-29_CGi_tp#DNA/TcMar-Tc1 RBRM:Mariner-29_CGi cds_range:210-1251 [Crassostrea gigas]
Mariner-29_LMi_tp	TcMar	DNA/TcMar-Tc1	350	Mariner-29_LMi_tp#DNA/TcMar-Tc1 RBRM:Mariner-29_LMi cds_range:173-1223 [Locusta migratoria]
Mariner-30_LMi_tp	TcMar	DNA/TcMar-Tc1	380	Mariner-30_LMi_tp#DNA/TcMar-Tc1 RBRM:Mariner-30_LMi cds_range:204-1344 [Locusta migratoria]
Mariner-31_SIn_tp	TcMar	DNA/TcMar-Tc1	354	Mariner-31_SIn_tp#DNA/TcMar-Tc1 RBRM:Mariner-31_SIn cds_range:821-1883 [Solenopsis invicta]
Mariner-32_LMi_tp	TcMar	DNA/TcMar-Tc1	402	Mariner-32_LMi_tp#DNA/TcMar-Tc1 RBRM:Mariner-32_LMi cds_range:13-1219 [Locusta migratoria]
Mariner-33_SIn_tp	TcMar	DNA/TcMar-Tc1	355	Mariner-33_SIn_tp#DNA/TcMar-Tc1 RBRM:Mariner-33_SIn cds_range:586-1651 [Solenopsis invicta]
Mariner-34_AEc_tp	TcMar	DNA/TcMar-Tc1	343	Mariner-34_AEc_tp#DNA/TcMar-Tc1 RBRM:Mariner-34_AEc cds_range:278-1307 [Acromyrmex echinatior]
Mariner-34_LMi_tp	TcMar	DNA/TcMar-Tc1	310	Mariner-34_LMi_tp#DNA/TcMar-Tc1 RBRM:Mariner-34_LMi cds_range:410-1340 [Locusta migratoria]
Mariner-34_LSal_tp	TcMar	DNA/TcMar-Tc1	297	Mariner-34_LSal_tp#DNA/TcMar-Tc1 RBRM:Mariner-34_LSal cds_range:271-1162 [Lepeophtheirus salmonis]
Mariner-35_LMi_tp	TcMar	DNA/TcMar-Tc1	350	Mariner-35_LMi_tp#DNA/TcMar-Tc1 RBRM:Mariner-35_LMi cds_range:462-1512 [Locusta migratoria]
Mariner-35_SSa_tp	TcMar	DNA/TcMar-Tc1	337	Mariner-35_SSa_tp#DNA/TcMar-Tc1 RBRM:Mariner-35_SSa cds_range:377-1388 [Salmo salar]
Mariner-36_LMi_tp	TcMar	DNA/TcMar-Tc1	350	Mariner-36_LMi_tp#DNA/TcMar-Tc1 RBRM:Mariner-36_LMi cds_range:179-1229 [Locusta migratoria]
Mariner-37_LSal_tp	TcMar	DNA/TcMar-Tc1	295	Mariner-37_LSal_tp#DNA/TcMar-Tc1 RBRM:Mariner-37_LSal cds_range:150-1035 [Lepeophtheirus salmonis]
Mariner-38_LSal_tp	TcMar	DNA/TcMar-Tc1	342	Mariner-38_LSal_tp#DNA/TcMar-Tc1 RBRM:Mariner-38_LSal cds_range:163-1189 [Lepeophtheirus salmonis]
Mariner-38_SSa_tp	TcMar	DNA/TcMar-Tc1	337	Mariner-38_SSa_tp#DNA/TcMar-Tc1 RBRM:Mariner-38_SSa cds_range:387-1398 [Salmo salar]
Mariner-40_SSa_tp	TcMar	DNA/TcMar-Tc1	344	Mariner-40_SSa_tp#DNA/TcMar-Tc1 RBRM:Mariner-40_SSa cds_range:378-1410 [Salmo salar]
Mariner-41_HMa_tp	TcMar	DNA/TcMar-Tc1	341	Mariner-41_HMa_tp#DNA/TcMar-Tc1 RBRM:Mariner-41_HMa cds_range:465-1488 [Hydra vulgaris]
Mariner-42_LMi_tp	TcMar	DNA/TcMar-Tc1	351	Mariner-42_LMi_tp#DNA/TcMar-Tc1 RBRM:Mariner-42_LMi cds_range:174-1227 [Locusta migratoria]
Mariner-42_LSal_tp	TcMar	DNA/TcMar-Tc1	338	Mariner-42_LSal_tp#DNA/TcMar-Tc1 RBRM:Mariner-42_LSal cds_range:159-1173 [Lepeophtheirus salmonis]
Mariner-42_SSa_tp	TcMar	DNA/TcMar-Tc1	341	Mariner-42_SSa_tp#DNA/TcMar-Tc1 RBRM:Mariner-42_SSa frameshifts:1 cds_range:422-1444 via tfasty with Mariner-41_HMa_tp [Salmo salar]
Mariner-43_HM_tp	TcMar	DNA/TcMar-Tc1	342	Mariner-43_HM_tp#DNA/TcMar-Tc1 RBRM:Mariner-43_HM cds_range:438-1464 [Hydra vulgaris]
Mariner-43_LMi_tp	TcMar	DNA/TcMar-Tc1	301	Mariner-43_LMi_tp#DNA/TcMar-Tc1 RBRM:Mariner-43_LMi cds_range:174-1077 [Locusta migratoria]
Mariner-43_LSal_tp	TcMar	DNA/TcMar-Tc1	352	Mariner-43_LSal_tp#DNA/TcMar-Tc1 RBRM:Mariner-43_LSal cds_range:345-1401 [Lepeophtheirus salmonis]
Mariner-45_LMi_tp	TcMar	DNA/TcMar-Tc1	352	Mariner-45_LMi_tp#DNA/TcMar-Tc1 RBRM:Mariner-45_LMi frameshifts:1 cds_range:329-1384 via tfasty with Tc1-11_AFC_tp [Locusta migratoria]
Mariner-47_LSal_tp	TcMar	DNA/TcMar-Tc1	377	Mariner-47_LSal_tp#DNA/TcMar-Tc1 RBRM:Mariner-47_LSal cds_range:84-1215 [Lepeophtheirus salmonis]
Mariner-49_LSal_tp	TcMar	DNA/TcMar-Tc1	337	Mariner-49_LSal_tp#DNA/TcMar-Tc1 RBRM:Mariner-49_LSal cds_range:152-1163 [Lepeophtheirus salmonis]
Mariner-50_HM_tp	TcMar	DNA/TcMar-Tc1	342	Mariner-50_HM_tp#DNA/TcMar-Tc1 RBRM:Mariner-50_HM cds_range:352-1378 [Hydra vulgaris]
Mariner-51_LSal_tp	TcMar	DNA/TcMar-Tc1	289	Mariner-51_LSal_tp#DNA/TcMar-Tc1 RBRM:Mariner-51_LSal cds_range:108-975 [Lepeophtheirus salmonis]
Mariner-52_HSal_tp	TcMar	DNA/TcMar-Tc1	357	Mariner-52_HSal_tp#DNA/TcMar-Tc1 RBRM:Mariner-52_HSal cds_range:976-2047 [Harpegnathos saltator]
Mariner-56_LMi_tp	TcMar	DNA/TcMar-Tc1	353	Mariner-56_LMi_tp#DNA/TcMar-Tc1 RBRM:Mariner-56_LMi cds_range:493-1552 [Locusta migratoria]
Mariner-56_LSal_tp	TcMar	DNA/TcMar-Tc1	277	Mariner-56_LSal_tp#DNA/TcMar-Tc1 RBRM:Mariner-56_LSal cds_range:147-978 [Lepeophtheirus salmonis]
Mariner-57_LSal_tp	TcMar	DNA/TcMar-Tc1	365	Mariner-57_LSal_tp#DNA/TcMar-Tc1 RBRM:Mariner-57_LSal frameshifts:1 stops:1 cds_range:151-1245 via tfasty with Mariner-42_LSal_tp [Lepeophtheirus salmonis]
Mariner-58_CCri_tp	TcMar	DNA/TcMar-Tc1	332	Mariner-58_CCri_tp#DNA/TcMar-Tc1 RBRM:Mariner-58_CCri cds_range:314-1310 [Chondrus crispus]
Mariner-59_HSal_tp	TcMar	DNA/TcMar-Tc1	358	Mariner-59_HSal_tp#DNA/TcMar-Tc1 RBRM:Mariner-59_HSal cds_range:551-1625 [Harpegnathos saltator]
Mariner-60_HSal_tp	TcMar	DNA/TcMar-Tc1	320	Mariner-60_HSal_tp#DNA/TcMar-Tc1 RBRM:Mariner-60_HSal cds_range:1148-2108 [Harpegnathos saltator]
Mariner-61_HSal_tp	TcMar	DNA/TcMar-Tc1	356	Mariner-61_HSal_tp#DNA/TcMar-Tc1 RBRM:Mariner-61_HSal cds_range:1222-2290 [Harpegnathos saltator]
Mariner-62_HSal_tp	TcMar	DNA/TcMar-Tc1	354	Mariner-62_HSal_tp#DNA/TcMar-Tc1 RBRM:Mariner-62_HSal cds_range:1034-2096 [Harpegnathos saltator]
Mariner-66_HSal_tp	TcMar	DNA/TcMar-Tc1	348	Mariner-66_HSal_tp#DNA/TcMar-Tc1 RBRM:Mariner-66_HSal cds_range:134-1178 [Harpegnathos saltator]
Mariner-66_LMi_tp	TcMar	DNA/TcMar-Tc1	354	Mariner-66_LMi_tp#DNA/TcMar-Tc1 RBRM:Mariner-66_LMi cds_range:206-1268 [Locusta migratoria]
Mariner-68_HSal_tp	TcMar	DNA/TcMar-Tc1	357	Mariner-68_HSal_tp#DNA/TcMar-Tc1 RBRM:Mariner-68_HSal cds_range:705-1776 [Harpegnathos saltator]
Mariner-68_LMi_tp	TcMar	DNA/TcMar-Tc1	346	Mariner-68_LMi_tp#DNA/TcMar-Tc1 RBRM:Mariner-68_LMi cds_range:231-1269 [Locusta migratoria]
Mariner-69_HSal_tp	TcMar	DNA/TcMar-Tc1	359	Mariner-69_HSal_tp#DNA/TcMar-Tc1 RBRM:Mariner-69_HSal cds_range:783-1860 [Harpegnathos saltator]
Mariner-70_LMi_tp	TcMar	DNA/TcMar-Tc1	358	Mariner-70_LMi_tp#DNA/TcMar-Tc1 RBRM:Mariner-70_LMi cds_range:185-1259 [Locusta migratoria]
Mariner-71_CCri_tp	TcMar	DNA/TcMar-Tc1	332	Mariner-71_CCri_tp#DNA/TcMar-Tc1 RBRM:Mariner-71_CCri cds_range:334-1330 [Chondrus crispus]
Mariner-71_LMi_tp	TcMar	DNA/TcMar-Tc1	345	Mariner-71_LMi_tp#DNA/TcMar-Tc1 RBRM:Mariner-71_LMi cds_range:171-1206 [Locusta migratoria]
Mariner-72_CCri_tp	TcMar	DNA/TcMar-Tc1	331	Mariner-72_CCri_tp#DNA/TcMar-Tc1 RBRM:Mariner-72_CCri cds_range:321-1314 [Chondrus crispus]
Mariner-73_CCri_tp	TcMar	DNA/TcMar-Tc1	334	Mariner-73_CCri_tp#DNA/TcMar-Tc1 RBRM:Mariner-73_CCri cds_range:334-1336 [Chondrus crispus]
Mariner-73_LMi_tp	TcMar	DNA/TcMar-Tc1	341	Mariner-73_LMi_tp#DNA/TcMar-Tc1 RBRM:Mariner-73_LMi cds_range:242-1265 [Locusta migratoria]
Mariner-76_HSal_tp	TcMar	DNA/TcMar-Tc1	351	Mariner-76_HSal_tp#DNA/TcMar-Tc1 RBRM:Mariner-76_HSal cds_range:689-1742 [Harpegnathos saltator]
Mariner-77_HSal_tp	TcMar	DNA/TcMar-Tc1	300	Mariner-77_HSal_tp#DNA/TcMar-Tc1 RBRM:Mariner-77_HSal cds_range:1035-1935 [Harpegnathos saltator]
Mariner-79_HSal_tp	TcMar	DNA/TcMar-Tc1	339	Mariner-79_HSal_tp#DNA/TcMar-Tc1 RBRM:Mariner-79_HSal cds_range:1543-2560 [Harpegnathos saltator]
Mariner-79_LMi_tp	TcMar	DNA/TcMar-Tc1	360	Mariner-79_LMi_tp#DNA/TcMar-Tc1 RBRM:Mariner-79_LMi cds_range:272-1352 [Locusta migratoria]
Mariner-83_HSal_tp	TcMar	DNA/TcMar-Tc1	358	Mariner-83_HSal_tp#DNA/TcMar-Tc1 RBRM:Mariner-83_HSal cds_range:758-1832 [Harpegnathos saltator]
Mariner-84_HSal_tp	TcMar	DNA/TcMar-Tc1	361	Mariner-84_HSal_tp#DNA/TcMar-Tc1 RBRM:Mariner-84_HSal cds_range:111-1194 [Harpegnathos saltator]
Mariner-87_HSal_tp	TcMar	DNA/TcMar-Tc1	331	Mariner-87_HSal_tp#DNA/TcMar-Tc1 RBRM:Mariner-87_HSal cds_range:159-1152 [Harpegnathos saltator]
Mariner-90_HSal_tp	TcMar	DNA/TcMar-Tc1	351	Mariner-90_HSal_tp#DNA/TcMar-Tc1 RBRM:Mariner-90_HSal cds_range:549-1602 [Harpegnathos saltator]
Mariner-92_CCri_tp	TcMar	DNA/TcMar-Tc1	332	Mariner-92_CCri_tp#DNA/TcMar-Tc1 RBRM:Mariner-92_CCri cds_range:333-1329 [Chondrus crispus]
Mariner-92_HSal_tp	TcMar	DNA/TcMar-Tc1	351	Mariner-92_HSal_tp#DNA/TcMar-Tc1 RBRM:Mariner-92_HSal cds_range:591-1644 [Harpegnathos saltator]
Mariner-95_HSal_tp	TcMar	DNA/TcMar-Tc1	332	Mariner-95_HSal_tp#DNA/TcMar-Tc1 RBRM:Mariner-95_HSal cds_range:160-1156 [Harpegnathos saltator]
Mariner-101_HSal_tp	TcMar	DNA/TcMar-Tc1	357	Mariner-101_HSal_tp#DNA/TcMar-Tc1 RBRM:Mariner-101_HSal cds_range:1854-2925 [Harpegnathos saltator]
Mariner-107_CCri_tp	TcMar	DNA/TcMar-Tc1	331	Mariner-107_CCri_tp#DNA/TcMar-Tc1 RBRM:Mariner-107_CCri cds_range:334-1327 [Chondrus crispus]
Mariner-117_CCri_tp	TcMar	DNA/TcMar-Tc1	357	Mariner-117_CCri_tp#DNA/TcMar-Tc1 RBRM:Mariner-117_CCri cds_range:151-1222 [Chondrus crispus]
Mariner-131_CCri_tp	TcMar	DNA/TcMar-Tc1	354	Mariner-131_CCri_tp#DNA/TcMar-Tc1 RBRM:Mariner-131_CCri frameshifts:1 cds_range:263-1324 via tfasty with Mariner-107_CCri_tp [Chondrus crispus]
MARISP1_tp	TcMar	DNA/TcMar-Tc1	340	MARISP1_tp#DNA/TcMar-Tc1 RBRM:MARISP1 cds_range:320-1340 [Strongylocentrotus purpuratus]
MARWOLEN1_tp	TcMar	DNA/TcMar-Tc1	334	MARWOLEN1_tp#DNA/TcMar-Tc1 RBRM:MARWOLEN1 cds_range:394-1396 [Drosophila ananassae]
Paris_tp	TcMar	DNA/TcMar-Tc1	352	Paris_tp#DNA/TcMar-Tc1 RBRM:PARIS cds_range:381-1437 [Drosophila fruit fly genus]
PARISa_DAn_tp	TcMar	DNA/TcMar-Tc1	348	PARISa_DAn_tp#DNA/TcMar-Tc1 RBRM:PARISa_DAn cds_range:394-1438 [Drosophila ananassae]
PARISa_DEl_tp	TcMar	DNA/TcMar-Tc1	348	PARISa_DEl_tp#DNA/TcMar-Tc1 RBRM:PARISa_DEl cds_range:391-1435 [Drosophila elegans]
PARISa_DK_tp	TcMar	DNA/TcMar-Tc1	348	PARISa_DK_tp#DNA/TcMar-Tc1 RBRM:PARISa_DK cds_range:392-1436 [Drosophila kikkawai]
PARISa_DMo_tp	TcMar	DNA/TcMar-Tc1	350	PARISa_DMo_tp#DNA/TcMar-Tc1 RBRM:PARISa_DMo cds_range:405-1455 [Drosophila mojavensis]
PARISa_DPs_tp	TcMar	DNA/TcMar-Tc1	348	PARISa_DPs_tp#DNA/TcMar-Tc1 RBRM:PARISa_DPs cds_range:391-1435 [Drosophila pseudoobscura]
PARISa_DRh_tp	TcMar	DNA/TcMar-Tc1	342	PARISa_DRh_tp#DNA/TcMar-Tc1 RBRM:PARISa_DRh cds_range:2-1028 [Drosophila rhopaloa]
PrD37D_tp	TcMar	DNA/TcMar-Tc1	341	PrD37D_tp#DNA/TcMar-Tc1 RBRM:PrD37D stops:1 cds_range:410-1433 (ITM family) [Philodina roseola]
PrD37E_tp	TcMar	DNA/TcMar-Tc1	294	PrD37E_tp#DNA/TcMar-Tc1 RBRM:PrD37E cds_range:325-1207 [Philodina roseola]
Quetzal_tp	TcMar	DNA/TcMar-Tc1	341	Quetzal_tp#DNA/TcMar-Tc1 RBRM:QUETZAL cds_range:372-1395 [Anopheles albimanus]
SMAR5_tp	TcMar	DNA/TcMar-Tc1	340	SMAR5_tp#DNA/TcMar-Tc1 RBRM:SMAR5 frameshifts:1 stops:1 cds_range:277-1296 via tfasty with Quetzal_tp [Schmidtea mediterranea]
SMAR19_tp	TcMar	DNA/TcMar-Tc1	340	SMAR19_tp#DNA/TcMar-Tc1 RBRM:SMAR19 cds_range:271-1291 [Schmidtea mediterranea]
SMAR29_tp	TcMar	DNA/TcMar-Tc1	334	SMAR29_tp#DNA/TcMar-Tc1 RBRM:SMAR29 frameshifts:1 stops:2 cds_range:269-1272 via tfasty with Mariner15_CB_tp [Schmidtea mediterranea]
Tc1-1_ACar_tp	TcMar	DNA/TcMar-Tc1	340	Tc1-1_ACar_tp#DNA/TcMar-Tc1 RBRM:Tc1-1_ACar cds_range:364-1384 [Anolis carolinensis]
Tc1-1_AG_tp	TcMar	DNA/TcMar-Tc1	332	Tc1-1_AG_tp#DNA/TcMar-Tc1 RBRM:Tc1-1_AG cds_range:271-1267 [Anopheles genus]
Tc1-1_Lch_tp	TcMar	DNA/TcMar-Tc1	340	Tc1-1_Lch_tp#DNA/TcMar-Tc1 RBRM:Tc1-1_Lch cds_range:362-1382 [Latimeria chalumnae]
Tc1-1_SSa_tp	TcMar	DNA/TcMar-Tc1	332	Tc1-1_SSa_tp#DNA/TcMar-Tc1 RBRM:Tc1-1_SSa cds_range:399-1395 TZF28 in Danio very close. [Salmo salar]
Tc1-1_TCa_tp	TcMar	DNA/TcMar-Tc1	337	Tc1-1_TCa_tp#DNA/TcMar-Tc1 RBRM:Tc1-1_TCa cds_range:303-1314 [Tribolium castaneum]
Tc1-1_Xt_tp	TcMar	DNA/TcMar-Tc1	340	Tc1-1_Xt_tp#DNA/TcMar-Tc1 RBRM:Tc1-1_Xt cds_range:393-1413 [Xenopus subgenus]
Tc1-1Ory_tp	TcMar	DNA/TcMar-Tc1	338	Tc1-1Ory_tp#DNA/TcMar-Tc1 RBRM:Tc1-1Ory frameshifts:1 stops:3 cds_range:367-1380 [Oryzias latipes]
Tc1-2_FR_tp	TcMar	DNA/TcMar-Tc1	279	Tc1-2_FR_tp#DNA/TcMar-Tc1 RBRM:Tc1-2_FR cds_range:321-1158 [Takifugu rubripes]
Tc1-2_GA_tp	TcMar	DNA/TcMar-Tc1	340	Tc1-2_GA_tp#DNA/TcMar-Tc1 RBRM:Tc1-2_GA cds_range:387-1407 [Gasterosteus aculeatus]
Tc1-2_Lch_tp	TcMar	DNA/TcMar-Tc1	375	Tc1-2_Lch_tp#DNA/TcMar-Tc1 RBRM:Tc1-2_Lch cds_range:221-1346 [Latimeria chalumnae]
Tc1-2_PM_tp	TcMar	DNA/TcMar-Tc1	334	Tc1-2_PM_tp#DNA/TcMar-Tc1 RBRM:Tc1-2_PM cds_range:385-1387 [Petromyzon marinus]
Tc1-2_SSa_tp	TcMar	DNA/TcMar-Tc1	316	Tc1-2_SSa_tp#DNA/TcMar-Tc1 RBRM:Tc1-2_SSa cds_range:414-1362 [Salmo salar]
Tc1-2_Xt_tp	TcMar	DNA/TcMar-Tc1	325	Tc1-2_Xt_tp#DNA/TcMar-Tc1 RBRM:Tc1-2_Xt frameshifts:1 cds_range:328-1302 ; probably has short deletion with respect to autonomous element. [Xenopus (silurana) tropicalis]
Tc1-2Ory_tp	TcMar	DNA/TcMar-Tc1	286	Tc1-2Ory_tp#DNA/TcMar-Tc1 RBRM:Tc1-2Ory frameshifts:2 stops:2 cds_range:381-1243 (ca. 50 AA missing internally) [Oryzias latipes]
Tc1-3_GA_tp	TcMar	DNA/TcMar-Tc1	340	Tc1-3_GA_tp#DNA/TcMar-Tc1 RBRM:Tc1-3_GA cds_range:399-1419 [Gasterosteus aculeatus]
Tc1-3_Xt_tp	TcMar	DNA/TcMar-Tc1	340	Tc1-3_Xt_tp#DNA/TcMar-Tc1 RBRM:Tc1-3_Xt cds_range:365-1385 Tc1-3_FR in Fugu 82% identical. [Xenopus (silurana) tropicalis]
Tc1-3Ory_tp	TcMar	DNA/TcMar-Tc1	334	Tc1-3Ory_tp#DNA/TcMar-Tc1 RBRM:Tc1-3Ory frameshifts:5 stops:1 cds_range:199-1199 [Oryzias latipes]
Tc1-4_Xt_tp	TcMar	DNA/TcMar-Tc1	340	Tc1-4_Xt_tp#DNA/TcMar-Tc1 RBRM:Tc1-4_Xt cds_range:357-1377 [Xenopus (silurana) tropicalis]
Tc1-4Ory_tp	TcMar	DNA/TcMar-Tc1	339	Tc1-4Ory_tp#DNA/TcMar-Tc1 RBRM:Tc1-4Ory frameshifts:1 stops:1 cds_range:136-1151 Probably over 90% similar to Fugu Tc1_FR1 [Oryzias latipes]
Tc1-5_Xt_tp	TcMar	DNA/TcMar-Tc1	340	Tc1-5_Xt_tp#DNA/TcMar-Tc1 RBRM:Tc1-5_Xt cds_range:351-1371 [Xenopus (silurana) tropicalis]
Tc1-6_Xt_tp	TcMar	DNA/TcMar-Tc1	346	Tc1-6_Xt_tp#DNA/TcMar-Tc1 RBRM:Tc1DR3_Xt cds_range:153-1191 [Xenopus (silurana) tropicalis]
Tc1-7_Xt_tp	TcMar	DNA/TcMar-Tc1	337	Tc1-7_Xt_tp#DNA/TcMar-Tc1 RBRM:Tc1-7_Xt cds_range:368-1379 [Xenopus genus]
Tc1-8_Xt_tp	TcMar	DNA/TcMar-Tc1	340	Tc1-8_Xt_tp#DNA/TcMar-Tc1 RBRM:Tc1-8_Xt cds_range:399-1419 [Xenopus (silurana) tropicalis]
Tc1-9_Xt_tp	TcMar	DNA/TcMar-Tc1	345	Tc1-9_Xt_tp#DNA/TcMar-Tc1 RBRM:Tc1-9_Xt cds_range:361-1396 TXZ19 near-identical [Xenopus (silurana) tropicalis]
Tc1-10_Xt_tp	TcMar	DNA/TcMar-Tc1	339	Tc1-10_Xt_tp#DNA/TcMar-Tc1 RBRM:Tc1-10_Xt cds_range:369-1386 [Xenopus (silurana) tropicalis]
Tc1-11_AFC_tp	TcMar	DNA/TcMar-Tc1	352	Tc1-11_AFC_tp#DNA/TcMar-Tc1 RBRM:Tc1-11_AFC frameshifts:1 cds_range:297-1354 via tfasty with Mariner-68_HSal [Cichlidae]
Tc1-11_Xt_tp	TcMar	DNA/TcMar-Tc1	339	Tc1-11_Xt_tp#DNA/TcMar-Tc1 RBRM:Tc1-11_Xt cds_range:394-1411 [Xenopus (silurana) tropicalis]
Tc1-12_Xt_tp	TcMar	DNA/TcMar-Tc1	339	Tc1-12_Xt_tp#DNA/TcMar-Tc1 RBRM:Tc1-12_Xt cds_range:389-1406 [Xenopus (silurana) tropicalis]
Tc1-13_Xt_tp	TcMar	DNA/TcMar-Tc1	340	Tc1-13_Xt_tp#DNA/TcMar-Tc1 RBRM:Tc1-13_Xt cds_range:380-1400 [Xenopus (silurana) tropicalis]
Tc1-14_Xt_tp	TcMar	DNA/TcMar-Tc1	343	Tc1-14_Xt_tp#DNA/TcMar-Tc1 RBRM:Tc1-14_Xt cds_range:361-1390 [Xenopus (silurana) tropicalis]
Tc1-15_Xt_tp	TcMar	DNA/TcMar-Tc1	341	Tc1-15_Xt_tp#DNA/TcMar-Tc1 RBRM:Tc1-15_Xt cds_range:297-1320 [Xenopus (silurana) tropicalis]
Tc1-16_Xt_tp	TcMar	DNA/TcMar-Tc1	344	Tc1-16_Xt_tp#DNA/TcMar-Tc1 RBRM:Tc1-16_Xt cds_range:382-1414 [Xenopus (silurana) tropicalis]
Tc1-17_Xt_tp	TcMar	DNA/TcMar-Tc1	349	Tc1-17_Xt_tp#DNA/TcMar-Tc1 RBRM:Tc1-17_Xt cds_range:331-1378 [Xenopus (silurana) tropicalis]
Tc1_Ele13_tp	TcMar	DNA/TcMar-Tc1	341	Tc1_Ele13_tp#DNA/TcMar-Tc1 RBRM:Tc1_Ele13 cds_range:392-1480 exons:392-962;1027-1480 [Aedes aegypti]
Tc1_FR1_tp	TcMar	DNA/TcMar-Tc1	346	Tc1_FR1_tp#DNA/TcMar-Tc1 RBRM:TC1_FR1 cds_range:147-1185 [Takifugu]
Tc1_FR2_tp	TcMar	DNA/TcMar-Tc1	341	Tc1_FR2_tp#DNA/TcMar-Tc1 RBRM:TC1_FR2 cds_range:318-1341 [Takifugu]
Tc1_FR3_tp	TcMar	DNA/TcMar-Tc1	343	Tc1_FR3_tp#DNA/TcMar-Tc1 RBRM:TC1_FR3 frameshifts:1 cds_range:135-1163 wised with Tc1_FR1 very similar (over 90% identical) TC1DR3 excluded from protein db [Takifugu]
Tc1_FR4_tp	TcMar	DNA/TcMar-Tc1	333	Tc1_FR4_tp#DNA/TcMar-Tc1 RBRM:TC1_FR4 cds_range:401-1400 [Takifugu]
Tc1_FR5_tp	TcMar	DNA/TcMar-Tc1	334	Tc1_FR5_tp#DNA/TcMar-Tc1 RBRM:TC1_FR5 frameshifts:1 cds_range:218-1221 wised with Tc3 [Takifugu]
Tc1_HC_tp	TcMar	DNA/TcMar-Tc1	341	Tc1_HC_tp#DNA/TcMar-Tc1 RBRM:TC1_HC stops:7 cds_range:290-1313 wised with TCB2 [Haemonchus contortus]
Tc1_RT_tp	TcMar	DNA/TcMar-Tc1	340	Tc1_RT_tp#DNA/TcMar-Tc1 RBRM:TC1_RT frameshifts:2 stops:2 cds_range:426-1449 wised with Tc1_FR4 [Rana temporaria]
Tc1_TF_tp	TcMar	DNA/TcMar-Tc1	340	Tc1_TF_tp#DNA/TcMar-Tc1 RBRM:TC1_TF cds_range:388-1408 very similar (over 90% identical) TC1L_SS excluded from protein db [Salmo salar]
Tc1_XL_tp	TcMar	DNA/TcMar-Tc1	328	Tc1_XL_tp#DNA/TcMar-Tc1 RBRM:TC1_XL cds_range:198-1182 (misses N term) [Xenopus subgenus]
TCB1_tp	TcMar	DNA/TcMar-Tc1	343	TCB1_tp#DNA/TcMar-Tc1 RBRM:TCB1 cds_range:276-1348 exons:276-431;474-1348 wised with genewise (one intron) and TCB2 [Caenorhabditis briggsae]
TCB2_tp	TcMar	DNA/TcMar-Tc1	342	TCB2_tp#DNA/TcMar-Tc1 RBRM:TCB2 cds_range:276-1344 exons:276-428;470-1344 wised with genewise (one intron) and Mariner36 [Caenorhabditis briggsae]
TguTc1_tp	TcMar	DNA/TcMar-Tc1	340	TguTc1_tp#DNA/TcMar-Tc1 RBRM:Tc1-1_PM cds_range:368-1388 [Taeniopygia guttata]
TSESSEBEII_tp	TcMar	DNA/TcMar-Tc1	316	TSESSEBEII_tp#DNA/TcMar-Tc1 RBRM:TSESSEBEII frameshifts:1 cds_range:703-1652 via tfasty with Tc1-1_AG_272-1270 [Anopheles gambiae]
Tx_mos_tp	TcMar	DNA/TcMar-Tc1	336	Tx_mos_tp#DNA/TcMar-Tc1 RBRM:Tx_mos cds_range:159-1167 [Toxorhynchites amboinensis]
Uhu_DAn_tp	TcMar	DNA/TcMar-Tc1	340	Uhu_DAn_tp#DNA/TcMar-Tc1 RBRM:Uhu_DAn frameshifts:2 stops:2 cds_range:373-1391 via tfasty with UHU_tp [Drosophila ananassae]
UHU_tp	TcMar	DNA/TcMar-Tc1	338	UHU_tp#DNA/TcMar-Tc1 RBRM:UHU frameshifts:2 stops:2 cds_range:362-1378 via tfasty with Mariner-10_DBp_tp [Drosophila fruit fly genus]
Kanga_Mdo_tp	TcMar	DNA/TcMar-Tc2	253	Kanga_Mdo_tp#DNA/TcMar-Tc2 RBRM:Kanga_Mdo cds_range:155-914 [Didelphidae]
Mariner22_CB_tp	TcMar	DNA/TcMar-Tc2	482	Mariner22_CB_tp#DNA/TcMar-Tc2 RBRM:Mariner22_CB frameshifts:3 stops:1 cds_range:475-1922 wised with Tc2_FR5  [Caenorhabditis briggsae]
Mariner-1_PR_tp	TcMar	DNA/TcMar-Tc2	486	Mariner-1_PR_tp#DNA/TcMar-Tc2 RBRM:Mariner-1_PR cds_range:197-1655 [Phytophthora ramorum]
Mariner-1_XT_tp	TcMar	DNA/TcMar-Tc2	451	Mariner-1_XT_tp#DNA/TcMar-Tc2 RBRM:Mariner-1_XT cds_range:80-1433 [Xenopus (silurana) tropicalis]
Mariner-2_XT_tp	TcMar	DNA/TcMar-Tc2	454	Mariner-2_XT_tp#DNA/TcMar-Tc2 RBRM:Mariner-2_XT cds_range:763-2125 [Xenopus (silurana) tropicalis]
Mariner-3_ACar_tp	TcMar	DNA/TcMar-Tc2	423	Mariner-3_ACar_tp#DNA/TcMar-Tc2 RBRM:Mariner-3_ACar cds_range:943-2212 [Anolis carolinensis]
Mariner-3_CPB_tp	TcMar	DNA/TcMar-Tc2	397	Mariner-3_CPB_tp#DNA/TcMar-Tc2 RBRM:Mariner-3_CPB cds_range:986-2177 [Chrysemys picta bellii]
Mariner-3_PI_tp	TcMar	DNA/TcMar-Tc2	612	Mariner-3_PI_tp#DNA/TcMar-Tc2 RBRM:Mariner-3_PI cds_range:161-1997 [Phytophthora infestans]
Mariner-3_XT_tp	TcMar	DNA/TcMar-Tc2	431	Mariner-3_XT_tp#DNA/TcMar-Tc2 RBRM:Mariner-3_XT frameshifts:1 cds_range:170-1464 via tfasty with SMAR6 [Xenopus (silurana) tropicalis]
Mariner-4_PI_tp	TcMar	DNA/TcMar-Tc2	569	Mariner-4_PI_tp#DNA/TcMar-Tc2 RBRM:Mariner-4_PI cds_range:280-1987 [Phytophthora infestans]
Mariner-4_PR_tp	TcMar	DNA/TcMar-Tc2	520	Mariner-4_PR_tp#DNA/TcMar-Tc2 RBRM:Mariner-4_PR cds_range:297-1857 [Phytophthora ramorum]
Mariner-4_XT_tp	TcMar	DNA/TcMar-Tc2	433	Mariner-4_XT_tp#DNA/TcMar-Tc2 RBRM:Mariner-4_XT cds_range:1029-2328 [Xenopus (silurana) tropicalis]
Mariner-5_HM_tp	TcMar	DNA/TcMar-Tc2	628	Mariner-5_HM_tp#DNA/TcMar-Tc2 RBRM:Mariner-5_HM cds_range:220-2104 [Hydra vulgaris]
Mariner-5_LCh_tp	TcMar	DNA/TcMar-Tc2	388	Mariner-5_LCh_tp#DNA/TcMar-Tc2 RBRM:Mariner-5_LCh cds_range:536-1700 [Latimeria chalumnae]
Mariner-5_XT_tp	TcMar	DNA/TcMar-Tc2	429	Mariner-5_XT_tp#DNA/TcMar-Tc2 RBRM:Mariner-5_XT cds_range:303-1590 [Xenopus (silurana) tropicalis]
Mariner-6_AMi_tp	TcMar	DNA/TcMar-Tc2	431	Mariner-6_AMi_tp#DNA/TcMar-Tc2 RBRM:Mariner-6_AMi cds_range:655-1948 [Alligatorinae]
Mariner-6_HM_tp	TcMar	DNA/TcMar-Tc2	612	Mariner-6_HM_tp#DNA/TcMar-Tc2 RBRM:Mariner-6_HM cds_range:501-2337 [Hydra vulgaris]
Mariner-6_XT_tp	TcMar	DNA/TcMar-Tc2	425	Mariner-6_XT_tp#DNA/TcMar-Tc2 RBRM:Mariner-6_XT frameshifts:1 stops:1 cds_range:990-2266 via tfasty with SMAR22 [Xenopus (silurana) tropicalis]
Mariner-6B_AMi_tp	TcMar	DNA/TcMar-Tc2	419	Mariner-6B_AMi_tp#DNA/TcMar-Tc2 RBRM:Mariner-6B_AMi cds_range:389-1646 [Alligatorinae]
Mariner-7_PI_tp	TcMar	DNA/TcMar-Tc2	570	Mariner-7_PI_tp#DNA/TcMar-Tc2 RBRM:Mariner-7_PI cds_range:272-1982 [Phytophthora infestans]
Mariner-8_PI_tp	TcMar	DNA/TcMar-Tc2	463	Mariner-8_PI_tp#DNA/TcMar-Tc2 RBRM:Mariner-8_PI cds_range:154-1543 [Phytophthora infestans]
Mariner-9_Crp_tp	TcMar	DNA/TcMar-Tc2	435	Mariner-9_Crp_tp#DNA/TcMar-Tc2 RBRM:Mariner-9_Crp cds_range:251-1556 [Crocodylia]
Mariner-10_Crp_tp	TcMar	DNA/TcMar-Tc2	659	Mariner-10_Crp_tp#DNA/TcMar-Tc2 RBRM:Mariner-10_Crp stops:3 cds_range:438-2415 via tfasty with Kanga1_tp [Crocodylia]
Mariner-14_SM_tp	TcMar	DNA/TcMar-Tc2	432	Mariner-14_SM_tp#DNA/TcMar-Tc2 RBRM:Mariner-14_SM cds_range:220-1516 [Schmidtea mediterranea]
Mariner-17_SM_tp	TcMar	DNA/TcMar-Tc2	429	Mariner-17_SM_tp#DNA/TcMar-Tc2 RBRM:Mariner-17_SM cds_range:222-1509 [Schmidtea mediterranea]
Mariner-21_LCh_tp	TcMar	DNA/TcMar-Tc2	476	Mariner-21_LCh_tp#DNA/TcMar-Tc2 RBRM:Mariner-21_LCh cds_range:211-1639 [Latimeria chalumnae]
Mariner-24_SM_tp	TcMar	DNA/TcMar-Tc2	443	Mariner-24_SM_tp#DNA/TcMar-Tc2 RBRM:Mariner-24_SM cds_range:243-1572 [Schmidtea mediterranea]
Mariner-28_SM_tp	TcMar	DNA/TcMar-Tc2	373	Mariner-28_SM_tp#DNA/TcMar-Tc2 RBRM:Mariner-28_SM cds_range:270-1389 [Schmidtea mediterranea]
Mariner-28_SSa_tp	TcMar	DNA/TcMar-Tc2	436	Mariner-28_SSa_tp#DNA/TcMar-Tc2 RBRM:Mariner-28_SSa cds_range:290-1598 [Salmo salar]
Mariner-30_CGi_tp	TcMar	DNA/TcMar-Tc2	341	Mariner-30_CGi_tp#DNA/TcMar-Tc2 RBRM:Mariner-30_CGi cds_range:832-1855 [Crassostrea gigas]
Mariner-40_HM_tp	TcMar	DNA/TcMar-Tc2	665	Mariner-40_HM_tp#DNA/TcMar-Tc2 RBRM:Mariner-40_HM cds_range:577-2572 [Hydra vulgaris]
SMAR6_tp	TcMar	DNA/TcMar-Tc2	431	SMAR6_tp#DNA/TcMar-Tc2 RBRM:SMAR6 cds_range:287-1580 [Schmidtea mediterranea]
SMAR8_tp	TcMar	DNA/TcMar-Tc2	575	SMAR8_tp#DNA/TcMar-Tc2 RBRM:SMAR8 frameshifts:1 cds_range:585-2309 via tfasty with Tc2_FR5_tp [Schmidtea mediterranea]
SMAR12_tp	TcMar	DNA/TcMar-Tc2	427	SMAR12_tp#DNA/TcMar-Tc2 RBRM:SMAR12 stops:1 cds_range:283-1564 via tfasty with Tc2_FR4_tp, Probably over 85% similar to Tc2_FR4_tp in Fugu.  [Schmidtea mediterranea]
SMAR14_tp	TcMar	DNA/TcMar-Tc2	446	SMAR14_tp#DNA/TcMar-Tc2 RBRM:SMAR14 cds_range:203-1541 [Schmidtea mediterranea]
SMAR22_tp	TcMar	DNA/TcMar-Tc2	441	SMAR22_tp#DNA/TcMar-Tc2 RBRM:SMAR22 cds_range:254-1577 [Schmidtea mediterranea]
SMAR24_tp	TcMar	DNA/TcMar-Tc2	595	SMAR24_tp#DNA/TcMar-Tc2 RBRM:SMAR24 cds_range:611-2396 [Schmidtea mediterranea]
Tc2_FR1_tp	TcMar	DNA/TcMar-Tc2	376	Tc2_FR1_tp#DNA/TcMar-Tc2 RBRM:TC2_FR1 frameshifts:3 stops:1 cds_range:248-1378 wised with Tc2_FR5 [Takifugu]
Tc2_FR4_tp	TcMar	DNA/TcMar-Tc2	415	Tc2_FR4_tp#DNA/TcMar-Tc2 RBRM:TC2_FR4 frameshifts:1 stops:1 cds_range:221-1464 wised with Tc2_FR5 [Takifugu]
Tc2_FR5_tp	TcMar	DNA/TcMar-Tc2	449	Tc2_FR5_tp#DNA/TcMar-Tc2 RBRM:TC2_FR5 cds_range:207-1554 [Takifugu]
Tc2_FR6_tp	TcMar	DNA/TcMar-Tc2	363	Tc2_FR6_tp#DNA/TcMar-Tc2 RBRM:TC2_FR6 frameshifts:2 cds_range:268-1357 wised with Tc2_FR5 [Takifugu]
Mariner3-1_CFl_tp	TcMar	DNA/TcMar-Tc4	525	Mariner3-1_CFl_tp#DNA/TcMar-Tc4 RBRM:Mariner3-1_CFl cds_range:1598-3173 [Camponotus floridanus]
Mariner3-1_HSal_tp	TcMar	DNA/TcMar-Tc4	530	Mariner3-1_HSal_tp#DNA/TcMar-Tc4 RBRM:Mariner3-1_HSal cds_range:1023-2613 [Harpegnathos saltator]
Mariner3-1_LMi_tp	TcMar	DNA/TcMar-Tc4	533	Mariner3-1_LMi_tp#DNA/TcMar-Tc4 RBRM:Mariner3-1_LMi cds_range:576-2175 [Locusta migratoria]
Mariner3-3_HSal_tp	TcMar	DNA/TcMar-Tc4	388	Mariner3-3_HSal_tp#DNA/TcMar-Tc4 RBRM:Mariner3-3_HSal cds_range:2126-3290 [Harpegnathos saltator]
Mariner3-3_LMi_tp	TcMar	DNA/TcMar-Tc4	597	Mariner3-3_LMi_tp#DNA/TcMar-Tc4 RBRM:Mariner3-3_LMi cds_range:677-2586 exons:677-1342;1460-2586 via genewise with Mariner3-1_CFl [Locusta migratoria]
Mariner3-7_LMi_tp	TcMar	DNA/TcMar-Tc4	539	Mariner3-7_LMi_tp#DNA/TcMar-Tc4 RBRM:Mariner3-7_LMi cds_range:470-2087 [Locusta migratoria]
Mariner45_CB_tp	TcMar	DNA/TcMar-Tc4	585	Mariner45_CB_tp#DNA/TcMar-Tc4 RBRM:MARINER45_CB frameshifts:1 stops:2 cds_range:459-2213 via tfasty with NP_501949_tp [Caenorhabditis briggsae]
Mariner-5_LHu_tp	TcMar	DNA/TcMar-Tc4	532	Mariner-5_LHu_tp#DNA/TcMar-Tc4 RBRM:Mariner-5_LHu frameshifts:1 cds_range:851-2448 via tfasty with Mariner3-1_HSal [Linepithema humile]
Mariner-7_LHu_tp	TcMar	DNA/TcMar-Tc4	563	Mariner-7_LHu_tp#DNA/TcMar-Tc4 RBRM:Mariner-7_LHu cds_range:731-2526 exons:731-1571;1677-2526 via genewise with Mariner-36_SIn [Linepithema humile]
Mariner-15_AEc_tp	TcMar	DNA/TcMar-Tc4	526	Mariner-15_AEc_tp#DNA/TcMar-Tc4 RBRM:Mariner-15_AEc cds_range:708-2286 [Acromyrmex echinatior]
Mariner-34_SIn_tp	TcMar	DNA/TcMar-Tc4	399	Mariner-34_SIn_tp#DNA/TcMar-Tc4 RBRM:Mariner-34_SIn cds_range:1264-2461 [Solenopsis invicta]
Mariner-36_SIn_tp	TcMar	DNA/TcMar-Tc4	528	Mariner-36_SIn_tp#DNA/TcMar-Tc4 RBRM:Mariner-36_SIn cds_range:1059-2643 [Solenopsis invicta]
Mariner-1_CPB_tp	TcMar	DNA/TcMar-Tigger	567	Mariner-1_CPB_tp#DNA/TcMar-Tigger RBRM:Mariner-1_CPB cds_range:213-1914 [Chrysemys picta bellii]
Mariner-1_Crp_tp	TcMar	DNA/TcMar-Tigger	596	Mariner-1_Crp_tp#DNA/TcMar-Tigger RBRM:Mariner-1_Crp cds_range:822-2610 [Crocodylia]
Mariner-1_PM_tp	TcMar	DNA/TcMar-Tigger	603	Mariner-1_PM_tp#DNA/TcMar-Tigger RBRM:Mariner-1_PM cds_range:286-2095 [Petromyzon marinus]
Mariner-2_ACar_tp	TcMar	DNA/TcMar-Tigger	532	Mariner-2_ACar_tp#DNA/TcMar-Tigger RBRM:Mariner-2_ACar cds_range:1290-2886 [Anolis carolinensis]
Mariner-2_AMi_tp	TcMar	DNA/TcMar-Tigger	492	Mariner-2_AMi_tp#DNA/TcMar-Tigger RBRM:Mariner-2_AMi cds_range:586-2062 [Crocodylia]
Mariner-2_CPB_tp	TcMar	DNA/TcMar-Tigger	526	Mariner-2_CPB_tp#DNA/TcMar-Tigger RBRM:Mariner-2_CPB cds_range:1489-3067 [Chrysemys picta bellii]
Mariner-2_Crp_tp	TcMar	DNA/TcMar-Tigger	546	Mariner-2_Crp_tp#DNA/TcMar-Tigger RBRM:Mariner-2_Crp cds_range:384-2022 [Crocodylia]
Mariner-2_LCh_tp	TcMar	DNA/TcMar-Tigger	556	Mariner-2_LCh_tp#DNA/TcMar-Tigger RBRM:Mariner-2_LCh cds_range:244-1912 [Latimeria chalumnae]
Mariner-2_PM_tp	TcMar	DNA/TcMar-Tigger	464	Mariner-2_PM_tp#DNA/TcMar-Tigger RBRM:Mariner-2_PM cds_range:287-1679 [Petromyzon marinus]
Mariner-3_Crp_tp	TcMar	DNA/TcMar-Tigger	627	Mariner-3_Crp_tp#DNA/TcMar-Tigger RBRM:Mariner-3_Crp cds_range:121-2002 [Crocodylia]
Mariner-3_LCh_tp	TcMar	DNA/TcMar-Tigger	482	Mariner-3_LCh_tp#DNA/TcMar-Tigger RBRM:Mariner-3_LCh cds_range:437-1883 [Latimeria chalumnae]
Mariner-3_PM_tp	TcMar	DNA/TcMar-Tigger	571	Mariner-3_PM_tp#DNA/TcMar-Tigger RBRM:Mariner-3_PM cds_range:2-1715 [Petromyzon marinus]
Mariner-4_AMi_tp	TcMar	DNA/TcMar-Tigger	550	Mariner-4_AMi_tp#DNA/TcMar-Tigger RBRM:Mariner-4_AMi cds_range:87-1737 [Alligatorinae]
Mariner-4_Crp_tp	TcMar	DNA/TcMar-Tigger	597	Mariner-4_Crp_tp#DNA/TcMar-Tigger RBRM:Tigger10_Croc cds_range:344-2135 [Crocodylidae]
Mariner-5_AMi_tp	TcMar	DNA/TcMar-Tigger	608	Mariner-5_AMi_tp#DNA/TcMar-Tigger RBRM:Mariner-5_AMi frameshifts:1 cds_range:250-2073 via tfasty with SMAR11 [Crocodylia]
Mariner-5_CPB_tp	TcMar	DNA/TcMar-Tigger	440	Mariner-5_CPB_tp#DNA/TcMar-Tigger RBRM:Mariner-5_CPB cds_range:564-1884 [Chrysemys picta bellii]
Mariner-5_SM_tp	TcMar	DNA/TcMar-Tigger	545	Mariner-5_SM_tp#DNA/TcMar-Tigger RBRM:Mariner-5_SM cds_range:418-2053 [Schmidtea mediterranea]
Mariner-6_Crp_tp	TcMar	DNA/TcMar-Tigger	603	Mariner-6_Crp_tp#DNA/TcMar-Tigger RBRM:Mariner-6_Crp cds_range:239-2048 [Crocodylia]
Mariner-7_CPB_tp	TcMar	DNA/TcMar-Tigger	559	Mariner-7_CPB_tp#DNA/TcMar-Tigger RBRM:Mariner-7_CPB cds_range:759-2436 [Chrysemys picta bellii]
Mariner-7_Croc_tp	TcMar	DNA/TcMar-Tigger	591	Mariner-7_Croc_tp#DNA/TcMar-Tigger RBRM:Mariner-7_Croc frameshifts:1 cds_range:245-2019 [Crocodylia]
Mariner-7_Crp_tp	TcMar	DNA/TcMar-Tigger	595	Mariner-7_Crp_tp#DNA/TcMar-Tigger RBRM:Mariner-7_Croc cds_range:194-1979 [Crocodylidae]
Mariner-7_LCh_tp	TcMar	DNA/TcMar-Tigger	540	Mariner-7_LCh_tp#DNA/TcMar-Tigger RBRM:Mariner-7_LCh cds_range:339-1959 [Latimeria chalumnae]
Mariner-8_Crp_tp	TcMar	DNA/TcMar-Tigger	554	Mariner-8_Crp_tp#DNA/TcMar-Tigger RBRM:Mariner-8_Crp frameshifts:4 cds_range:183-1845 via tfasty with Tigger17_tp [Crocodylia]
Mariner-10_LCh_tp	TcMar	DNA/TcMar-Tigger	524	Mariner-10_LCh_tp#DNA/TcMar-Tigger RBRM:Mariner-10_LCh cds_range:432-2004 [Latimeria chalumnae]
Mariner-11_RPr_tp	TcMar	DNA/TcMar-Tigger	531	Mariner-11_RPr_tp#DNA/TcMar-Tigger RBRM:Mariner-11_RPr cds_range:382-1975 [Rhodnius prolixus]
Mariner-18_LCh_tp	TcMar	DNA/TcMar-Tigger	583	Mariner-18_LCh_tp#DNA/TcMar-Tigger RBRM:Mariner-18_LCh cds_range:206-1955 [Latimeria chalumnae]
Mariner-19_LCh_tp	TcMar	DNA/TcMar-Tigger	658	Mariner-19_LCh_tp#DNA/TcMar-Tigger RBRM:Mariner-19_LCh cds_range:239-2213 [Latimeria chalumnae]
Mariner-21_SM_tp	TcMar	DNA/TcMar-Tigger	480	Mariner-21_SM_tp#DNA/TcMar-Tigger RBRM:Mariner-21_SM cds_range:689-2129 [Schmidtea mediterranea]
Mariner-22_LCh_tp	TcMar	DNA/TcMar-Tigger	359	Mariner-22_LCh_tp#DNA/TcMar-Tigger RBRM:Mariner-22_LCh cds_range:1433-2510 [Latimeria chalumnae]
Mariner-24_LCh_tp	TcMar	DNA/TcMar-Tigger	549	Mariner-24_LCh_tp#DNA/TcMar-Tigger RBRM:Mariner-24_LCh cds_range:190-1837 [Latimeria chalumnae]
Mariner-27_SM_tp	TcMar	DNA/TcMar-Tigger	506	Mariner-27_SM_tp#DNA/TcMar-Tigger RBRM:Mariner-27_SM cds_range:188-1706 [Schmidtea mediterranea]
Mariner-29_SM_tp	TcMar	DNA/TcMar-Tigger	574	Mariner-29_SM_tp#DNA/TcMar-Tigger RBRM:Mariner-29_SM cds_range:465-2187 [Schmidtea mediterranea]
Mariner-30_SM_tp	TcMar	DNA/TcMar-Tigger	584	Mariner-30_SM_tp#DNA/TcMar-Tigger RBRM:Mariner-30_SM cds_range:244-1996 [Schmidtea mediterranea]
Mariner-31_SM_tp	TcMar	DNA/TcMar-Tigger	510	Mariner-31_SM_tp#DNA/TcMar-Tigger RBRM:Mariner-31_SM cds_range:585-2115 [Schmidtea mediterranea]
Mariner-33_SM_tp	TcMar	DNA/TcMar-Tigger	547	Mariner-33_SM_tp#DNA/TcMar-Tigger RBRM:Mariner-33_SM cds_range:278-1919 [Schmidtea mediterranea]
Mariner-37_SM_tp	TcMar	DNA/TcMar-Tigger	555	Mariner-37_SM_tp#DNA/TcMar-Tigger RBRM:Mariner-37_SM cds_range:248-1913 [Schmidtea mediterranea]
Mariner-38_SM_tp	TcMar	DNA/TcMar-Tigger	556	Mariner-38_SM_tp#DNA/TcMar-Tigger RBRM:Mariner-38_SM cds_range:288-1956 [Schmidtea mediterranea]
Mariner-103_CCri_tp	TcMar	DNA/TcMar-Tigger	587	Mariner-103_CCri_tp#DNA/TcMar-Tigger RBRM:Mariner-103_CCri cds_range:256-2017 [Chondrus crispus]
Mariner-132_CCri_tp	TcMar	DNA/TcMar-Tigger	669	Mariner-132_CCri_tp#DNA/TcMar-Tigger RBRM:Mariner-132_CCri cds_range:53-2060 [Chondrus crispus]
MarsTigger1c_tp	TcMar	DNA/TcMar-Tigger	436	MarsTigger1c_tp#DNA/TcMar-Tigger RBRM:MarsTigger1c cds_range:502-1810 [Metatheria]
MarsTigger6_tp	TcMar	DNA/TcMar-Tigger	560	MarsTigger6_tp#DNA/TcMar-Tigger RBRM:MarsTigger6 cds_range:253-1933 [Metatheria]
MarsTigger8_tp	TcMar	DNA/TcMar-Tigger	542	MarsTigger8_tp#DNA/TcMar-Tigger RBRM:MarsTigger8 cds_range:321-1947 [Metatheria]
SMAR2_tp	TcMar	DNA/TcMar-Tigger	578	SMAR2_tp#DNA/TcMar-Tigger RBRM:SMAR2 cds_range:224-1958 [Schmidtea mediterranea]
SMAR9_tp	TcMar	DNA/TcMar-Tigger	559	SMAR9_tp#DNA/TcMar-Tigger RBRM:SMAR9 cds_range:505-2182 [Schmidtea mediterranea]
SMAR11_tp	TcMar	DNA/TcMar-Tigger	567	SMAR11_tp#DNA/TcMar-Tigger RBRM:SMAR11 frameshifts:2 stops:1 cds_range:540-2239 via tfasty with Tigger1_tp [Schmidtea mediterranea]
SMAR13_tp	TcMar	DNA/TcMar-Tigger	571	SMAR13_tp#DNA/TcMar-Tigger RBRM:SMAR13 cds_range:1149-2862 77% similar to Fugu Tiggu2  [Schmidtea mediterranea]
SMAR15_tp	TcMar	DNA/TcMar-Tigger	585	SMAR15_tp#DNA/TcMar-Tigger RBRM:SMAR15 frameshifts:2 stops:1 cds_range:317-2070 via tfasty with Tigger10_tp [Schmidtea mediterranea]
SMAR16_tp	TcMar	DNA/TcMar-Tigger	615	SMAR16_tp#DNA/TcMar-Tigger RBRM:SMAR16 stops:1 cds_range:412-2257 via tfasty with Tigger5_tp [Schmidtea mediterranea]
SMAR18_tp	TcMar	DNA/TcMar-Tigger	607	SMAR18_tp#DNA/TcMar-Tigger RBRM:SMAR18 frameshifts:2 cds_range:498-2317 via tfasty with Tigger3_tp [Schmidtea mediterranea]
SMAR25_tp	TcMar	DNA/TcMar-Tigger	559	SMAR25_tp#DNA/TcMar-Tigger RBRM:SMAR25 cds_range:513-2190 (may miss bit of C term)  [Schmidtea mediterranea]
SMAR28_tp	TcMar	DNA/TcMar-Tigger	561	SMAR28_tp#DNA/TcMar-Tigger RBRM:SMAR28 cds_range:342-2025 [Schmidtea mediterranea]
Tigger10_Croc_tp	TcMar	DNA/TcMar-Tigger	597	Tigger10_Croc_tp#DNA/TcMar-Tigger RBRM:Tigger10_Croc cds_range:344-2135 [Crocodylia]
Tigger10_Monotr	TcMar	DNA/TcMar-Tigger	600	Tigger10_Monotr#DNA/TcMar-Tigger RBRM:Tigger10_Monotr cds_range:278-2078 [Monotremata]
Tigger10_Turtle_tp	TcMar	DNA/TcMar-Tigger	601	Tigger10_Turtle_tp#DNA/TcMar-Tigger RBRM:Tigger10_Turtle cds_range:300-2103 (over 92% similar to Tigger10_Monotr_tp in monotremes; distribution just a guess) [Durocryptodira]
Tiggu2_tp	TcMar	DNA/TcMar-Tigger	533	Tiggu2_tp#DNA/TcMar-Tigger RBRM:Tiggu2 frameshifts:1 stops:1 cds_range:334-1932 wised with Tigger3 & 5 [Takifugu]
Sagan-1_MLP_tp	TcMar	DNA/TcMar-Sagan	857	Sagan-1_MLP_tp#DNA/TcMar-Sagan RBRM:Sagan-1_MLP frameshifts:2 cds_range:196-3257 exons:196-605;636-3257 via genewise with Sagan-2_MLP. Sagan-4_MLP very similar [Melampsora larici-populina]
Zator-1_AA	Zator	DNA/Zator	782	Zator-1_AA#DNA/Zator RBRM:Zator-1_AA cds_range:1237-3641 exons:1237-2637;2695-3641 via genewise with Zator-2_HM#DNA/Zator [Aedes aegypti]
Zator-1_BF	Zator	DNA/Zator	1132	Zator-1_BF#DNA/Zator RBRM:Zator-1_BF cds_range:253-4984 exons:253-627;1196-1345;1523-4139;4407-4582;4902-4984 Via genscan,. [Branchiostoma floridae]
Zator-1_CGi_tp	Zator	DNA/Zator	971	Zator-1_CGi_tp#DNA/Zator RBRM:Zator-1_CGi cds_range:147-3060 [Crassostrea gigas]
Zator-1_CP	Zator	DNA/Zator	794	Zator-1_CP#DNA/Zator RBRM:Zator-1_CP frameshifts:1 cds_range:441-4330 exons:441-1067;1125-1677;3062-3717;3782-4330 via genewise with Zator-2_HM [Culex pipiens]
Zator-1_DPu_tp	Zator	DNA/Zator	812	Zator-1_DPu_tp#DNA/Zator RBRM:Zator-1_DPu cds_range:386-2822 [Daphnia pulex]
Zator-1_HM	Zator	DNA/Zator	790	Zator-1_HM#DNA/Zator RBRM:Zator-1_HM cds_range:790-3160 [Hydra vulgaris]
Zator-1_PM_tp	Zator	DNA/Zator	651	Zator-1_PM_tp#DNA/Zator RBRM:Zator-1_PM cds_range:2127-4080 (CCHH zinc finger) [Petromyzon marinus]
Zator-2_AA	Zator	DNA/Zator	1089	Zator-2_AA#DNA/Zator RBRM:Zator-2_AA cds_range:349-3890 exons:349-1636;1695-2196;2348-3244;3307-3890 via genewise with Zator-1_BF [Aedes aegypti]
Zator-2_HM	Zator	DNA/Zator	832	Zator-2_HM#DNA/Zator RBRM:Zator-2_HM cds_range:655-3151 [Hydra vulgaris]
Zator-3_AAe	Zator	DNA/Zator	1063	Zator-3_AAe#DNA/Zator RBRM:Zator-3_AAe frameshifts:1 cds_range:539-3849 exons:539-1760;1819-2311;2372-3849 via genewise with Zator-2_AA#DNA/Zator [Aedes aegypti]
Zator-3_HM	Zator	DNA/Zator	784	Zator-3_HM#DNA/Zator RBRM:Zator-3_HM cds_range:668-3020 [Hydra vulgaris]
Zator-4_HM	Zator	DNA/Zator	788	Zator-4_HM#DNA/Zator RBRM:Zator-4_HM frameshifts:1 cds_range:759-3817 exons:759-1092;1468-1742;2059-3817 via genewise with Zator-3_HM#DNA/Zator [Hydra vulgaris]
Zisupton-1_DR_tp	Zisupton	DNA/Zisupton	1083	Zisupton-1_DR_tp#DNA/Zisupton  Dfam:DF0003970 frameshifts:1 cds_range:1029-5667 exons:1029-1176;1475-3098;3213-3353;3495-3700;3779-3884;4221-4421;4582-4717;4974-5667 via genewise with Zisupton-4_DR_tp [Danio rerio]
Zisupton-2_DR_tp	Zisupton	DNA/Zisupton	768	Zisupton-2_DR_tp#DNA/Zisupton  Dfam:DF0002516 cds_range:1-4171 exons:1-862;939-1079;1422-1627;1716-1821;2345-2539;2637-2779;3514-4171 via genewise with Zisupton-4_DR_tp [Danio rerio]
Zisupton-5_DR_tp	Zisupton	DNA/Zisupton	981	Zisupton-5_DR_tp#DNA/Zisupton  Dfam:DF0002214 stops:3 cds_range:682-5254 exons:682-853;937-1282;1974-2961;3046-3186;3318-3523;3610-3715;3829-4020;4098-4240;4597-5254 via genewise with Zisupton-4_DR_tp [Danio rerio]
UN-gi242226194_tp	Zisupton	DNA/Zisupton	320	UN-gi242226194_tp#DNA/Zisupton   predicted protein [Postia placenta Mad-698-R]
UN-gi260831666_tp	Zisupton	DNA/Zisupton	1732	UN-gi260831666_tp#DNA/Zisupton   hypothetical protein BRAFLDRAFT_91571 [Branchiostoma floridae]
UN-gi299749210_tp	Zisupton	DNA/Zisupton	811	UN-gi299749210_tp#DNA/Zisupton   hypothetical protein CC1G_13031 [Coprinopsis cinerea okayama7#130]
UN-gi336365231_tp	Zisupton	DNA/Zisupton	282	UN-gi336365231_tp#DNA/Zisupton   hypothetical protein SERLA73DRAFT_63558 [Serpula lacrymans var. lacrymans S7.3]
UN-gi443716013_tp	Zisupton	DNA/Zisupton	1418	UN-gi443716013_tp#DNA/Zisupton   hypothetical protein CAPTEDRAFT_223787 [Capitella teleta]
UN-gi449543790_tp	Zisupton	DNA/Zisupton	1135	UN-gi449543790_tp#DNA/Zisupton   hypothetical protein CERSUDRAFT_54749 [Gelatoporia subvermispora B]
UN-gi459186152_tp	Zisupton	DNA/Zisupton	684	UN-gi459186152_tp#DNA/Zisupton   PREDICTED: uncharacterized protein LOC101242620 [Ciona intestinalis]
UN-gi527293549_tp	Zisupton	DNA/Zisupton	950	UN-gi527293549_tp#DNA/Zisupton   hypothetical protein FOMPIDRAFT_128943 [Fomitopsis pinicola FP-58527 SS1]
UN-gi527300978_tp	Zisupton	DNA/Zisupton	962	UN-gi527300978_tp#DNA/Zisupton   hypothetical protein FOMPIDRAFT_130136 [Fomitopsis pinicola FP-58527 SS1]
UN-gi554882058_tp	Zisupton	DNA/Zisupton	1502	UN-gi554882058_tp#DNA/Zisupton   PREDICTED: uncharacterized protein LOC102314156 [Haplochromis burtoni]
UN-gi585700242_tp	Zisupton	DNA/Zisupton	874	UN-gi585700242_tp#DNA/Zisupton   PREDICTED: uncharacterized protein LOC102801656 [Saccoglossus kowalevskii]
UN-gi595451198_tp	Zisupton	DNA/Zisupton	952	UN-gi595451198_tp#DNA/Zisupton   hypothetical protein RirG_192330 [Rhizophagus irregularis DAOM 197198w]
UN-gi597807355_tp	Zisupton	DNA/Zisupton	592	UN-gi597807355_tp#DNA/Zisupton   PREDICTED: uncharacterized protein LOC103031382 [Astyanax mexicanus]
UN-gi597908332_tp	Zisupton	DNA/Zisupton	1087	UN-gi597908332_tp#DNA/Zisupton   hypothetical protein STEHIDRAFT_24006, partial [Stereum hirsutum FP-91666 SS1]
UN-gi598034861_tp	Zisupton	DNA/Zisupton	745	UN-gi598034861_tp#DNA/Zisupton   hypothetical protein AURDEDRAFT_31097, partial [Auricularia subglabra TFB-10046 SS5]
UN-gi599097065_tp	Zisupton	DNA/Zisupton	925	UN-gi599097065_tp#DNA/Zisupton   hypothetical protein PUNSTDRAFT_60254, partial [Punctularia strigosozonata HHB-11173 SS5]
UN-gi599352863_tp	Zisupton	DNA/Zisupton	1014	UN-gi599352863_tp#DNA/Zisupton   hypothetical protein MELLADRAFT_86843 [Melampsora larici-populina 98AG31]
UN-gi628830065_tp	Zisupton	DNA/Zisupton	903	UN-gi628830065_tp#DNA/Zisupton   hypothetical protein CONPUDRAFT_51057, partial [Coniophora puteana RWD-64-598 SS2]
UN-gi630361471_tp	Zisupton	DNA/Zisupton	1156	UN-gi630361471_tp#DNA/Zisupton   hypothetical protein GLOTRDRAFT_96295 [Gloeophyllum trabeum ATCC 11539]
UN-gi630364165_tp	Zisupton	DNA/Zisupton	884	UN-gi630364165_tp#DNA/Zisupton   hypothetical protein GLOTRDRAFT_50923 [Gloeophyllum trabeum ATCC 11539]
UN-gi634346494_tp	Zisupton	DNA/Zisupton	269	UN-gi634346494_tp#DNA/Zisupton   hypothetical protein MVLG_07167 [Microbotryum lychnidis-dioicae p1A1 Lamole]
UN-gi636622409_tp	Zisupton	DNA/Zisupton	1141	UN-gi636622409_tp#DNA/Zisupton   hypothetical protein TRAVEDRAFT_130524 [Trametes versicolor FP-101664 SS1]
UN-gi646283672_tp	Zisupton	DNA/Zisupton	755	UN-gi646283672_tp#DNA/Zisupton   hypothetical protein BOTBODRAFT_625658 [Botryobasidium botryosum FD-172 SS1]
UN-gi646305941_tp	Zisupton	DNA/Zisupton	750	UN-gi646305941_tp#DNA/Zisupton   hypothetical protein PLEOSDRAFT_1043045 [Pleurotus ostreatus PC15]
UN-gi648152297_tp	Zisupton	DNA/Zisupton	823	UN-gi648152297_tp#DNA/Zisupton   hypothetical protein GALMADRAFT_44200 [Galerina marginata CBS 339.88]
UN-gi734642921_tp	Zisupton	DNA/Zisupton	951	UN-gi734642921_tp#DNA/Zisupton   PREDICTED: LOW QUALITY PROTEIN: HMG domain-containing protein 3-like [Larimichthys crocea]
UN-gi749759490_tp	Zisupton	DNA/Zisupton	1156	UN-gi749759490_tp#DNA/Zisupton   hypothetical protein PLICRDRAFT_117716 [Plicaturopsis crispa FD-325 SS-3]
UN-gi749830735_tp	Zisupton	DNA/Zisupton	801	UN-gi749830735_tp#DNA/Zisupton   hypothetical protein PAXINDRAFT_88142 [Paxillus involutus ATCC 200175]
UN-gi749831149_tp	Zisupton	DNA/Zisupton	782	UN-gi749831149_tp#DNA/Zisupton   hypothetical protein PAXINDRAFT_17653 [Paxillus involutus ATCC 200175]
UN-gi749869901_tp	Zisupton	DNA/Zisupton	806	UN-gi749869901_tp#DNA/Zisupton   hypothetical protein M422DRAFT_174309 [Sphaerobolus stellatus SS14]
UN-gi749890274_tp	Zisupton	DNA/Zisupton	1045	UN-gi749890274_tp#DNA/Zisupton   hypothetical protein HYDPIDRAFT_34233 [Hydnomerulius pinastri MD-312]
UN-gi749890521_tp	Zisupton	DNA/Zisupton	1102	UN-gi749890521_tp#DNA/Zisupton   hypothetical protein HYDPIDRAFT_34030 [Hydnomerulius pinastri MD-312]
UN-gi750941811_tp	Zisupton	DNA/Zisupton	1076	UN-gi750941811_tp#DNA/Zisupton   hypothetical protein K443DRAFT_101663 [Laccaria amethystina LaAM-08-1]
UN-gi750967328_tp	Zisupton	DNA/Zisupton	527	UN-gi750967328_tp#DNA/Zisupton   hypothetical protein PISMIDRAFT_646625 [Pisolithus microcarpus 441]
UN-gi751005700_tp	Zisupton	DNA/Zisupton	1240	UN-gi751005700_tp#DNA/Zisupton   hypothetical protein CY34DRAFT_21160 [Suillus luteus UH-Slu-Lm8-n1]
UN-gi751672924_tp	Zisupton	DNA/Zisupton	488	UN-gi751672924_tp#DNA/Zisupton   hypothetical protein M408DRAFT_39264 [Serendipita vermifera MAFF 305830]
UN-gi751692202_tp	Zisupton	DNA/Zisupton	1330	UN-gi751692202_tp#DNA/Zisupton   hypothetical protein M413DRAFT_26990 [Hebeloma cylindrosporum h7]
UN-gi751706718_tp	Zisupton	DNA/Zisupton	1252	UN-gi751706718_tp#DNA/Zisupton   hypothetical protein SCLCIDRAFT_30000 [Scleroderma citrinum Foug A]
UN-gi751707416_tp	Zisupton	DNA/Zisupton	1274	UN-gi751707416_tp#DNA/Zisupton   hypothetical protein SCLCIDRAFT_29555 [Scleroderma citrinum Foug A]
UN-gi752366284_tp	Zisupton	DNA/Zisupton	515	UN-gi752366284_tp#DNA/Zisupton   hypothetical protein M407DRAFT_55476 [Tulasnella calospora MUT 4182]
UN-gi757354073_tp	Zisupton	DNA/Zisupton	1069	UN-gi757354073_tp#DNA/Zisupton   hypothetical protein I314_04338 [Cryptococcus gattii CA1873]
UN-gi761926780_tp	Zisupton	DNA/Zisupton	407	UN-gi761926780_tp#DNA/Zisupton   hypothetical protein FISHEDRAFT_44214 [Fistulina hepatica ATCC 64428]
UN-gi763718168_tp	Zisupton	DNA/Zisupton	1151	UN-gi763718168_tp#DNA/Zisupton   hypothetical protein HYPSUDRAFT_116216 [Hypholoma sublateritium FD-334 SS-4]
UN-gi768943469_tp	Zisupton	DNA/Zisupton	1105	UN-gi768943469_tp#DNA/Zisupton   PREDICTED: LOW QUALITY PROTEIN: uncharacterized protein LOC101075033 [Takifugu rubripes]
UN-gi799312429_tp	Zisupton	DNA/Zisupton	1058	UN-gi799312429_tp#DNA/Zisupton   hypothetical protein CNAG_00128 [Cryptococcus neoformans var. grubii H99]
UN-gi884953319_tp	Zisupton	DNA/Zisupton	516	UN-gi884953319_tp#DNA/Zisupton   PREDICTED: uncharacterized protein LOC105010694 isoform X1 [Esox lucius]
UN-gi908540163_tp	Zisupton	DNA/Zisupton	597	UN-gi908540163_tp#DNA/Zisupton   PREDICTED: uncharacterized protein LOC100703023 [Oreochromis niloticus]
UN-gi909613513_tp	Zisupton	DNA/Zisupton	761	UN-gi909613513_tp#DNA/Zisupton   hypothetical protein PSTG_03247 [Puccinia striiformis f. sp. tritici PST-78]
UN-gi913848461_tp	Zisupton	DNA/Zisupton	913	UN-gi913848461_tp#DNA/Zisupton   hypothetical protein VP01_559g3 [Puccinia sorghi]
UN-gi914265136_tp	Zisupton	DNA/Zisupton	1275	UN-gi914265136_tp#DNA/Zisupton   hypothetical protein J132_08423 [Termitomyces sp. J132]
UN-Zisupton-4_DR_tp	Zisupton	DNA/Zisupton	1177	UN-Zisupton-4_DR_tp#DNA/Zisupton   following  14 introns (1075:1609, 2924:3073, 3214:3291, 3497:3575, 3681:4010, 4205:4280, 4423:4595, 5244:5350, 5381:5665, 5752:5861, 5982:6085, 6134:6247, 6332:6473, 6540:6981) [Danio rerio]
UN-Zisupton_XM	Zisupton	DNA/Zisupton	1393	UN-Zisupton_XM#DNA/Zisupton   zisupton [Xiphophorus maculatus]
UN-47227872_Tni	Zisupton	DNA/Zisupton	972	UN-47227872_Tni#DNA/Zisupton   AA  match the N-terminal DNA-binding domain of the Zisupton_XM protein, AA 580 to end are similar to a near-full-lenght hAT-Ac transposase (with an internal deletion). Probably an in-silico hybrid.    unnamed protein product [Tetraodon nigroviridis]
DNA-17_CCri_hel1	Zisupton	DNA/Zisupton	255	DNA-17_CCri_hel1#DNA/Zisupton RBRM:DNA-17_CCri rev:1 cds_range:5862-5097 [Chondrus crispus]
DNA-17_CCri_hel2	Zisupton	DNA/Zisupton	560	DNA-17_CCri_hel2#DNA/Zisupton RBRM:DNA-17_CCri rev:1 cds_range:3191-1511 [Chondrus crispus]
DNA-17_CCri_p4	Zisupton	DNA/Zisupton	751	DNA-17_CCri_p4#DNA/Zisupton RBRM:DNA-17_CCri cds_range:19741-24167 exons:19741-19941;20857-20907;21546-21693;21928-22217;22409-22546;22590-23889;24036-24167 Genscan prediction [Chondrus crispus]
DNA-17_CCri_tp	Zisupton	DNA/Zisupton	1281	DNA-17_CCri_tp#DNA/Zisupton RBRM:DNA-17_CCri cds_range:11157-15000 [Chondrus crispus]
DNA-18_CCri_4p	Zisupton	DNA/Zisupton	590	DNA-18_CCri_4p#DNA/Zisupton RBRM:DNA-18_CCri rev:1 cds_range:21226-19456 [Chondrus crispus]
DNA-18_CCri_hel2	Zisupton	DNA/Zisupton	535	DNA-18_CCri_hel2#DNA/Zisupton RBRM:DNA-18_CCri cds_range:27712-29317 [Chondrus crispus]
DNA-18_CCri_pt	Zisupton	DNA/Zisupton	1287	DNA-18_CCri_pt#DNA/Zisupton RBRM:DNA-18_CCri cds_range:1847-9033 exons:1847-1926;2241-2709;2782-2820;2941-3239;3725-4858;5011-5092;6130-6247;6415-6616;6913-7111;7425-8060;8236-8464;8648-9033 Genscan prediction, Possibly mostly nonsense;matches to transposases over pos  [Chondrus crispus]
DNA-18_CCri_tp	Zisupton	DNA/Zisupton	1060	DNA-18_CCri_tp#DNA/Zisupton RBRM:DNA-18_CCri cds_range:22736-25916 (Propionate catabolism activator, partial) [Chondrus crispus]
Dna-21_CCri_tp	Zisupton	DNA/Zisupton	1244	Dna-21_CCri_tp#DNA/Zisupton RBRM:DNA-21_CCri cds_range:8779-12511 (C-terminus similar to that of Zisupton-1_CCri_tp and Zisupton-1_BF_tp) [Chondrus crispus]
Zisupton-1_BF_p1	Zisupton	DNA/Zisupton	450	Zisupton-1_BF_p1#DNA/Zisupton RBRM:Zisupton-1_BF rev:1 cds_range:4132-124 exons:4132-3894;3634-3599;3379-3158;2594-1864;254-124 Genscan prediction []
Zisupton-1_BF_tp	Zisupton	DNA/Zisupton	948	Zisupton-1_BF_tp#DNA/Zisupton RBRM:Zisupton-1_BF stops:1 cds_range:5588-13097 exons:5588-5802;7609-7868;7944-8109;9113-9285;9713-9942;10448-10736;10921-11114;11773-13097 genscan prediction []
Zisupton-1_CCri_p1	Zisupton	DNA/Zisupton	533	Zisupton-1_CCri_p1#DNA/Zisupton RBRM:Zisupton-1_CCri cds_range:1075-2674 [Chondrus crispus]
Zisupton-1_CCri_p5	Zisupton	DNA/Zisupton	450	Zisupton-1_CCri_p5#DNA/Zisupton RBRM:Zisupton-1_CCri cds_range:12253-13603 [Chondrus crispus]
Zisupton-1_CCri_p6	Zisupton	DNA/Zisupton	766	Zisupton-1_CCri_p6#DNA/Zisupton RBRM:Zisupton-1_CCri rev:1 cds_range:16490-14192 (MAP7 (E-MAP-115) family) [Chondrus crispus]
Zisupton-1_CCri_pt	Zisupton	DNA/Zisupton	478	Zisupton-1_CCri_pt#DNA/Zisupton RBRM:Zisupton-1_CCri rev:1 cds_range:11533-10099 (peptidase C48) [Chondrus crispus]
Zisupton-1_CCri_tp	Zisupton	DNA/Zisupton	1295	Zisupton-1_CCri_tp#DNA/Zisupton RBRM:Zisupton-1_CCri cds_range:5632-9517 Only the last 200 AA show similarity to other Zisupton transposases [Chondrus crispus]
Zisupton-1_PGr_p2	Zisupton	DNA/Zisupton	328	Zisupton-1_PGr_p2#DNA/Zisupton RBRM:Zisupton-1_PGr cds_range:11595-12579 [Puccinia graminis]
Zisupton-1_PGr_tp	Zisupton	DNA/Zisupton	866	Zisupton-1_PGr_tp#DNA/Zisupton RBRM:Zisupton-1_PGr stops:1 cds_range:13020-16027 exons:13020-13548;13611-13850;13907-14267;14331-14861;14936-15178;15249-15384;15463-16027 via genewise with Zisupton-4_PGr_1p [Puccinia graminis]
Zisupton-3_DR_tp	Zisupton	DNA/Zisupton	931	Zisupton-3_DR_tp#DNA/Zisupton RBRM:Zisupton-3_DR cds_range:162-6741 exons:162-1599;2342-2482;2576-2781;3844-3949;4301-4483;5596-5738;6159-6741 via genewise with Zisupton-4_DR_tp [Danio rerio]
Zisupton-3_PGr_tp	Zisupton	DNA/Zisupton	814	Zisupton-3_PGr_tp#DNA/Zisupton RBRM:Zisupton-3_PGr cds_range:2340-5551 exons:2340-2814;2883-3104;3207-3555;3635-3781;3857-3981;4062-4333;4388-4573;4726-4838;4914-5013;5089-5551 via genewise with Zisupton-4_PGr_tp [Puccinia graminis]
Zisupton-4_PGr_tp	Zisupton	DNA/Zisupton	843	Zisupton-4_PGr_tp#DNA/Zisupton RBRM:Zisupton-4_PGr cds_range:2051-5370 exons:2051-2621;2706-2896;3046-3389;3453-3599;3662-3783;3847-4118;4178-4338;4501-4635;4707-4815;4884-5370 via genewise with Zisupton-1_PGr_tp [Puccinia graminis]
Zisupton-6_DR_p2	Zisupton	DNA/Zisupton	331	Zisupton-6_DR_p2#DNA/Zisupton RBRM:Zisupton-6_DR rev:1 cds_range:21944-13774 exons:21944-21876;20295-20209;19105-18969;18188-18021;17197-16919;15845-15779;14839-14770;13904-13774 Genscan prediction (probably nothing) [Danio rerio]
Zisupton-6_DR_tp	Zisupton	DNA/Zisupton	852	Zisupton-6_DR_tp#DNA/Zisupton RBRM:Zisupton-6_DR cds_range:169-10260 exons:169-232;3151-3556;3677-3779;3855-4088;4326-4505;4692-4786;5815-5942;6075-6287;6466-6584;6672-6764;6990-7108;7977-8082;8184-8370;9676-9856;9918-10260 Genscan prediction [Danio rerio]
Zisupton-7_DR_tp	Zisupton	DNA/Zisupton	886	Zisupton-7_DR_tp#DNA/Zisupton RBRM:Zisupton-7_DR cds_range:1017-7142 exons:1017-1166;1288-1421;1548-1569;1705-1753;1830-2163;2328-2430;2507-2740;2832-3005;3113-3207;3408-3756;3858-3976;4185-4277;4499-4617;5075-5180;5668-5836;6516-6690;6896-7142 from Repbase,  Distan to other Zisupton transposases [Danio rerio]
Zisupton-1_PGr_p1	Zisupton	DNA/Zisupton	1081	Zisupton-1_PGr_p1#DNA/Zisupton RBRM:Zisupton-1_PGr cds_range:163-4033 exons:163-279;391-717;749-1918;1985-2212;2282-2622;2696-2750;2840-3287;3395-3922;3999-4033 from Repbase 164..280,393..718,751..1919,1987..2213,2284..2623,2698..2751,2842..3239,3326..3396,3419..3923,4001..4036  matches C-terminus of MuDR transposases in Puccinia, Malus, and Melampsora[Puccinia graminis]
EuthAT-2_tp	hAT	DNA/hAT-Ac	611	EuthAT-2_tp#DNA/hAT-Ac  Dfam:DF0001172 cds_range:726-2559 [Eutheria]
HAT1_DR_tp	hAT	DNA/hAT-Ac	509	HAT1_DR_tp#DNA/hAT-Ac  Dfam:DF0003731 cds_range:1148-2888 exons:1148-2111;2201-2432;2555-2888 wised (genewise) with Furousha and AF486809_1_Bactrocera ( who knows) [Danio]
HAT-4_DR_tp	hAT	DNA/hAT-Ac	642	HAT-4_DR_tp#DNA/hAT-Ac  Dfam:DF0003817 cds_range:354-2509 exons:354-1826;1915-2027;2167-2509 [Danio rerio]
hAT-6_DR_tp	hAT	DNA/hAT-Ac	629	hAT-6_DR_tp#DNA/hAT-Ac  Dfam:DF0003621 cds_range:224-2941 exons:224-1246;2076-2941 via genewise with HAT-1_NV_tp#DNA/hAT-Ac [Danio rerio]
hAT-7_DR_tp	hAT	DNA/hAT-Ac	615	hAT-7_DR_tp#DNA/hAT-Ac  Dfam:DF0002517 cds_range:255-3028 exons:255-1220;2148-3028 via genewise with HAT-1_NV [Danio rerio]
hAT-17_DR_tp	hAT	DNA/hAT-Ac	482	hAT-17_DR_tp#DNA/hAT-Ac  Dfam:DF0002621 cds_range:723-2169 [Danio rerio]
hAT-26_DR_tp	hAT	DNA/hAT-Ac	1249	hAT-26_DR_tp#DNA/hAT-Ac  Dfam:DF0002841 cds_range:557-4304 [Danio rerio]
hAT-31_DR_tp	hAT	DNA/hAT-Ac	592	hAT-31_DR_tp#DNA/hAT-Ac  Dfam:DF0002255 cds_range:184-1960 [Danio rerio]
Blackjack_tp	hAT	DNA/hAT-Blackjack	653	Blackjack_tp#DNA/hAT-Blackjack  Dfam:DF0000074 cds_range:759-2718 [Eutheria]
Chaplin1_DR_tp	hAT	DNA/hAT-Charlie	645	Chaplin1_DR_tp#DNA/hAT-Charlie  Dfam:DF0003203 cds_range:313-2248 [Danio rerio]
Charlie1_tp	hAT	DNA/hAT-Charlie	647	Charlie1_tp#DNA/hAT-Charlie  Dfam:DF0000018 cds_range:597-2538 [Eutheria]
Charlie2a_tp	hAT	DNA/hAT-Charlie	263	Charlie2a_tp#DNA/hAT-Charlie  Dfam:DF0000019 cds_range:1454-2243 [Eutheria]
Charlie3_tp	hAT	DNA/hAT-Charlie	631	Charlie3_tp#DNA/hAT-Charlie  Dfam:DF0000023 cds_range:624-2517 [Simiiformes]
Charlie4_tp	hAT	DNA/hAT-Charlie	598	Charlie4_tp#DNA/hAT-Charlie  Dfam:DF0000024 cds_range:1309-3103 This is from the Charlie4_Longi consensus. The Charlie4 protein has 5 different AA, but there are too few copies to be sure that the differences are real.  [Eutheria]
Charlie5_tp	hAT	DNA/hAT-Charlie	627	Charlie5_tp#DNA/hAT-Charlie  Dfam:DF0000027 stops:1 cds_range:570-2448 [Eutheria]
Charlie6_tp	hAT	DNA/hAT-Charlie	640	Charlie6_tp#DNA/hAT-Charlie  Dfam:DF0000105 cds_range:636-2556 [Eutheria]
Charlie7_tp	hAT	DNA/hAT-Charlie	582	Charlie7_tp#DNA/hAT-Charlie  Dfam:DF0000627 cds_range:385-2131 [Eutheria] Charlie7_Aves & hAT-7_Crp (should be Charlie7_Longi_tp) bsaically identical
Charlie8_tp	hAT	DNA/hAT-Charlie	605	Charlie8_tp#DNA/hAT-Charlie  Dfam:DF0000107 cds_range:392-2207 [Eutheria]
Charlie9_tp	hAT	DNA/hAT-Charlie	659	Charlie9_tp#DNA/hAT-Charlie  Dfam:DF0000108 cds_range:549-2526 [Eutheria]
Charlie10_tp	hAT	DNA/hAT-Charlie	654	Charlie10_tp#DNA/hAT-Charlie  Dfam:DF0000081 cds_range:430-2392 [Eutheria]
Charlie11_tp	hAT	DNA/hAT-Charlie	591	Charlie11_tp#DNA/hAT-Charlie  Dfam:DF0000084 cds_range:218-1991 [Eutheria]
Charlie13a_tp	hAT	DNA/hAT-Charlie	373	Charlie13a_tp#DNA/hAT-Charlie  Dfam:DF0000086 stops:1 cds_range:150-1269 via tfasty with Charlie5_tp (fragment) [Mammalia]
Charlie24_tp	hAT	DNA/hAT-Charlie	602	Charlie24_tp#DNA/hAT-Charlie  Dfam:DF0000101 cds_range:345-2151 [Theria mammalia]
Charlie25_tp	hAT	DNA/hAT-Charlie	660	Charlie25_tp#DNA/hAT-Charlie  Dfam:DF0000102 cds_range:383-2363 [Eutheria]
Cheshire_tp	hAT	DNA/hAT-Charlie	601	Cheshire_tp#DNA/hAT-Charlie  Dfam:DF0000109 cds_range:416-2219 [Eutheria]
HAT-2_DR_tp	hAT	DNA/hAT-Charlie	611	HAT-2_DR_tp#DNA/hAT-Charlie  Dfam:DF0003580 cds_range:254-2087 Transposase [Danio rerio]
HAT-5_DR_tp	hAT	DNA/hAT-Charlie	616	HAT-5_DR_tp#DNA/hAT-Charlie  Dfam:DF0002322 cds_range:472-2320 [Danio rerio]
hAT-12_DR_tp	hAT	DNA/hAT-Charlie	609	hAT-12_DR_tp#DNA/hAT-Charlie  Dfam:DF0003698 cds_range:295-2122 [Danio rerio]
hAT-22_DR_tp	hAT	DNA/hAT-Charlie	625	hAT-22_DR_tp#DNA/hAT-Charlie  Dfam:DF0003823 cds_range:174-2049 [Danio rerio]
hAT-1_Mam_tp	hAT	DNA/hAT-Tag1	636	hAT-1_Mam_tp#DNA/hAT-Tag1  Dfam:DF0001293 cds_range:1006-2914 [Theria mammalia]
Arthur1_tp	hAT	DNA/hAT-Tip100	853	Arthur1_tp#DNA/hAT-Tip100  Dfam:DF0000069 cds_range:1149-3708 [Eutheria]
Arthur2_tp	hAT	DNA/hAT-Tip100	912	Arthur2_tp#DNA/hAT-Tip100  Dfam:DF0001276 cds_range:503-3239 [Mammalia]
hAT-8_DR_tp	hAT	DNA/hAT-Tip100	905	hAT-8_DR_tp#DNA/hAT-Tip100  Dfam:DF0002552 [Danio rerio]
MER45R_tp	hAT	DNA/hAT-Tip100	263	MER45R_tp#DNA/hAT-Tip100  Dfam:DF0000788 frameshifts:1 stops:2 cds_range:521-1309 wised with 9293884_Ath [Eutheria]
Zaphod2_tp	hAT	DNA/hAT-Tip100	844	Zaphod2_tp#DNA/hAT-Tip100  Dfam:DF0001124 cds_range:821-3353 [Eutheria]
Zaphod3_tp	hAT	DNA/hAT-Tip100	496	Zaphod3_tp#DNA/hAT-Tip100  Dfam:DF0001125 cds_range:805-2293 (fragment) [Eutheria]
Zaphod_tp	hAT	DNA/hAT-Tip100	911	Zaphod_tp#DNA/hAT-Tip100  Dfam:DF0001123 cds_range:1009-3742 [Eutheria]
UN-39579425_Cbr_tp	hAT	DNA/hAT	283	UN-39579425_Cbr_tp#DNA/hAT   Hypothetical protein CBG24037 [Caenorhabditis briggsae]
UN-39586475_Cbr_tp	hAT	DNA/hAT	640	UN-39586475_Cbr_tp#DNA/hAT   Hypothetical protein CBG21088 [Caenorhabditis briggsae]
UN-39588434_Cbr_tp	hAT	DNA/hAT	501	UN-39588434_Cbr_tp#DNA/hAT   Hypothetical protein CBG20047 [Caenorhabditis briggsae]
UN-4218001_Ath_tp	hAT	DNA/hAT-Ac	308	UN-4218001_Ath_tp#DNA/hAT-Ac   Ac-like transposase [Arabidopsis thaliana]
UN-4753646_Ath_tp	hAT	DNA/hAT-Ac	770	UN-4753646_Ath_tp#DNA/hAT-Ac   putative protein (possibly fragment) [Arabidopsis thaliana]
UN-5306256_Ath_tp	hAT	DNA/hAT-Ac	466	UN-5306256_Ath_tp#DNA/hAT-Ac   Ac-like transposase [Arabidopsis thaliana]
UN-7267311_Ath_tp	hAT	DNA/hAT-Ac	604	UN-7267311_Ath_tp#DNA/hAT-Ac   AT4g05510 [Arabidopsis thaliana]
UN-7505609_Cel_tp	hAT	DNA/hAT-Ac	620	UN-7505609_Cel_tp#DNA/hAT-Ac   hypothetical protein K09A11.1 - [Caenorhabditis elegans]
UN-9294198_Ath_tp	hAT	DNA/hAT-Ac	463	UN-9294198_Ath_tp#DNA/hAT-Ac   unnamed protein product [Arabidopsis thaliana]
UN-14091822_Osa_tp	hAT	DNA/hAT-Ac	408	UN-14091822_Osa_tp#DNA/hAT-Ac   Putative transposable element (probably messed up) [Oryza sativa]
UN-17538310_Cel_tp	hAT	DNA/hAT-Ac	255	UN-17538310_Cel_tp#DNA/hAT-Ac   transposable element like family member (4A862) [Caenorhabditis elegans]
UN-24582377_Dme_tp	hAT	DNA/hAT-Ac	611	UN-24582377_Dme_tp#DNA/hAT-Ac   CG13775-PA [Drosophila melanogaster]
UN-25406015_Ath_tp	hAT	DNA/hAT-Ac	676	UN-25406015_Ath_tp#DNA/hAT-Ac   unknown protein T17F3.2 [Arabidopsis thaliana]
UN-31195751_Aga_tp	hAT	DNA/hAT-Ac	280	UN-31195751_Aga_tp#DNA/hAT-Ac   ENSANGP00000013743 [Anopheles gambiae]
UN-31196465_Aga_tp	hAT	DNA/hAT-Ac	511	UN-31196465_Aga_tp#DNA/hAT-Ac   ENSANGP00000025171 [Anopheles gambiae]
UN-31207437_Ag_tp	hAT	DNA/hAT-Ac	605	UN-31207437_Ag_tp#DNA/hAT-Ac   ENSANGP00000015358 [Anopheles gambiae]
UN-31208475_Aga_tp	hAT	DNA/hAT-Ac	468	UN-31208475_Aga_tp#DNA/hAT-Ac   ENSANGP00000024739 [Anopheles gambiae]
UN-34894194_Osa_tp	hAT	DNA/hAT-Ac	701	UN-34894194_Osa_tp#DNA/hAT-Ac   P0439B06.18 [Oryza sativa]
UN-34896302_Osa_tp	hAT	DNA/hAT-Ac	293	UN-34896302_Osa_tp#DNA/hAT-Ac   hypothetical protein [Oryza sativa]
UN-34897420_Osa_tp	hAT	DNA/hAT-Ac	669	UN-34897420_Osa_tp#DNA/hAT-Ac   hypothetical protein [Oryza sativa]
UN-34898446_Osa_tp	hAT	DNA/hAT-Ac	947	UN-34898446_Osa_tp#DNA/hAT-Ac   Similar to Zea mays putative AC9 transposase. (P03010) [Oryza sativa]
UN-34909382_Osa_tp	hAT	DNA/hAT-Ac	719	UN-34909382_Osa_tp#DNA/hAT-Ac   P0439E07.4 [Oryza sativa]
UN-38345099_Osa_tp	hAT	DNA/hAT-Ac	362	UN-38345099_Osa_tp#DNA/hAT-Ac   OSJNBa0050F15.11 [Oryza sativa]
UN-38345535_Osa_tp	hAT	DNA/hAT-Ac	688	UN-38345535_Osa_tp#DNA/hAT-Ac   OSJNBa0020J04.10 [Oryza sativa]
UN-38567845_Osa_tp	hAT	DNA/hAT-Ac	371	UN-38567845_Osa_tp#DNA/hAT-Ac   OSJNBb0002J11.15 [Oryza sativa]
UN-39580027_Cbr_tp	hAT	DNA/hAT-Ac	555	UN-39580027_Cbr_tp#DNA/hAT-Ac   Hypothetical protein CBG10699 [Caenorhabditis briggsae]
UN-40788364_Hsa_tp	hAT	DNA/hAT-Ac	706	UN-40788364_Hsa_tp#DNA/hAT-Ac   KIAA0785 protein (exapted gene) [Homo sapiens]
UN-45238703_Tni_tp	hAT	DNA/hAT-Ac	528	UN-45238703_Tni_tp#DNA/hAT-Ac   putative transposase [Tetraodon nigroviridis]
UN-47226801_Tni_tp	hAT	DNA/hAT-Ac	455	UN-47226801_Tni_tp#DNA/hAT-Ac   unnamed protein product; KIAA0785 homologue [Tetraodon nigroviridis]
UN-48139970_Ame_tp	hAT	DNA/hAT-Ac	1114	UN-48139970_Ame_tp#DNA/hAT-Ac   similar to ENSANGP00000015075 [Apis mellifera]
UN-50730348_Gga_tp	hAT	DNA/hAT-Ac	695	UN-50730348_Gga_tp#DNA/hAT-Ac   PREDICTED: similar to Zinc finger BED domain containing protein 1 (dREF homolog) (Putative Ac-like transposable element) KIAA0785 homologue [Gallus gallus]
UN-50901008_Osa_tp	hAT	DNA/hAT-Ac	687	UN-50901008_Osa_tp#DNA/hAT-Ac   putative transposase [Oryza sativa]
UN-50901992_Osa_tp	hAT	DNA/hAT-Ac	701	UN-50901992_Osa_tp#DNA/hAT-Ac   Ac transposase-like protein [Oryza sativa]
UN-50916102_Osa_tp	hAT	DNA/hAT-Ac	561	UN-50916102_Osa_tp#DNA/hAT-Ac   hypothetical protein Probably skrewed up [Oryza sativa]
UN-53982308_Osa_tp	hAT	DNA/hAT-Ac	676	UN-53982308_Osa_tp#DNA/hAT-Ac   hypothetical protein [Oryza sativa]
UN-54644095_Dps_tp	hAT	DNA/hAT-Ac	604	UN-54644095_Dps_tp#DNA/hAT-Ac   GA12516-PA [Drosophila pseudoobscura]
UN-AC9_ZM_tp	hAT	DNA/hAT-Ac	807	UN-AC9_ZM_tp#DNA/hAT-Ac   PUTATIVE AC TRANSPOSASE (ORFA) [Zea mays]
UN-CRATA_tp	hAT	DNA/hAT-Ac	661	UN-CRATA_tp#DNA/hAT-Ac   putative Tam3-transposase N term extended wih ORF [Oryza sativa]
UN-hAT-2_ESi_tp	hAT	DNA/hAT-Ac	715	UN-hAT-2_ESi_tp#DNA/hAT-Ac   6 introns (1432:1806, 2015:3093, 3242:4322, 4694:5375, 5568:6383, 7095:7419) [Ectocarpus siliculosus] Similar to , but with extra final intron and exon predicted by Genscan and matching C-terminus of hAT transposases.
UN-Hatory_tp	hAT	DNA/hAT-Ac	737	UN-Hatory_tp#DNA/hAT-Ac   Is:  putative Tam3-like transposon protein [Oryza sativa]
UN-Hopper_Bd_tp	hAT	DNA/hAT-Ac	651	UN-Hopper_Bd_tp#DNA/hAT-Ac   Same as  transposase [Bactrocera dorsalis]
UN-Mx_tp	hAT	DNA/hAT-Ac	719	UN-Mx_tp#DNA/hAT-Ac   via tfasty with Hatory, 1 frameshift overlaps  transposase [Zea mays]
UN-SLIDE_tp	hAT	DNA/hAT-Ac	588	UN-SLIDE_tp#DNA/hAT-Ac   wised from " N.tabacum DNA for class II transposable element slide-124 with ATHAT10" and others [Nicotiana tabacum]
UN-Tol2_Ola_tp	hAT	DNA/hAT-Ac	649	UN-Tol2_Ola_tp#DNA/hAT-Ac   Tol2 transposase [Oryzias latipes]
UN-117935429_tp	hAT	DNA/hAT-Blackjack	598	UN-117935429_tp#DNA/hAT-Blackjack   hypothetical protein GIP_L1_00690 [Glyptapanteles indiensis]
UN-HAT6-1_NV_tp	hAT	DNA/hAT-Blackjack	633	UN-HAT6-1_NV_tp#DNA/hAT-Blackjack   predicted protein [Nematostella vectensis]
UN-47205550_Tni_tp	hAT	DNA/hAT-Charlie	312	UN-47205550_Tni_tp#DNA/hAT-Charlie   unnamed protein product [Tetraodon nigroviridis]
UN-47215859_Tni_tp	hAT	DNA/hAT-Charlie	331	UN-47215859_Tni_tp#DNA/hAT-Charlie   unnamed protein product [Tetraodon nigroviridis]
UN-94470471_Spu_tp	hAT	DNA/hAT-Charlie	625	UN-94470471_Spu_tp#DNA/hAT-Charlie   transposase [Strongylocentrotus purpuratus]
UN-hAT-32_SM_tp	hAT	DNA/hAT-hAT19	492	UN-hAT-32_SM_tp#DNA/hAT-hAT19   via tfasty with 1 frameshift and 4 stopcodons [Schmidtea mediterranea]
UN-294896690_tp	hAT	DNA/hAT-hAT19	950	UN-294896690_tp#DNA/hAT-hAT19   hypothetical protein Pmar_PMAR020664 [Perkinsus marinus ATCC 50983]
UN-294900107_tp	hAT	DNA/hAT-hAT19	702	UN-294900107_tp#DNA/hAT-hAT19   hypothetical protein Pmar_PMAR017777 [Perkinsus marinus ATCC 50983]
UN-294951355_tp	hAT	DNA/hAT-hAT19	943	UN-294951355_tp#DNA/hAT-hAT19   hypothetical protein Pmar_PMAR006353 [Perkinsus marinus ATCC 50983]
UN-Hermit_tp	hAT	DNA/hAT-hobo	581	UN-Hermit_tp#DNA/hAT-hobo   transposase (RepBase entry contains frameshift) [Lucilia cuprina]
UN-Hobo_tp	hAT	DNA/hAT-hobo	658	UN-Hobo_tp#DNA/hAT-hobo   (one frameshift in RepBase hobo sequence) [Drosophila simulans]
UN-Hopers3_tp	hAT	DNA/hAT-Pegasus	799	UN-Hopers3_tp#DNA/hAT-Pegasus   1 intron. Previously presented by 54638886_Dps,  of Drosophila pseudoobscura. [Drosophila persimilis]
UN-13259368_Nha_tp	hAT	DNA/hAT-Restless	474	UN-13259368_Nha_tp#DNA/hAT-Restless   restless-like transposase [Nectria haematococca]
UN-Ascot-1_tp	hAT	DNA/hAT-Restless	637	UN-Ascot-1_tp#DNA/hAT-Restless   putative transposase [Ascobolus immersus]
UN-Restless_tp	hAT	DNA/hAT-Restless	802	UN-Restless_tp#DNA/hAT-Restless   putative transposase. Has a small intron, which may not be real. [Tolypocladium inflatum]
UN-Tfo1_FO_tp	hAT	DNA/hAT-Restless	777	UN-Tfo1_FO_tp#DNA/hAT-Restless   transposase-like protein - fungus [Fusarium oxysporum]
UN-22327270_Ath_tp	hAT	DNA/hAT-Tag1	485	UN-22327270_Ath_tp#DNA/hAT-Tag1   hAT dimerisation domain-containing protein [Arabidopsis thaliana]
UN-34914880_Osa_tp	hAT	DNA/hAT-Tag1	919	UN-34914880_Osa_tp#DNA/hAT-Tag1   B1096D03.1 (identical except for at termini with 50933413 and 20160539) [Oryza sativa]
UN-37532706_Osa_tp	hAT	DNA/hAT-Tag1	513	UN-37532706_Osa_tp#DNA/hAT-Tag1   putative transposable element [Oryza sativa]
UN-48249215_Pin_tp	hAT	DNA/hAT-Tag1	617	UN-48249215_Pin_tp#DNA/hAT-Tag1   transposase [Phytophthora infestans]
UN-Folyt1_Fox_tp	hAT	DNA/hAT-Tag1	676	UN-Folyt1_Fox_tp#DNA/hAT-Tag1   wised  transposase The GenBank entry has an intron, but this "intron" is conserved at the protein level with other HAT transposases. There are at least two frameshifts in the Fusarium sequence data. [Fusarium oxysporum f. sp. lycopersici]
UN-TAG1_tp	hAT	DNA/hAT-Tag1	729	UN-TAG1_tp#DNA/hAT-Tag1   putative transposase [Arabidopsis]
UN-TESSBIG_Osa_tp	hAT	DNA/hAT-Tag1	1086	UN-TESSBIG_Osa_tp#DNA/hAT-Tag1   putative polyprotein (RepBase entry has deletion?) [Oryza sativa]
UN-4584355_Ath_tp	hAT	DNA/hAT-Tip100	582	UN-4584355_Ath_tp#DNA/hAT-Tip100   Ac-like transposase [Arabidopsis thaliana]
UN-4585932_Ath_tp	hAT	DNA/hAT-Tip100	370	UN-4585932_Ath_tp#DNA/hAT-Tip100   hypothetical protein [Arabidopsis thaliana]
UN-9293884_Ath_tp	hAT	DNA/hAT-Tip100	716	UN-9293884_Ath_tp#DNA/hAT-Tip100   Ac-like transposase (fixed up with 4678201; too many introns) Zaphod-like [Arabidopsis thaliana]
UN-9294359_Ath_tp	hAT	DNA/hAT-Tip100	386	UN-9294359_Ath_tp#DNA/hAT-Tip100   unnamed protein product [Arabidopsis thaliana]
UN-11994527_Ath_tp	hAT	DNA/hAT-Tip100	535	UN-11994527_Ath_tp#DNA/hAT-Tip100   unnamed protein product (partially identical to 15228706, which is a badly constructed gene) Removed Copia fragment from C terminus. [Arabidopsis thaliana]
UN-15222347_Ath_tp	hAT	DNA/hAT-Tip100	496	UN-15222347_Ath_tp#DNA/hAT-Tip100   hypothetical protein [Arabidopsis thaliana]
UN-15234974_Ath_tp	hAT	DNA/hAT-Tip100	733	UN-15234974_Ath_tp#DNA/hAT-Tip100   hAT dimerisation domain-containing protein / transposase-related [Arabidopsis thaliana]
UN-22331419_Ath_tp	hAT	DNA/hAT-Tip100	412	UN-22331419_Ath_tp#DNA/hAT-Tip100   expressed protein [Arabidopsis thaliana]
UN-25518174_Ath_tp	hAT	DNA/hAT-Tip100	459	UN-25518174_Ath_tp#DNA/hAT-Tip100   hypothetical protein T32G9.31 - [Arabidopsis thaliana]
UN-25518425_Ath_tp	hAT	DNA/hAT-Tip100	811	UN-25518425_Ath_tp#DNA/hAT-Tip100   hypothetical protein T29M8.13 [Arabidopsis thaliana]
UN-31200611_Aga_tp	hAT	DNA/hAT-Tip100	622	UN-31200611_Aga_tp#DNA/hAT-Tip100   ENSANGP00000005427 Arthur-like [Anopheles gambiae]
UN-31212193_Aga_tp	hAT	DNA/hAT-Tip100	656	UN-31212193_Aga_tp#DNA/hAT-Tip100   ENSANGP00000002442 adjusted (too many introns; merged with 31212195) Arthur-like [Anopheles gambiae]
UN-32766289_Dre_tp	hAT	DNA/hAT-Tip100	721	UN-32766289_Dre_tp#DNA/hAT-Tip100   LOC402835 protein [Danio rerio]
UN-34894392_Osa_tp	hAT	DNA/hAT-Tip100	802	UN-34894392_Osa_tp#DNA/hAT-Tip100   putative transposable element Tip100 protein Tip100-like [Oryza sativa]
UN-34897860_Osa_tp	hAT	DNA/hAT-Tip100	757	UN-34897860_Osa_tp#DNA/hAT-Tip100   Similar to Arabidopsis thaliana DNA chromosome 4, BAC clone F17A8; putative protein. (AL049482) [Oryza sativa]
UN-34906206_Osa_tp	hAT	DNA/hAT-Tip100	796	UN-34906206_Osa_tp#DNA/hAT-Tip100   putative transposable element [Oryza sativa]
UN-34913676_Osa_tp	hAT	DNA/hAT-Tip100	897	UN-34913676_Osa_tp#DNA/hAT-Tip100   putative transposase [Oryza sativa]
UN-37534376_Osa_tp	hAT	DNA/hAT-Tip100	753	UN-37534376_Osa_tp#DNA/hAT-Tip100   putative Ac-like transposase [Oryza sativa]
UN-47085813_Dre_tp	hAT	DNA/hAT-Tip100	748	UN-47085813_Dre_tp#DNA/hAT-Tip100   zgc:55697 [Danio rerio]
UN-47203812_Tni_tp	hAT	DNA/hAT-Tip100	665	UN-47203812_Tni_tp#DNA/hAT-Tip100   (-Gulliver?) Closely related to hAT-31_SM [Tetraodon nigroviridis]
UN-47209746_Tni_tp	hAT	DNA/hAT-Tip100	509	UN-47209746_Tni_tp#DNA/hAT-Tip100   unnamed protein product [Tetraodon nigroviridis]
UN-47210177_Tni_eg_tp	hAT	DNA/hAT-Tip100	732	UN-47210177_Tni_eg_tp#DNA/hAT-Tip100   EXAPTED GENE; first 100 AA (containing a THAP DNA-binding domain) may be a from a fused protein.  unnamed protein product [Tetraodon nigroviridis]
UN-47777435_Osa_tp	hAT	DNA/hAT-Tip100	717	UN-47777435_Osa_tp#DNA/hAT-Tip100   hypothetical protein [Oryza sativa]
UN-50762314_Gga_tp	hAT	DNA/hAT-Tip100	1082	UN-50762314_Gga_tp#DNA/hAT-Tip100   PREDICTED: similar to KPL2 protein, partial [Gallus gallus]
UN-50907251_Osa_tp	hAT	DNA/hAT-Tip100	505	UN-50907251_Osa_tp#DNA/hAT-Tip100   putative hAT dimerisation domain-containing protein [Oryza sativa]
UN-115748410_Spu_tp	hAT	DNA/hAT-Tip100	817	UN-115748410_Spu_tp#DNA/hAT-Tip100   PREDICTED: similar to transposase [Strongylocentrotus purpuratus]
UN-116308850_Osa_tp	hAT	DNA/hAT-Tip100	864	UN-116308850_Osa_tp#DNA/hAT-Tip100   H1005F08.16 [Oryza sativa (indica cultivar-group)]
UN-116317825_Osa_tp	hAT	DNA/hAT-Tip100	793	UN-116317825_Osa_tp#DNA/hAT-Tip100   OSIGBa0126J24.6 [Oryza sativa (indica cultivar-group)]
UN-158138577_Api_tp	hAT	DNA/hAT-Tip100	646	UN-158138577_Api_tp#DNA/hAT-Tip100   R,  13054-12207 via tfasty with strPur2_34698_tp, 1 frameshift and 2 stopcodons. [Acyrthosiphon pisum]
UN-189528805_Dre_tp	hAT	DNA/hAT-Tip100	746	UN-189528805_Dre_tp#DNA/hAT-Tip100   PREDICTED: similar to protein-kinase, interferon-inducible double stranded RNA dependent inhibitor, repressor of (P58 repressor) isoform 1 [Danio rerio]
UN-193587271_Api_tp	hAT	DNA/hAT-Tip100	494	UN-193587271_Api_tp#DNA/hAT-Tip100   AA362 to end of  PREDICTED: similar to CG41389 CG41389-PA [Acyrthosiphon pisum]
UN-193603728_Api_tp	hAT	DNA/hAT-Tip100	793	UN-193603728_Api_tp#DNA/hAT-Tip100   PREDICTED: similar to 52 kDa repressor of the inhibitor of the protein kinase (p58IPK-interacting protein) (58 kDa interferon-induced protein kinase-interacting protein) (P52rIPK) (Death-associated protein 4) (THAP domain-containing protein 0)... [Acyrthosiphon pisum]
UN-193659637_Api_tp	hAT	DNA/hAT-Tip100	782	UN-193659637_Api_tp#DNA/hAT-Tip100   PREDICTED: similar to conserved hypothetical protein [Acyrthosiphon pisum]
UN-193685913_Api_tp	hAT	DNA/hAT-Tip100	926	UN-193685913_Api_tp#DNA/hAT-Tip100   PREDICTED: hypothetical protein [Acyrthosiphon pisum]
UN-193690818_Api_tp	hAT	DNA/hAT-Tip100	683	UN-193690818_Api_tp#DNA/hAT-Tip100   PREDICTED: similar to zinc finger, MYM domain containing 1 [Acyrthosiphon pisum]
UN-193713695_Api_tp	hAT	DNA/hAT-Tip100	577	UN-193713695_Api_tp#DNA/hAT-Tip100   ( AA deletion in C terminal region)  PREDICTED: similar to CG41389 CG41389-PA, partial [Acyrthosiphon pisum]
UN-193716080_Api_tp	hAT	DNA/hAT-Tip100	814	UN-193716080_Api_tp#DNA/hAT-Tip100   ,250-end (collapsed tandemly repeated domain)  PREDICTED: similar to zinc finger, MYM domain containing 1 [Acyrthosiphon pisum]
UN-221106434_Hma_tp	hAT	DNA/hAT-Tip100	624	UN-221106434_Hma_tp#DNA/hAT-Tip100   PREDICTED: similar to 52 kDa repressor of the inhibitor of the protein kinase [Hydra magnipapillata]
UN-221114381_Hma_tp	hAT	DNA/hAT-Tip100	671	UN-221114381_Hma_tp#DNA/hAT-Tip100   PREDICTED: similar to zinc finger, MYM domain containing 1 [Hydra magnipapillata]
UN-221116986_Hma_tp	hAT	DNA/hAT-Tip100	789	UN-221116986_Hma_tp#DNA/hAT-Tip100   PREDICTED: similar to zinc finger, MYM domain containing 1 [Hydra magnipapillata]
UN-221119815_Hma_tp	hAT	DNA/hAT-Tip100	663	UN-221119815_Hma_tp#DNA/hAT-Tip100   PREDICTED: similar to hAT family dimerisation domain containing protein, expressed [Hydra magnipapillata]
UN-221120077_Hma_tp	hAT	DNA/hAT-Tip100	838	UN-221120077_Hma_tp#DNA/hAT-Tip100   PREDICTED: similar to zinc finger, MYM domain containing 1 [Hydra magnipapillata]
UN-221125698_Hma_tp	hAT	DNA/hAT-Tip100	618	UN-221125698_Hma_tp#DNA/hAT-Tip100   PREDICTED: similar to zinc finger, MYM-type 1 [Hydra magnipapillata]
UN-221130118_Hma_tp	hAT	DNA/hAT-Tip100	845	UN-221130118_Hma_tp#DNA/hAT-Tip100   PREDICTED: similar to Protein-kinase, interferon-inducible double stranded RNA dependent inhibitor, repressor of (P58 repressor) [Hydra magnipapillata]
UN-Arthur1_Api_tp	hAT	DNA/hAT-Tip100	843	UN-Arthur1_Api_tp#DNA/hAT-Tip100   193584638  PREDICTED: similar to zinc finger, MYM domain containing 1 [Acyrthosiphon pisum]
UN-Arthur1_Cin_tp	hAT	DNA/hAT-Tip100	820	UN-Arthur1_Cin_tp#DNA/hAT-Tip100   198413053  PREDICTED: similar to zinc finger, MYM domain containing 1, partial (N terminal 150 AA probably wrong) [Ciona intestinalis]
UN-Arthur1_Hma_tp	hAT	DNA/hAT-Tip100	604	UN-Arthur1_Hma_tp#DNA/hAT-Tip100   Fragment (both ends truncated) [Eutheria]
UN-Arthur1_Nvi_tp	hAT	DNA/hAT-Tip100	813	UN-Arthur1_Nvi_tp#DNA/hAT-Tip100   [Eutheria]
UN-Arthur2_Api_tp	hAT	DNA/hAT-Tip100	830	UN-Arthur2_Api_tp#DNA/hAT-Tip100   193587442  PREDICTED: similar to zinc finger, MYM domain containing 1, partial [Acyrthosiphon pisum]
UN-Arthur3_Api_tp	hAT	DNA/hAT-Tip100	821	UN-Arthur3_Api_tp#DNA/hAT-Tip100   PREDICTED: similar to zinc finger, MYM domain containing 1 [Acyrthosiphon pisum]
UN-Contig36717_Hma_tp	hAT	DNA/hAT-Tip100	796	UN-Contig36717_Hma_tp#DNA/hAT-Tip100   R, of Hydra m.  via tfasty with hAT-74_HM, 1 frameshift and 3 stopcodons.  [Hydra magnipapillata]
UN-gb_AC206122.1_Sko_tp	hAT	DNA/hAT-Tip100	606	UN-gb_AC206122.1_Sko_tp#DNA/hAT-Tip100   R, Saccoglossus kowalevskii clone CUGI_SK_BA 001B13 (may be a gene; only 140-400 of Gulliver match other tps) [Saccoglossus kowalevskii]
UN-hAT-1_PTr_tp	hAT	DNA/hAT-Tip100	788	UN-hAT-1_PTr_tp#DNA/hAT-Tip100   Near-identical to previous database entry 224126313_Ptr_tpcopied from  [Populus trichocarpa]
UN-hAT-9_OS_tp	hAT	DNA/hAT-Tip100	811	UN-hAT-9_OS_tp#DNA/hAT-Tip100   Sequence was kept of previous 37537014_Osa from  putative transposase, as the consensus of hAT-9_OS has a frameshifts and several ambiguous sites. [Oryza sativa]
UN-HAT-69_HM_tp	hAT	DNA/hAT-Tip100	884	UN-HAT-69_HM_tp#DNA/hAT-Tip100   Near identical to  Zaphod-like.  [Hydra vulgaris]
UN-HATSOD1_tp	hAT	DNA/hAT-Tip100	798	UN-HATSOD1_tp#DNA/hAT-Tip100   putative hAT family dimerisation domain containing protein [Solanum demissum]
UN-NP_989053.1_Xtr_eg_tp	hAT	DNA/hAT-Tip100	753	UN-NP_989053.1_Xtr_eg_tp#DNA/hAT-Tip100   EXAPTED GENE; first 100 AA (containing a THAP DNA-binding domain) may be a from a fused protein.  protein-kinase, interferon-inducible double stranded RNA dependent inhibitor,repressor of (P58 repressor) [Xenopus (silurana) tropicalis]
UN-PRKRIR_Hsa_eg_tp	hAT	DNA/hAT-Tip100	761	UN-PRKRIR_Hsa_eg_tp#DNA/hAT-Tip100   EXAPTED GENE;  protein-kinase, interferon-inducible double stranded RNA dependent inhibitor, repressor of (P58 repressor) [Homo sapiens]
UN-PRKRIR_Oan_eg_tp	hAT	DNA/hAT-Tip100	764	UN-PRKRIR_Oan_eg_tp#DNA/hAT-Tip100   EXAPTED GENE;  PREDICTED: similar to Protein-kinase, interferon-inducible double stranded RNA dependent inhibitor, repressor of (P58 repressor) [Ornithorhynchus anatinus]
UN-PRKRIR_Tgu_eg_tp	hAT	DNA/hAT-Tip100	745	UN-PRKRIR_Tgu_eg_tp#DNA/hAT-Tip100   EXAPTED GENE;  PREDICTED: protein-kinase, interferon-inducible double stranded RNA dependent inhibitor, repressor of (P58 repressor) [Taeniopygia guttata]
UN-strPur2_81956_tp	hAT	DNA/hAT-Tip100	700	UN-strPur2_81956_tp#DNA/hAT-Tip100   1-2101 via tfasty with hAT-6_BF, 1 frameshift and 1 stopcodon.  [Strongylocentrotus purpuratus]
UN-Tip100_tp	hAT	DNA/hAT-Tip100	808	UN-Tip100_tp#DNA/hAT-Tip100   transposase [Ipomoea purpurea]
UN-XP_215777.3_tp	hAT	DNA/hAT-Tip100	703	UN-XP_215777.3_tp#DNA/hAT-Tip100   303-end Transposases-derived region of EXAPTED GENE  PREDICTED: similar to PR-domain protein 11 [Rattus norvegicus]
UN-XP_001923192.1_Dre_eg_tp	hAT	DNA/hAT-Tip100	746	UN-XP_001923192.1_Dre_eg_tp#DNA/hAT-Tip100   EXAPTED GENE; first 100 AA (containing a THAP DNA-binding domain) may be a from a fused protein.  PREDICTED: similar to protein-kinase, interferon-inducible double stranded RNA dependent inhibitor, repressor of (P58 repressor) isoform 1 [Danio rerio]
UN-Zaphod1_Api_tp	hAT	DNA/hAT-Tip100	826	UN-Zaphod1_Api_tp#DNA/hAT-Tip100   193594173  PREDICTED: similar to zinc finger, MYM domain containing 1. This is probably a copy of the recently added hAT-3_AP entry in RepBase, but this is a better sequence. hAT-3_AP has significant deletions and 10 or more frameshifts. [Acyrthosiphon pisum]
UN-Zaphod1_Hma_tp	hAT	DNA/hAT-Tip100	894	UN-Zaphod1_Hma_tp#DNA/hAT-Tip100   PREDICTED: similar to zinc finger, MYM-type 5 [Hydra magnipapillata]
UN-Zaphod1_Ola_tp	hAT	DNA/hAT-Tip100	851	UN-Zaphod1_Ola_tp#DNA/hAT-Tip100   157278581 from genbank  transposase [Oryzias latipes]
UN-Zaphod1_Osa_tp	hAT	DNA/hAT-Tip100	1084	UN-Zaphod1_Osa_tp#DNA/hAT-Tip100   from genbank  Os02g0236500 [Oryza sativa (japonica cultivar-group)]
UN-Zaphod2_Api_tp	hAT	DNA/hAT-Tip100	901	UN-Zaphod2_Api_tp#DNA/hAT-Tip100   PREDICTED: similar to zinc finger, MYM domain containing 1 [Acyrthosiphon pisum]
UN-Zaphod2_Hma_tp	hAT	DNA/hAT-Tip100	830	UN-Zaphod2_Hma_tp#DNA/hAT-Tip100   PREDICTED: similar to zinc finger, MYM domain containing 1 [Hydra magnipapillata]
UN-Zaphod2_Osa_tp	hAT	DNA/hAT-Tip100	844	UN-Zaphod2_Osa_tp#DNA/hAT-Tip100   | hypothetical protein OsI_08956 [Oryza sativa Indica Group]
UN-Zaphod3_Api_tp	hAT	DNA/hAT-Tip100	905	UN-Zaphod3_Api_tp#DNA/hAT-Tip100   PREDICTED: similar to zinc finger, MYM domain containing 1 [Acyrthosiphon pisum]
UN-Zaphod3_Hma_tp	hAT	DNA/hAT-Tip100	801	UN-Zaphod3_Hma_tp#DNA/hAT-Tip100   PREDICTED: similar to zinc finger, MYM domain containing 1, partial [Hydra magnipapillata]
UN-Zaphod3_Osa_tp	hAT	DNA/hAT-Tip100	835	UN-Zaphod3_Osa_tp#DNA/hAT-Tip100   hAT family dimerisation domain containing protein, expressed [Oryza sativa (japonica cultivar-group)]
UN-Zaphod4_Hma_tp	hAT	DNA/hAT-Tip100	853	UN-Zaphod4_Hma_tp#DNA/hAT-Tip100   [Hydra magnipapillata]
UN-ZNF862_Hsa_tp	hAT	DNA/hAT-Tip100	767	UN-ZNF862_Hsa_tp#DNA/hAT-Tip100   (end) Transposase-derived region of EXAPTED GENE NP_001092690 [Homo sapiens]
hAT-2_TV_tp	hAT	DNA/hAT	729	hAT-2_TV_tp#DNA/hAT RBRM:hAT-2_TV cds_range:356-2543 [Trichomonas vaginalis]
hAT-20_LSal_tp	hAT	DNA/hAT	408	hAT-20_LSal_tp#DNA/hAT RBRM:hAT-20_LSal cds_range:527-1751 [Lepeophtheirus salmonis]
AeHerves2_tp	hAT	DNA/hAT-Ac	640	AeHerves2_tp#DNA/hAT-Ac RBRM:AeHerves2 cds_range:695-2615 [Aedes aegypti]
ATHAT1_tp	hAT	DNA/hAT-Ac	705	ATHAT1_tp#DNA/hAT-Ac RBRM:ATHAT1 frameshifts:1 cds_range:673-2898 exons:673-2453;2564-2898 1 intron; RepBase annotation has induced by a frameshift in the sequence and attaching a mystery peptide. [Arabidopsis]
ATHAT2_tp	hAT	DNA/hAT-Ac	731	ATHAT2_tp#DNA/hAT-Ac RBRM:ATHAT2 frameshifts:1 stops:1 cds_range:741-2933 genewised with ATHAT3 One stopcodon & in sequence, no introns (RepBase annotation has 5) [Arabidopsis]
ATHAT3_tp	hAT	DNA/hAT-Ac	734	ATHAT3_tp#DNA/hAT-Ac RBRM:ATHAT3 cds_range:1171-3373 [Arabidopsis]
ATHAT7_tp	hAT	DNA/hAT-Ac	750	ATHAT7_tp#DNA/hAT-Ac RBRM:ATHAT7 cds_range:603-2853 [Arabidopsis]
ATHAT8_tp	hAT	DNA/hAT-Ac	692	ATHAT8_tp#DNA/hAT-Ac RBRM:ATHAT8 frameshifts:2 stops:1 cds_range:973-3051 via tfasty with ATHAT7_604-2856 [Arabidopsis thaliana]
ATHAT9_tp	hAT	DNA/hAT-Ac	551	ATHAT9_tp#DNA/hAT-Ac RBRM:ATHAT9 cds_range:599-2252 [Arabidopsis thaliana]
ATHAT10_tp	hAT	DNA/hAT-Ac	677	ATHAT10_tp#DNA/hAT-Ac RBRM:ATHAT10 frameshifts:1 cds_range:834-2869 includes a frameshift [Arabidopsis]
CHAPKA1_EM_tp	hAT	DNA/hAT-Ac	697	CHAPKA1_EM_tp#DNA/hAT-Ac RBRM:CHAPKA1_EM cds_range:285-2376 [Entamoeba moshkovskii]
Furousha1_tp	hAT	DNA/hAT-Ac	490	Furousha1_tp#DNA/hAT-Ac RBRM:Furousha1 cds_range:583-2053 [Takifugu]
Furousha2_tp	hAT	DNA/hAT-Ac	486	Furousha2_tp#DNA/hAT-Ac RBRM:Furousha2 cds_range:817-2275 [Takifugu]
HAT1_AG_tp	hAT	DNA/hAT-Ac	603	HAT1_AG_tp#DNA/hAT-Ac RBRM:HAT1_AG cds_range:1472-3281 [Anopheles gambiae]
HAT1_CI_tp	hAT	DNA/hAT-Ac	599	HAT1_CI_tp#DNA/hAT-Ac RBRM:HAT1_CI frameshifts:3 cds_range:616-2412 via tfasty with HAT5_CI_tp [Ciona intestinali]
HAT1_MT_tp	hAT	DNA/hAT-Ac	592	HAT1_MT_tp#DNA/hAT-Ac RBRM:HAT1_MT cds_range:1185-2961 [Medicago truncatula]
HAT2_CI_tp	hAT	DNA/hAT-Ac	609	HAT2_CI_tp#DNA/hAT-Ac RBRM:HAT2_CI cds_range:406-2233 [Ciona intestinalis]
HAT2_MT_tp	hAT	DNA/hAT-Ac	720	HAT2_MT_tp#DNA/hAT-Ac RBRM:HAT2_MT cds_range:750-2910 [Medicago truncatula]
HAT3_MT_tp	hAT	DNA/hAT-Ac	704	HAT3_MT_tp#DNA/hAT-Ac RBRM:HAT3_MT stops:1 cds_range:1009-3259 exons:1009-2313;2448-3259 [Medicago truncatula]
HAT4_CI_tp	hAT	DNA/hAT-Ac	558	HAT4_CI_tp#DNA/hAT-Ac RBRM:HAT4_CI frameshifts:3 stops:1 cds_range:1086-2896 exons:1086-2017;2152-2896 wised with AF486809_1_Bactrocera and HAT2_CI. N terminus missing with a short match to these proteins. [Ciona intestinalis]
HAT5_CI_tp	hAT	DNA/hAT-Ac	614	HAT5_CI_tp#DNA/hAT-Ac RBRM:HAT5_CI cds_range:237-2079 [Ciona intestinalis]
hAT-1_ALy_tp	hAT	DNA/hAT-Ac	750	hAT-1_ALy_tp#DNA/hAT-Ac RBRM:hAT-1_ALy cds_range:1215-3465 [Arabidopsis lyrata]
hAT-1_ASi_tp	hAT	DNA/hAT-Ac	324	hAT-1_ASi_tp#DNA/hAT-Ac RBRM:hAT-1_ASi cds_range:168-1140 [Alligator sinensis]
hAT-1_BDi_tp	hAT	DNA/hAT-Ac	716	hAT-1_BDi_tp#DNA/hAT-Ac RBRM:hAT-1_BDi cds_range:715-2863 [Brachypodium distachyon]
hAT-1_CCri_tp	hAT	DNA/hAT-Ac	725	hAT-1_CCri_tp#DNA/hAT-Ac RBRM:hAT-1_CCri cds_range:352-2527 [Chondrus crispus]
hAT-1_DEl_tp	hAT	DNA/hAT-Ac	634	hAT-1_DEl_tp#DNA/hAT-Ac RBRM:hAT-1_DEl frameshifts:3 cds_range:324-2225 via tfasty with Hoyak2_tp [Drosophila elegans]
hAT-1_DK_tp	hAT	DNA/hAT-Ac	609	hAT-1_DK_tp#DNA/hAT-Ac RBRM:hAT-1_DK cds_range:648-2475 [Drosophila kikkawai]
HAT-1_DP_tp	hAT	DNA/hAT-Ac	596	HAT-1_DP_tp#DNA/hAT-Ac RBRM:hAT-1_DP cds_range:416-2204 [Drosophila pseudoobscura]
hAT-1_DRh_tp	hAT	DNA/hAT-Ac	428	hAT-1_DRh_tp#DNA/hAT-Ac RBRM:hAT-1_DRh cds_range:61-1345 Fragment [Drosophila rhopaloa]
hAT-1_DSi_tp	hAT	DNA/hAT-Ac	584	hAT-1_DSi_tp#DNA/hAT-Ac RBRM:hAT-1_DSi cds_range:356-2202 exons:356-559;653-2202 via genewise with HAT-1_DP_tp [Drosophila simulans]
hAT-1_EI_tp	hAT	DNA/hAT-Ac	648	hAT-1_EI_tp#DNA/hAT-Ac RBRM:hAT-1_EI cds_range:688-2632 (hAT-1_EI)  [Entamoeba invadens]
hAT-1_EPa_tp	hAT	DNA/hAT-Ac	741	hAT-1_EPa_tp#DNA/hAT-Ac RBRM:hAT-1_EPa frameshifts:3 stops:1 cds_range:471-2693 via tfasty with ATHAT8_tp, SW:1929 [Eutrema parvulum]
hAT-1_FV_tp	hAT	DNA/hAT-Ac	763	hAT-1_FV_tp#DNA/hAT-Ac RBRM:hAT-1_FV cds_range:1343-3632 [Fragaria vesca]
hAT-1_GM_tp	hAT	DNA/hAT-Ac	731	hAT-1_GM_tp#DNA/hAT-Ac RBRM:hAT-1_GM stops:3 cds_range:865-3058 via tfasty with HAT3_MT_tp [Glycine max]
hAT-1_GR_tp	hAT	DNA/hAT-Ac	682	hAT-1_GR_tp#DNA/hAT-Ac RBRM:hAT-1_GR cds_range:1838-3884 [Gossypium raimondii]
hAT-1_JC_tp	hAT	DNA/hAT-Ac	722	hAT-1_JC_tp#DNA/hAT-Ac RBRM:hAT-1_JC cds_range:609-2775 [Jatropha curcas]
hAT-1_LU_tp	hAT	DNA/hAT-Ac	697	hAT-1_LU_tp#DNA/hAT-Ac RBRM:hAT-1_LU cds_range:1583-3674 [Linum usitatissimum]
hAT-1_MLP_tp	hAT	DNA/hAT-Ac	539	hAT-1_MLP_tp#DNA/hAT-Ac RBRM:hAT-1_MLP cds_range:894-2511 [Melampsora larici-populina]
hAT-1_MN_tp	hAT	DNA/hAT-Ac	691	hAT-1_MN_tp#DNA/hAT-Ac RBRM:hAT-1_MN cds_range:630-2703 [Morus notabilis]
hAT-1_NN_tp	hAT	DNA/hAT-Ac	675	hAT-1_NN_tp#DNA/hAT-Ac RBRM:hAT-1_NN cds_range:1209-3234 [Nelumbo nucifera]
HAT-1_NV_tp	hAT	DNA/hAT-Ac	653	HAT-1_NV_tp#DNA/hAT-Ac RBRM:hAT-1_NV frameshifts:2 stops:4 cds_range:412-2711 exons:412-1316;1576-2201;2279-2711 , 2 shifts (pretty bad sequence) [Nematostella vectensis]
hAT-1_OS_tp	hAT	DNA/hAT-Ac	719	hAT-1_OS_tp#DNA/hAT-Ac RBRM:hAT-1_OS cds_range:1023-3268 exons:1023-2043;2131-3268 via genewise with TWIFB1_tp [Oryza sativa]
hAT-1_PI_tp	hAT	DNA/hAT-Ac	899	hAT-1_PI_tp#DNA/hAT-Ac RBRM:hAT-1_PI cds_range:674-3371 (hAT-1_PI)  [Phytophthora infestans]
hAT-1_PPe_tp	hAT	DNA/hAT-Ac	701	hAT-1_PPe_tp#DNA/hAT-Ac RBRM:hAT-1_PPe cds_range:1993-4096 [Prunus persica]
hAT-1_PSo_tp	hAT	DNA/hAT-Ac	939	hAT-1_PSo_tp#DNA/hAT-Ac RBRM:hAT-1_PSo cds_range:219-3036 [Phytophthora sojae]
hAT-1_PTri_tp	hAT	DNA/hAT-Ac	653	hAT-1_PTri_tp#DNA/hAT-Ac RBRM:hAT-1_PTrit cds_range:283-2468 exons:283-343;422-1676;1823-2468 via genewise with hAT-15_SBi_tp [Puccinia triticina]
hAT-1_RC_tp	hAT	DNA/hAT-Ac	660	hAT-1_RC_tp#DNA/hAT-Ac RBRM:hAT-1_RC cds_range:1456-3436 [Ricinus communis]
hAT-1_Salmo_tp	hAT	DNA/hAT-Ac	1273	hAT-1_Salmo_tp#DNA/hAT-Ac RBRM:hAT-1_Salmo cds_range:617-4436 [Salmoninae]
HAT-1_SP_tp	hAT	DNA/hAT-Ac	594	HAT-1_SP_tp#DNA/hAT-Ac RBRM:hAT-1_SP cds_range:2099-4504 exons:2099-3184;3543-3701;3965-4504 GENSCAN_predicted_peptide_1|594_aa [Strongylocentrotus purpuratus]
hAT-1_TV_tp	hAT	DNA/hAT-Ac	711	hAT-1_TV_tp#DNA/hAT-Ac RBRM:hAT-1_TV cds_range:749-2882 [Trichomonas vaginalis]
HAT-2_AG_tp	hAT	DNA/hAT-Ac	595	HAT-2_AG_tp#DNA/hAT-Ac RBRM:hAT-2_AG cds_range:2687-4472 [Anopheles gambiae]
hAT-2_AP_tp	hAT	DNA/hAT-Ac	551	hAT-2_AP_tp#DNA/hAT-Ac RBRM:hAT-2_AP frameshifts:2 stops:1 cds_range:690-2341 via tfasty with HAT-1_DP_tp [Acyrthosiphon pisum]
HAT-2_BF_tp	hAT	DNA/hAT-Ac	634	HAT-2_BF_tp#DNA/hAT-Ac RBRM:hAT-2_BF cds_range:1237-3139 [Branchiostoma floridae]
hAT-2_CCri_tp	hAT	DNA/hAT-Ac	887	hAT-2_CCri_tp#DNA/hAT-Ac RBRM:hAT-2_CCri cds_range:510-3171 [Chondrus crispus]
hAT-2_CGi_tp	hAT	DNA/hAT-Ac	566	hAT-2_CGi_tp#DNA/hAT-Ac RBRM:hAT-2_CGi cds_range:811-2509 [Crassostrea gigas]
hAT-2_Crp_tp	hAT	DNA/hAT-Ac	849	hAT-2_Crp_tp#DNA/hAT-Ac RBRM:hAT-2_Crp cds_range:756-3303 [Longirostres]
hAT-2_DBp_tp	hAT	DNA/hAT-Ac	618	hAT-2_DBp_tp#DNA/hAT-Ac RBRM:hAT-2_DBp frameshifts:2 stops:2 cds_range:351-2205 via tfasty with hAT-1_DEl, SW:1077 [Drosophila bipectinata]
hAT-2_DK_tp	hAT	DNA/hAT-Ac	730	hAT-2_DK_tp#DNA/hAT-Ac RBRM:hAT-2_DK frameshifts:3 stops:1 cds_range:19-2206 via tfasty with Hoyak2_tp, SW:1341 [Drosophila kikkawai]
hAT-2_DSe_tp	hAT	DNA/hAT-Ac	524	hAT-2_DSe_tp#DNA/hAT-Ac RBRM:hAT-2_DSe frameshifts:1 stops:3 cds_range:660-2231 via tfasty with Hopper_Bd_tp [Drosophila sechellia]
hAT-2_EI1p_tp	hAT	DNA/hAT-Ac	671	hAT-2_EI1p_tp#DNA/hAT-Ac RBRM:hAT-2_EI cds_range:462-2475 (hAT-2_EI)  [Entamoeba invadens]
hAT-2_FV_tp	hAT	DNA/hAT-Ac	805	hAT-2_FV_tp#DNA/hAT-Ac RBRM:hAT-2_FV cds_range:1463-3878 [Fragaria vesca]
hAT-2_GM_tp	hAT	DNA/hAT-Ac	743	hAT-2_GM_tp#DNA/hAT-Ac RBRM:hAT-2_GM frameshifts:2 cds_range:2844-5134 exons:2844-3715;3776-5134 via genewise with HAT-6_VV_tp [Glycine max]
hAT-2_GR_tp	hAT	DNA/hAT-Ac	675	hAT-2_GR_tp#DNA/hAT-Ac RBRM:hAT-2_GR cds_range:2857-4882 [Gossypium raimondii]
hAT-2_JC_tp	hAT	DNA/hAT-Ac	660	hAT-2_JC_tp#DNA/hAT-Ac RBRM:hAT-2_JC cds_range:984-2964 [Jatropha curcas]
hAT-2_MN_tp	hAT	DNA/hAT-Ac	738	hAT-2_MN_tp#DNA/hAT-Ac RBRM:hAT-2_MN cds_range:669-3426 exons:669-1776;2319-3426 via genewise with TWIFBIG_tp [Morus notabilis]
hAT-2_PGr_tp	hAT	DNA/hAT-Ac	727	hAT-2_PGr_tp#DNA/hAT-Ac RBRM:hAT-2_PGr cds_range:330-2597 exons:330-582;668-2597 via genewise with hAT-1_PTri [Puccinia graminis f. sp. tritici crl 75-36-700-3]
hAT-2_SBi_tp	hAT	DNA/hAT-Ac	705	hAT-2_SBi_tp#DNA/hAT-Ac RBRM:hAT-2_SBi frameshifts:6 cds_range:1006-3121 via tfasty with ZhAT8_ZM [Sorghum bicolor]
HAT-2_SD_tp	hAT	DNA/hAT-Ac	844	HAT-2_SD_tp#DNA/hAT-Ac RBRM:hAT-2_SD stops:3 cds_range:756-3288 via tfasty with TWIFBIG_tp (there may be a small intron from 1324-ca.1470 to bridge the stopcodons) [Solanum demissum]
hAT-2_SIt_tp	hAT	DNA/hAT-Ac	737	hAT-2_SIt_tp#DNA/hAT-Ac RBRM:hAT-2_SIt cds_range:979-3190 [Setaria italica]
hAT-3_ALy_tp	hAT	DNA/hAT-Ac	745	hAT-3_ALy_tp#DNA/hAT-Ac RBRM:hAT-3_ALy cds_range:658-2893 [Arabidopsis lyrata]
hAT-3_DBp_tp	hAT	DNA/hAT-Ac	588	hAT-3_DBp_tp#DNA/hAT-Ac RBRM:hAT-3_DBp frameshifts:2 stops:1 cds_range:473-2237 via tfasty with Homo7 [Drosophila bipectinata]
hAT-3_DK_tp	hAT	DNA/hAT-Ac	589	hAT-3_DK_tp#DNA/hAT-Ac RBRM:hAT-3_DK cds_range:209-2035 exons:209-1468;1527-2035 via genewise with Hopper_Bd_tp [Drosophila kikkawai]
hAT-3_GM_tp	hAT	DNA/hAT-Ac	567	hAT-3_GM_tp#DNA/hAT-Ac RBRM:hAT-3_GM cds_range:604-2390 exons:604-1876;1961-2390 via genewise with HAT1_MT_tp [Glycine max]
hAT-3_MN_tp	hAT	DNA/hAT-Ac	724	hAT-3_MN_tp#DNA/hAT-Ac RBRM:hAT-3_MN cds_range:678-2850 [Morus notabilis]
hAT-3_PTr_tp	hAT	DNA/hAT-Ac	722	hAT-3_PTr_tp#DNA/hAT-Ac RBRM:hAT-3_PTr cds_range:1551-3717 [Populus trichocarpa]
hAT-3_PTri_tp	hAT	DNA/hAT-Ac	732	hAT-3_PTri_tp#DNA/hAT-Ac RBRM:hAT-3_PTrit frameshifts:1 stops:1 cds_range:262-2570 exons:262-532;643-2570 via genewise with hAT-1_PTri, & [Puccinia triticina]
hAT-3_SBi_tp	hAT	DNA/hAT-Ac	737	hAT-3_SBi_tp#DNA/hAT-Ac RBRM:hAT-3_SBi cds_range:919-3130 Very close to the fragmentary TIGR entry ZRSiTERTOOT00130 in Zea mays  [Sorghum bicolor]
hAT-3_TC_tp	hAT	DNA/hAT-Ac	731	hAT-3_TC_tp#DNA/hAT-Ac RBRM:hAT-3_TC cds_range:1472-3665 [Theobroma cacao]
hAT-4_ACar_tp	hAT	DNA/hAT-Ac	825	hAT-4_ACar_tp#DNA/hAT-Ac RBRM:hAT-4_ACar cds_range:3319-5794 [Anolis carolinensis]
hAT-4_ALy_tp	hAT	DNA/hAT-Ac	732	hAT-4_ALy_tp#DNA/hAT-Ac RBRM:hAT-4_ALy cds_range:616-2812 [Arabidopsis lyrata]
hAT-4_AMi_tp	hAT	DNA/hAT-Ac	844	hAT-4_AMi_tp#DNA/hAT-Ac RBRM:hAT-4_AMi frameshifts:1 cds_range:1222-3753 via tfasty with hAT-2_Crp_tp, Includes old hAT-3_Crp. [Crocodylia]
hAT-4_DBp_tp	hAT	DNA/hAT-Ac	636	hAT-4_DBp_tp#DNA/hAT-Ac RBRM:hAT-4_DBp frameshifts:3 stops:1 cds_range:318-2227 via tfasty with Homo7 [Drosophila bipectinata]
hAT-4_FV_tp	hAT	DNA/hAT-Ac	822	hAT-4_FV_tp#DNA/hAT-Ac RBRM:hAT-4_FV cds_range:1224-3956 exons:1224-3014;3280-3956 via genewise with HAT-7_Mad [Fragaria vesca]
hAT-4_MN_tp	hAT	DNA/hAT-Ac	699	hAT-4_MN_tp#DNA/hAT-Ac RBRM:hAT-4_MN cds_range:1297-3394 [Morus notabilis]
hAT-4_RC_tp	hAT	DNA/hAT-Ac	771	hAT-4_RC_tp#DNA/hAT-Ac RBRM:hAT-4_RC cds_range:2253-4566 [Ricinus communis]
hAT-4_TC_tp	hAT	DNA/hAT-Ac	746	hAT-4_TC_tp#DNA/hAT-Ac RBRM:hAT-4_TC cds_range:1576-3814 [Theobroma cacao]
hAT-4C_ACar_tp	hAT	DNA/hAT-Ac	838	hAT-4C_ACar_tp#DNA/hAT-Ac RBRM:hAT-4C_ACar frameshifts:1 cds_range:1600-4115 via tfasty with hAT-4_ACar_tp [Anolis carolinensis]
hAT-5_ALy_tp	hAT	DNA/hAT-Ac	716	hAT-5_ALy_tp#DNA/hAT-Ac RBRM:hAT-5_ALy cds_range:768-2916 [Arabidopsis lyrata]
hAT-5_CGi_tp	hAT	DNA/hAT-Ac	504	hAT-5_CGi_tp#DNA/hAT-Ac RBRM:hAT-5_CGi cds_range:1059-2571 [Crassostrea gigas]
hAT-5_DRh_tp	hAT	DNA/hAT-Ac	391	hAT-5_DRh_tp#DNA/hAT-Ac RBRM:hAT-5_DRh frameshifts:1 stops:1 cds_range:645-1819 via tfasty with Hopper_Bd_tp, Fragment with internal deletion as well. [Drosophila rhopaloa]
hAT-5_MN_tp	hAT	DNA/hAT-Ac	776	hAT-5_MN_tp#DNA/hAT-Ac RBRM:hAT-5_MN cds_range:1530-3858 [Morus notabilis]
hAT-5_OS_tp	hAT	DNA/hAT-Ac	701	hAT-5_OS_tp#DNA/hAT-Ac RBRM:hAT-5_OS frameshifts:2 cds_range:745-2850 via tfasty with HAT-17_ZM_tp [Oryza sativa]
hAT-5_RPr_tp	hAT	DNA/hAT-Ac	536	hAT-5_RPr_tp#DNA/hAT-Ac RBRM:hAT-5_RPr frameshifts:4 cds_range:3-1607 (fragment) via tfasty with hAT-53_HM_tp [Rhodnius prolixus]
hAT-5_TC_tp	hAT	DNA/hAT-Ac	560	hAT-5_TC_tp#DNA/hAT-Ac RBRM:hAT-5_TC cds_range:2121-3801 [Theobroma cacao]
hAT-6_JC_tp	hAT	DNA/hAT-Ac	727	hAT-6_JC_tp#DNA/hAT-Ac RBRM:hAT-6_JC cds_range:563-2744 [Jatropha curcas]
hAT-6_MN_tp	hAT	DNA/hAT-Ac	727	hAT-6_MN_tp#DNA/hAT-Ac RBRM:hAT-6_MN cds_range:1035-3216 [Morus notabilis]
hAT-6_OS_tp	hAT	DNA/hAT-Ac	715	hAT-6_OS_tp#DNA/hAT-Ac RBRM:hAT-6_OS cds_range:815-2960 [Oryza sativa]
hAT-6_STu_tp	hAT	DNA/hAT-Ac	744	hAT-6_STu_tp#DNA/hAT-Ac RBRM:hAT-6_STu frameshifts:1 cds_range:546-2777 via tfasty with hAT-3_PTr [Solanum tuberosum]
HAT-6_VV_tp	hAT	DNA/hAT-Ac	684	HAT-6_VV_tp#DNA/hAT-Ac RBRM:hAT-6_VV frameshifts:1 cds_range:974-3027 via tfasty with CRATA_tp [Vitis vinifera]
hAT-7_FV_tp	hAT	DNA/hAT-Ac	723	hAT-7_FV_tp#DNA/hAT-Ac RBRM:hAT-7_FV cds_range:398-2567 [Fragaria vesca]
HAT-7_Mad_tp	hAT	DNA/hAT-Ac	777	HAT-7_Mad_tp#DNA/hAT-Ac RBRM:HAT-7_Mad cds_range:1687-4018 [Malus domestica]
hAT-7_MN_tp	hAT	DNA/hAT-Ac	683	hAT-7_MN_tp#DNA/hAT-Ac RBRM:hAT-7_MN cds_range:1677-3841 exons:1677-3356;3471-3841 via genewise with HAT-9_Mad [Morus notabilis]
hAT-7_OS_tp	hAT	DNA/hAT-Ac	639	hAT-7_OS_tp#DNA/hAT-Ac RBRM:hAT-7_OS cds_range:1560-3477 [Oryza sativa]
hAT-7_PGr_tp	hAT	DNA/hAT-Ac	474	hAT-7_PGr_tp#DNA/hAT-Ac RBRM:hAT-7_PGr cds_range:334-1756 [Puccinia graminis]
hAT-7_PTr_tp	hAT	DNA/hAT-Ac	732	hAT-7_PTr_tp#DNA/hAT-Ac RBRM:hAT-7_PTr cds_range:1454-3650 [Populus trichocarpa]
HAT-8_Mad_tp	hAT	DNA/hAT-Ac	781	HAT-8_Mad_tp#DNA/hAT-Ac RBRM:HAT-8_Mad frameshifts:1 cds_range:1356-3700 via tfasty with HAT-8C_Mad [Malus domestica]
hAT-8_MN_tp	hAT	DNA/hAT-Ac	652	hAT-8_MN_tp#DNA/hAT-Ac RBRM:hAT-8_MN frameshifts:1 cds_range:390-2434 exons:390-2017;2103-2434 via genewise with HAT-9_Mad [Morus notabilis]
HAT-8C_Mad_tp	hAT	DNA/hAT-Ac	767	HAT-8C_Mad_tp#DNA/hAT-Ac RBRM:HAT-8C_Mad cds_range:1622-3923 [Malus domestica]
hAT-9_FV_tp	hAT	DNA/hAT-Ac	709	hAT-9_FV_tp#DNA/hAT-Ac RBRM:hAT-9_FV cds_range:784-2911 [Fragaria vesca]
HAT-9_Mad_tp	hAT	DNA/hAT-Ac	676	HAT-9_Mad_tp#DNA/hAT-Ac RBRM:HAT-9_Mad cds_range:2038-4161 exons:2038-3651;3746-4161 via genewise with ATHAT1_tp#DNA/hAT-Ac [Malus domestica]
hAT-9_PGr_tp	hAT	DNA/hAT-Ac	710	hAT-9_PGr_tp#DNA/hAT-Ac RBRM:hAT-9_PGr stops:2 cds_range:308-2851 exons:308-1074;1272-1654;1869-2851 via genewise with hAT-3_TC_tp [Puccinia graminis]
hAT-9_SSa_tp	hAT	DNA/hAT-Ac	564	hAT-9_SSa_tp#DNA/hAT-Ac RBRM:hAT-9_SSa cds_range:1990-3682 [Salmo salar]
HAT-9_XT_tp	hAT	DNA/hAT-Ac	1073	HAT-9_XT_tp#DNA/hAT-Ac RBRM:hAT-9_XT cds_range:1052-4271 [Xenopus (silurana) tropicalis]
HAT-10_Mad_tp	hAT	DNA/hAT-Ac	656	HAT-10_Mad_tp#DNA/hAT-Ac RBRM:HAT-10_Mad cds_range:3408-5503 exons:3408-5051;5178-5503 via genewise with HAT-9_Mad [Malus domestica]
hAT-10_OS_tp	hAT	DNA/hAT-Ac	627	hAT-10_OS_tp#DNA/hAT-Ac RBRM:hAT-10_OS cds_range:1814-3695 [Oryza sativa]
HAT-10_XT_tp	hAT	DNA/hAT-Ac	1156	HAT-10_XT_tp#DNA/hAT-Ac RBRM:hAT-10_XT cds_range:729-4197 [Xenopus (silurana) tropicalis]
hAT-11_HM_tp	hAT	DNA/hAT-Ac	664	hAT-11_HM_tp#DNA/hAT-Ac RBRM:hAT-11_HM cds_range:605-2597 [Hydra vulgaris]
hAT-11_LCh_tp	hAT	DNA/hAT-Ac	640	hAT-11_LCh_tp#DNA/hAT-Ac RBRM:hAT-11_LCh cds_range:702-2622 [Latimeria chalumnae]
HAT-12_XT_tp	hAT	DNA/hAT-Ac	678	HAT-12_XT_tp#DNA/hAT-Ac RBRM:hAT-12_XT frameshifts:3 stops:3 cds_range:1876-3909 via tfasty with HAT5_CI_tp [Xenopus (silurana) tropicalis]
hAT-12B_Crp_tp	hAT	DNA/hAT-Ac	779	hAT-12B_Crp_tp#DNA/hAT-Ac RBRM:hAT-12B_Crp cds_range:669-3006 [Crocodylia]
HAT-13_Mad_tp	hAT	DNA/hAT-Ac	709	HAT-13_Mad_tp#DNA/hAT-Ac RBRM:HAT-13_Mad stops:1 cds_range:634-2862 exons:634-1463;1564-2862 via genewise with CRATA_tp [Malus domestica]
hAT-13_SBi_tp	hAT	DNA/hAT-Ac	665	hAT-13_SBi_tp#DNA/hAT-Ac RBRM:hAT-13_SBi cds_range:813-2808 [Sorghum bicolor]
hAT-13_VVi_tp	hAT	DNA/hAT-Ac	669	hAT-13_VVi_tp#DNA/hAT-Ac RBRM:hAT-13_VVi cds_range:786-2793 [Vitis vinifera]
hAT-14_Crp_tp	hAT	DNA/hAT-Ac	593	hAT-14_Crp_tp#DNA/hAT-Ac RBRM:hAT-14_Crp frameshifts:2 cds_range:10-1789 via tfasty with HAT-1_SP [Crocodylia]
hAT-14_LCh_tp	hAT	DNA/hAT-Ac	506	hAT-14_LCh_tp#DNA/hAT-Ac RBRM:hAT-14_LCh cds_range:515-2033 [Latimeria chalumnae]
hAT-15_LSal_tp	hAT	DNA/hAT-Ac	675	hAT-15_LSal_tp#DNA/hAT-Ac RBRM:hAT-15_LSal cds_range:982-3007 [Lepeophtheirus salmonis]
HAT-15_Mad_tp	hAT	DNA/hAT-Ac	846	HAT-15_Mad_tp#DNA/hAT-Ac RBRM:HAT-15_Mad cds_range:1772-4310 [Malus domestica]
hAT-15_SBi_tp	hAT	DNA/hAT-Ac	622	hAT-15_SBi_tp#DNA/hAT-Ac RBRM:hAT-15_SBi frameshifts:1 cds_range:2820-4685 via tfasty with HAT-6_VV_tp [Sorghum bicolor]
HAT-15_ZM_tp	hAT	DNA/hAT-Ac	741	HAT-15_ZM_tp#DNA/hAT-Ac RBRM:hAT-15_ZM cds_range:703-2926 hAT-25_ZM_tp 85% identical. [Zea mays]
HAT-16_Mad_tp	hAT	DNA/hAT-Ac	796	HAT-16_Mad_tp#DNA/hAT-Ac RBRM:HAT-16_Mad cds_range:1862-4250 [Malus domestica]
hAT-16_ZM_tp	hAT	DNA/hAT-Ac	750	hAT-16_ZM_tp#DNA/hAT-Ac RBRM:hAT-16_ZM cds_range:1427-3677 [Zea mays]
hAT-17_Croc_tp	hAT	DNA/hAT-Ac	851	hAT-17_Croc_tp#DNA/hAT-Ac RBRM:hAT-17_Croc frameshifts:1 cds_range:876-3430 via tfasty with hAT-4_AMi_tp,  hAT-11_AMi_tp, hAT-12_Crp_tp, hAT-6_AMi all very similar to identical. [Crocodylidae]
HAT-17_ZM_tp	hAT	DNA/hAT-Ac	709	HAT-17_ZM_tp#DNA/hAT-Ac RBRM:hAT-17_ZM cds_range:954-3081 [Zea mays]
hAT-18_LCh_tp	hAT	DNA/hAT-Ac	605	hAT-18_LCh_tp#DNA/hAT-Ac RBRM:hAT-18_LCh cds_range:1007-2822 [Latimeria chalumnae]
HAT-18_Mad_tp	hAT	DNA/hAT-Ac	692	HAT-18_Mad_tp#DNA/hAT-Ac RBRM:HAT-18_Mad frameshifts:1 cds_range:1275-3350 via tfasty with HAT-8_Mad_tp [Malus domestica]
hAT-19_ZM_tp	hAT	DNA/hAT-Ac	557	hAT-19_ZM_tp#DNA/hAT-Ac RBRM:hAT-19_ZM cds_range:1804-3475 [Zea mays]
hAT-20_Mad_tp	hAT	DNA/hAT-Ac	717	hAT-20_Mad_tp#DNA/hAT-Ac RBRM:hAT-20_Mad cds_range:1870-4021 [Malus domestica]
hAT-21_ZM_tp	hAT	DNA/hAT-Ac	665	hAT-21_ZM_tp#DNA/hAT-Ac RBRM:hAT-21_ZM cds_range:914-2909 [Zea mays]
hAT-22_ZM_tp	hAT	DNA/hAT-Ac	738	hAT-22_ZM_tp#DNA/hAT-Ac RBRM:hAT-22_ZM cds_range:894-3108 [Zea mays]
hAT-23_ZM_tp	hAT	DNA/hAT-Ac	709	hAT-23_ZM_tp#DNA/hAT-Ac RBRM:hAT-23_ZM cds_range:912-3039 [Zea mays]
hAT-24_ZM_tp	hAT	DNA/hAT-Ac	703	hAT-24_ZM_tp#DNA/hAT-Ac RBRM:hAT-24_ZM cds_range:899-3008 [Zea mays]
hAT-26_HM_tp	hAT	DNA/hAT-Ac	543	hAT-26_HM_tp#DNA/hAT-Ac RBRM:hAT-26_HM cds_range:969-2598 [Hydra vulgaris]
hAT-26_LCh_tp	hAT	DNA/hAT-Ac	631	hAT-26_LCh_tp#DNA/hAT-Ac RBRM:hAT-26_LCh cds_range:1039-2932 [Latimeria chalumnae]
hAT-26_ZM_tp	hAT	DNA/hAT-Ac	584	hAT-26_ZM_tp#DNA/hAT-Ac RBRM:hAT-26_ZM cds_range:1030-2782 [Zea mays]
hAT-27_HM_tp	hAT	DNA/hAT-Ac	636	hAT-27_HM_tp#DNA/hAT-Ac RBRM:hAT-27_HM cds_range:901-2809 [Hydra vulgaris]
hAT-28_HM_tp	hAT	DNA/hAT-Ac	681	hAT-28_HM_tp#DNA/hAT-Ac RBRM:hAT-28_HM cds_range:2153-4196 [Hydra vulgaris]
hAT-30_HM_tp	hAT	DNA/hAT-Ac	613	hAT-30_HM_tp#DNA/hAT-Ac RBRM:hAT-30_HM cds_range:762-2601 [Hydra vulgaris]
hAT-31_LMi_tp	hAT	DNA/hAT-Ac	655	hAT-31_LMi_tp#DNA/hAT-Ac RBRM:hAT-31_LMi cds_range:748-2713 [Locusta migratoria]
hAT-34_DR_tp	hAT	DNA/hAT-Ac	637	hAT-34_DR_tp#DNA/hAT-Ac RBRM:hAT-34_DR frameshifts:3 cds_range:180-2384 exons:180-1652;1948-2384 via genewise with HAT-4_DR_tp [Danio rerio]
hAT-37_HM_tp	hAT	DNA/hAT-Ac	609	hAT-37_HM_tp#DNA/hAT-Ac RBRM:hAT-37_HM cds_range:1192-3019 [Hydra vulgaris]
hAT-38_SSa_tp	hAT	DNA/hAT-Ac	577	hAT-38_SSa_tp#DNA/hAT-Ac RBRM:hAT-38_SSa cds_range:1368-3099 [Salmo salar]
hAT-45_HM_tp	hAT	DNA/hAT-Ac	739	hAT-45_HM_tp#DNA/hAT-Ac RBRM:hAT-45_HM cds_range:573-2790 [Hydra vulgaris]
hAT-52_HM_tp	hAT	DNA/hAT-Ac	582	hAT-52_HM_tp#DNA/hAT-Ac RBRM:hAT-52_HM cds_range:1470-3216 [Hydra vulgaris]
hAT-53_HM_tp	hAT	DNA/hAT-Ac	663	hAT-53_HM_tp#DNA/hAT-Ac RBRM:hAT-53_HM frameshifts:1 cds_range:628-3326 exons:628-798;1506-3326 via genewise with Tol2_Ola_tp [Hydra vulgaris]
hAT-66_HM_tp	hAT	DNA/hAT-Ac	644	hAT-66_HM_tp#DNA/hAT-Ac RBRM:hAT-66_HM cds_range:756-2688 [Hydra vulgaris]
HAT-70_HM_tp	hAT	DNA/hAT-Ac	537	HAT-70_HM_tp#DNA/hAT-Ac RBRM:hAT-70_HM cds_range:732-2832 exons:732-990;1082-1537;1748-2385;2571-2832 GENSCAN_predicted_peptide [Hydra vulgaris]
Hoana7_tp	hAT	DNA/hAT-Ac	511	Hoana7_tp#DNA/hAT-Ac RBRM:Hoana7 cds_range:641-2174 [Drosophila ananassae]
Homo2_tp	hAT	DNA/hAT-Ac	465	Homo2_tp#DNA/hAT-Ac RBRM:Homo2 cds_range:428-1823 [Drosophila mojavensis]
Homo5_tp	hAT	DNA/hAT-Ac	479	Homo5_tp#DNA/hAT-Ac RBRM:Homo5 cds_range:627-2064 [Drosophila mojavensis]
Homo7_tp	hAT	DNA/hAT-Ac	594	Homo7_tp#DNA/hAT-Ac RBRM:Homo7 frameshifts:1 stops:1 cds_range:443-2224 via tfasty with Hoyak2_tp [Drosophila mojavensis]
Homo8_tp	hAT	DNA/hAT-Ac	578	Homo8_tp#DNA/hAT-Ac RBRM:Homo8 cds_range:533-2267 [Drosophila mojavensis]
Howilli1_tp	hAT	DNA/hAT-Ac	587	Howilli1_tp#DNA/hAT-Ac RBRM:Howilli1 cds_range:393-2154 [Drosophila willistoni]
Howilli3_tp	hAT	DNA/hAT-Ac	500	Howilli3_tp#DNA/hAT-Ac RBRM:Howilli3 cds_range:50-1550 [Drosophila willistoni]
Hoyak2_tp	hAT	DNA/hAT-Ac	575	Hoyak2_tp#DNA/hAT-Ac RBRM:Hoyak2 frameshifts:1 stops:1 cds_range:294-2018 via tfasty with hAT-2_DSe_tp, There probably is an intron instead including pos 1790-1810. [Drosophila yakuba]
METRAHAT_tp	hAT	DNA/hAT-Ac	707	METRAHAT_tp#DNA/hAT-Ac RBRM:METRAHAT cds_range:1352-3473 [Medicago truncatula]
TAG2_tp	hAT	DNA/hAT-Ac	577	TAG2_tp#DNA/hAT-Ac RBRM:TAG2 cds_range:716-2613 exons:716-2035;2201-2613 2 exons; from repbase [Arabidopsis]
TAM3_AM_tp	hAT	DNA/hAT-Ac	749	TAM3_AM_tp#DNA/hAT-Ac RBRM:TAM3_AM cds_range:847-3094 [Antirrhinum majus]
TEMPINDAS-1_SB_tp	hAT	DNA/hAT-Ac	695	TEMPINDAS-1_SB_tp#DNA/hAT-Ac RBRM:TEMPINDAS-1_SB cds_range:1130-3215 [Sorghum bicolor]
TEMPINDAS_tp	hAT	DNA/hAT-Ac	764	TEMPINDAS_tp#DNA/hAT-Ac RBRM:TEMPINDAS cds_range:1148-3440 [Oryza sativa]
TWIFB1_tp	hAT	DNA/hAT-Ac	711	TWIFB1_tp#DNA/hAT-Ac RBRM:TWIFB1 cds_range:912-3045 , so may be poor quality. [Oryza sativa]
TWIFBIG_tp	hAT	DNA/hAT-Ac	726	TWIFBIG_tp#DNA/hAT-Ac RBRM:TWIFBIG cds_range:689-2867 One frameshift in RepBase entry Estwised with several hAT transposases [Oryza sativa]
ZhAT3_ZM_tp	hAT	DNA/hAT-Ac	712	ZhAT3_ZM_tp#DNA/hAT-Ac RBRM:ZhAT3_ZM cds_range:1047-3183 [Zea mays]
ZhAT8_ZM_tp	hAT	DNA/hAT-Ac	739	ZhAT8_ZM_tp#DNA/hAT-Ac RBRM:ZhAT8_ZM stops:1 cds_range:812-3029 via tfasty with 38345535_Osa [Zea mays]
ZhAT10_ZM_tp	hAT	DNA/hAT-Ac	748	ZhAT10_ZM_tp#DNA/hAT-Ac RBRM:ZhAT10_ZM cds_range:824-3068 [Zea mays]
HAT6-1_SP_tp	hAT	DNA/hAT-Blackjack	813	HAT6-1_SP_tp#DNA/hAT-Blackjack RBRM:hAT6-1_SP cds_range:423-2862 [Strongylocentrotus purpuratus]
HAT6-2_NV_tp	hAT	DNA/hAT-Blackjack	759	HAT6-2_NV_tp#DNA/hAT-Blackjack RBRM:hAT6-2_NV stops:2 cds_range:2135-5777 exons:2135-2587;2770-2949;3065-3301;3576-4203;4994-5777 . Genscan, tfasty and trickery. One stopcodon. There seems to be a cystein protease ORF at 1622-2065 as well. [Nematostella vectensis]
HAT6-2_SP_tp	hAT	DNA/hAT-Blackjack	856	HAT6-2_SP_tp#DNA/hAT-Blackjack RBRM:hAT6-2_SP cds_range:883-4457 exons:883-1345;2354-4457 GENSCAN_predicted_peptide_1|856_aa [Strongylocentrotus purpuratus]
hAT8_SP_tp	hAT	DNA/hAT-Blackjack	828	hAT8_SP_tp#DNA/hAT-Blackjack RBRM:hAT8_SP frameshifts:3 cds_range:455-3637 exons:455-1634;1976-2139;2499-3637 via genewise with HAT6-2_SP, Perhaps an intron missed.  [Strongylocentrotus purpuratus]
hAT-1_DBp_tp	hAT	DNA/hAT-Blackjack	554	hAT-1_DBp_tp#DNA/hAT-Blackjack RBRM:hAT-1_DBp frameshifts:1 cds_range:822-2485 via tfasty with HAT-28_SM [Drosophila bipectinata]
hAT-1_HSal_tp	hAT	DNA/hAT-Blackjack	616	hAT-1_HSal_tp#DNA/hAT-Blackjack RBRM:hAT-1_HSal cds_range:50-1898 [Harpegnathos saltator]
hAT-13_Crp_tp	hAT	DNA/hAT-Blackjack	647	hAT-13_Crp_tp#DNA/hAT-Blackjack RBRM:hAT-13_Crp cds_range:966-2907 80% similar to Blackjack_tp itself. [Crocodylia]
hAT-14_SSa_tp	hAT	DNA/hAT-Blackjack	657	hAT-14_SSa_tp#DNA/hAT-Blackjack RBRM:hAT-14_SSa cds_range:265-2236 [Salmo salar]
hAT-18_SSa_tp	hAT	DNA/hAT-Blackjack	667	hAT-18_SSa_tp#DNA/hAT-Blackjack RBRM:hAT-18_SSa cds_range:519-2520 [Salmo salar]
hAT-23_LCh_tp	hAT	DNA/hAT-Blackjack	839	hAT-23_LCh_tp#DNA/hAT-Blackjack RBRM:hAT-23_LCh cds_range:483-3000 [Latimeria chalumnae]
hAT-25_LCh_tp	hAT	DNA/hAT-Blackjack	615	hAT-25_LCh_tp#DNA/hAT-Blackjack RBRM:hAT-25_LCh cds_range:1547-3392 [Latimeria chalumnae]
hAT-26_CPB_tp	hAT	DNA/hAT-Blackjack	636	hAT-26_CPB_tp#DNA/hAT-Blackjack RBRM:hAT-26_CPB cds_range:566-2474 [Chrysemys picta bellii]
hAT-26_LMi_tp	hAT	DNA/hAT-Blackjack	621	hAT-26_LMi_tp#DNA/hAT-Blackjack RBRM:hAT-26_LMi cds_range:466-2329 [Locusta migratoria]
HAT-28_SM_tp	hAT	DNA/hAT-Blackjack	629	HAT-28_SM_tp#DNA/hAT-Blackjack RBRM:hAT-28_SM frameshifts:1 cds_range:333-2221 via tfasty with 117935429_tp [Schmidtea mediterranea]
hAT-29_HM_tp	hAT	DNA/hAT-Blackjack	661	hAT-29_HM_tp#DNA/hAT-Blackjack RBRM:hAT-29_HM cds_range:190-2173 [Hydra vulgaris]
hAT-30_CPB_tp	hAT	DNA/hAT-Blackjack	639	hAT-30_CPB_tp#DNA/hAT-Blackjack RBRM:hAT-30_CPB cds_range:600-2517 [Chrysemys picta bellii]
hAT-38_LCh_tp	hAT	DNA/hAT-Blackjack	639	hAT-38_LCh_tp#DNA/hAT-Blackjack RBRM:hAT-38_LCh cds_range:855-2772 [Latimeria chalumnae]
hAT-40_SSa_tp	hAT	DNA/hAT-Blackjack	613	hAT-40_SSa_tp#DNA/hAT-Blackjack RBRM:hAT-40_SSa cds_range:179-2018 [Salmo salar]
hAT-46_HM_tp	hAT	DNA/hAT-Blackjack	575	hAT-46_HM_tp#DNA/hAT-Blackjack RBRM:hAT-46_HM cds_range:1059-2784 [Hydra vulgaris]
hAT-85_HMa_tp	hAT	DNA/hAT-Blackjack	624	hAT-85_HMa_tp#DNA/hAT-Blackjack RBRM:hAT-85_HMa cds_range:611-2483 [Hydra vulgaris]
hAT-27_LSal_tp	hAT	DNA/hAT-Blackjack	313	hAT-27_LSal_tp#DNA/hAT-Blackjack RBRM:hAT-27_LSal stops:1 cds_range:295-1234 (fragment) via tfasty with HAT-2_SM [Lepeophtheirus salmonis]
AeBuster1_tp	hAT	DNA/hAT-Charlie	639	AeBuster1_tp#DNA/hAT-Charlie RBRM:AeBuster1 cds_range:492-2409 [Aedes aegypti]
AeBuster3_tp	hAT	DNA/hAT-Charlie	592	AeBuster3_tp#DNA/hAT-Charlie RBRM:AeBuster3 cds_range:1037-2813 [Aedes aegypti]
Chaplin4_FR_tp	hAT	DNA/hAT-Charlie	609	Chaplin4_FR_tp#DNA/hAT-Charlie RBRM:Chaplin4_FR cds_range:135-1962 [Takifugu]
Chaplin5_FR_tp	hAT	DNA/hAT-Charlie	612	Chaplin5_FR_tp#DNA/hAT-Charlie RBRM:hAT-10_SSa cds_range:184-2020 (copied from basically identical hAT-10_SSa) [Takifugu]
Chaplin6_FR_tp	hAT	DNA/hAT-Charlie	652	Chaplin6_FR_tp#DNA/hAT-Charlie RBRM:Chaplin6_FR cds_range:205-2161 [Takifugu]
Chaplin8_FR_tp	hAT	DNA/hAT-Charlie	629	Chaplin8_FR_tp#DNA/hAT-Charlie RBRM:Chaplin8_FR cds_range:877-2764 [Takifugu]
Charlie12_GG_tp	hAT	DNA/hAT-Charlie	602	Charlie12_GG_tp#DNA/hAT-Charlie RBRM:Charlie12_GG cds_range:313-2119 [Gallus]
Charlie12_Prosim_tp	hAT	DNA/hAT-Charlie	605	Charlie12_Prosim_tp#DNA/hAT-Charlie RBRM:Charlie12_Prosim cds_range:621-2436 [Strepsirrhini]
HAT3_CI_tp	hAT	DNA/hAT-Charlie	604	HAT3_CI_tp#DNA/hAT-Charlie RBRM:HAT3_CI frameshifts:3 stops:2 cds_range:426-2237 wised with Charlie5 and Chaplin8 [Ciona intestinalis]
HAT6_CI_tp	hAT	DNA/hAT-Charlie	604	HAT6_CI_tp#DNA/hAT-Charlie RBRM:HAT6_CI cds_range:280-2092 [Ciona intestinalis]
hAT-1_CTe_tp	hAT	DNA/hAT-Charlie	609	hAT-1_CTe_tp#DNA/hAT-Charlie RBRM:hAT-1_CTe cds_range:487-2314 [Capitella teleta]
hAT-1_DAn_tp	hAT	DNA/hAT-Charlie	569	hAT-1_DAn_tp#DNA/hAT-Charlie RBRM:hAT-1_DAn frameshifts:2 cds_range:1267-2976 via tfasty with hAT-3_AC [Drosophila ananassae]
hAT-1_LCh_tp	hAT	DNA/hAT-Charlie	602	hAT-1_LCh_tp#DNA/hAT-Charlie RBRM:hAT-1_LCh cds_range:1079-2885 [Latimeria chalumnae]
hAT-1_MEu_tp	hAT	DNA/hAT-Charlie	622	hAT-1_MEu_tp#DNA/hAT-Charlie RBRM:hAT-1_MEu frameshifts:1 cds_range:717-2584 via tfasty with HAT-11_SM [Macropus eugenii]
hAT-1_PBa_tp	hAT	DNA/hAT-Charlie	530	hAT-1_PBa_tp#DNA/hAT-Charlie RBRM:hAT-1_PBa cds_range:1302-2892 [Pogonomyrmex barbatus]
hAT-1_PPI_tp	hAT	DNA/hAT-Charlie	484	hAT-1_PPI_tp#DNA/hAT-Charlie RBRM:hAT-1_PPI cds_range:116-1568 [Phytophthora parasitica]
HAT-1_SM_tp	hAT	DNA/hAT-Charlie	598	HAT-1_SM_tp#DNA/hAT-Charlie RBRM:hAT-1_SM cds_range:499-2293 [Schmidtea mediterranea]
hAT-1_SSa_tp	hAT	DNA/hAT-Charlie	537	hAT-1_SSa_tp#DNA/hAT-Charlie RBRM:hAT-1_SSa cds_range:241-1852 [Salmo salar]
HAT-1_XT_tp	hAT	DNA/hAT-Charlie	606	HAT-1_XT_tp#DNA/hAT-Charlie RBRM:hAT-1_XT cds_range:857-2675 [Xenopus (silurana) tropicalis]
hAT-2-h_SM_tp	hAT	DNA/hAT-Charlie	590	hAT-2-h_SM_tp#DNA/hAT-Charlie RBRM:hAT-2-h_SM frameshifts:2 stops:2 cds_range:73-1843 via tfasty with OposCharlie1_tp, Poor quality sequence. Likely well over 90% identical to OposCharlie1_tp [Schmidtea mediterranea]
hAT-2_LMi_tp	hAT	DNA/hAT-Charlie	607	hAT-2_LMi_tp#DNA/hAT-Charlie RBRM:hAT-2_LMi cds_range:167-1988 [Locusta migratoria]
hAT-2_RPr_tp	hAT	DNA/hAT-Charlie	617	hAT-2_RPr_tp#DNA/hAT-Charlie RBRM:hAT-2_RPr cds_range:474-2325 [Rhodnius prolixus]
HAT-2_SM_tp	hAT	DNA/hAT-Charlie	649	HAT-2_SM_tp#DNA/hAT-Charlie RBRM:hAT-2_SM cds_range:924-2871 [Schmidtea mediterranea]
hAT-2B_PM_tp	hAT	DNA/hAT-Charlie	554	hAT-2B_PM_tp#DNA/hAT-Charlie RBRM:hAT-2B_PM cds_range:374-2036 [Petromyzon marinus]
hAT-3_AC_tp	hAT	DNA/hAT-Charlie	607	hAT-3_AC_tp#DNA/hAT-Charlie RBRM:hAT-3_AC cds_range:733-2554 [Anolis carolinensis]
hAT-3_PM_tp	hAT	DNA/hAT-Charlie	602	hAT-3_PM_tp#DNA/hAT-Charlie RBRM:hAT-3_PM cds_range:872-2678 [Petromyzon marinus]
hAT-3_RPr_tp	hAT	DNA/hAT-Charlie	629	hAT-3_RPr_tp#DNA/hAT-Charlie RBRM:hAT-3_RPr frameshifts:2 cds_range:390-2275 via tfasty with hAT-1_MEu [Rhodnius prolixus]
HAT-3_SM_tp	hAT	DNA/hAT-Charlie	603	HAT-3_SM_tp#DNA/hAT-Charlie RBRM:hAT-3_SM frameshifts:1 cds_range:451-2259 via tfasty with Charlie12_GG_tp [Schmidtea mediterranea]
hAT-3_TV_tp	hAT	DNA/hAT-Charlie	663	hAT-3_TV_tp#DNA/hAT-Charlie RBRM:hAT-3_TV cds_range:578-2567 [Trichomonas vaginalis]
hAT-4_HM_tp	hAT	DNA/hAT-Charlie	589	hAT-4_HM_tp#DNA/hAT-Charlie RBRM:hAT-4_HM cds_range:421-2188 [Hydra vulgaris]
hAT-4_ML_tp	hAT	DNA/hAT-Charlie	601	hAT-4_ML_tp#DNA/hAT-Charlie RBRM:hAT-4_ML cds_range:1593-3396 [Myotis lucifugus]
HAT-4_SM_tp	hAT	DNA/hAT-Charlie	593	HAT-4_SM_tp#DNA/hAT-Charlie RBRM:hAT-4_SM cds_range:504-2283 [Schmidtea mediterranea]
hAT-4_SSa_tp	hAT	DNA/hAT-Charlie	538	hAT-4_SSa_tp#DNA/hAT-Charlie RBRM:hAT-4_SSa cds_range:505-2119 [Salmo salar]
HAT-4_XT_tp	hAT	DNA/hAT-Charlie	598	HAT-4_XT_tp#DNA/hAT-Charlie RBRM:hAT-4_XT frameshifts:1 cds_range:1465-3260 via tfasty with OposCharlie1_tp, to replace 47185375_Tni [Xenopus (silurana) tropicalis]
hAT-5_CPB_tp	hAT	DNA/hAT-Charlie	629	hAT-5_CPB_tp#DNA/hAT-Charlie RBRM:hAT-5_CPB cds_range:512-2399 [Chrysemys picta bellii]
hAT-5_LCh_tp	hAT	DNA/hAT-Charlie	635	hAT-5_LCh_tp#DNA/hAT-Charlie RBRM:hAT-5_LCh cds_range:576-2481 [Latimeria chalumnae]
HAT-5_SM_tp	hAT	DNA/hAT-Charlie	637	HAT-5_SM_tp#DNA/hAT-Charlie RBRM:hAT-5_SM cds_range:577-2488 [Schmidtea mediterranea]
HAT-6_SM_tp	hAT	DNA/hAT-Charlie	600	HAT-6_SM_tp#DNA/hAT-Charlie RBRM:hAT-6_SM stops:1 cds_range:560-2360 via tfasty with Charlie12_GG_tp [Schmidtea mediterranea]
hAT-6_SSa_tp	hAT	DNA/hAT-Charlie	613	hAT-6_SSa_tp#DNA/hAT-Charlie RBRM:hAT-6_SSa cds_range:387-2226 [Salmo salar]
HAT-6_XT_tp	hAT	DNA/hAT-Charlie	616	HAT-6_XT_tp#DNA/hAT-Charlie RBRM:hAT-6_XT frameshifts:2 cds_range:199-2045 via tfasty with Chaplin8_FR_tp [Xenopus (silurana) tropicalis]
hAT-7_AMi_tp	hAT	DNA/hAT-Charlie	623	hAT-7_AMi_tp#DNA/hAT-Charlie RBRM:hAT-7_AMi cds_range:1511-3380 [Crocodylia]
hAT-7_CPB_tp	hAT	DNA/hAT-Charlie	620	hAT-7_CPB_tp#DNA/hAT-Charlie RBRM:hAT-7_CPB frameshifts:1 cds_range:683-2542 via tfasty with HAT-5_DR [Chrysemys picta bellii]
hAT-7_PM_tp	hAT	DNA/hAT-Charlie	602	hAT-7_PM_tp#DNA/hAT-Charlie RBRM:hAT-7_PM cds_range:301-2107 [Petromyzon marinus]
hAT-7_SSa_tp	hAT	DNA/hAT-Charlie	602	hAT-7_SSa_tp#DNA/hAT-Charlie RBRM:hAT-7_SSa cds_range:309-2115 [Salmo salar]
HAT-7_XT_tp	hAT	DNA/hAT-Charlie	592	HAT-7_XT_tp#DNA/hAT-Charlie RBRM:hAT-7_XT cds_range:142-1918 [Xenopus (silurana) tropicalis]
hAT-8_CPB_tp	hAT	DNA/hAT-Charlie	666	hAT-8_CPB_tp#DNA/hAT-Charlie RBRM:hAT-8_CPB cds_range:518-2516 [Chrysemys picta bellii]
hAT-8_Crp_tp	hAT	DNA/hAT-Charlie	595	hAT-8_Crp_tp#DNA/hAT-Charlie RBRM:hAT-8_Crp stops:1 cds_range:2458-4243 via tfasty with Charlie12_GG_tp, hAT-9_AMi_tp basically identical, and probably the same element. [Crocodylia]
hAT-10_AMi_tp	hAT	DNA/hAT-Charlie	586	hAT-10_AMi_tp#DNA/hAT-Charlie RBRM:hAT-10_AMi frameshifts:4 stops:4 cds_range:481-2414 exons:481-1841;2015-2414 via genewise with Charlie23_tp#DNA/hAT-Charlie [Crocodylia]
hAT-10_CPB_tp	hAT	DNA/hAT-Charlie	600	hAT-10_CPB_tp#DNA/hAT-Charlie RBRM:hAT-10_CPB cds_range:1341-3141 [Chrysemys picta bellii]
hAT-10_Crp_tp	hAT	DNA/hAT-Charlie	618	hAT-10_Crp_tp#DNA/hAT-Charlie RBRM:hAT-10_Crp frameshifts:1 stops:1 cds_range:456-2309 via tfasty with OposCharlie3_tp [Crocodylia]
hAT-10_LCh_tp	hAT	DNA/hAT-Charlie	647	hAT-10_LCh_tp#DNA/hAT-Charlie RBRM:hAT-10_LCh cds_range:269-2210 [Latimeria chalumnae]
hAT-10_LMi_tp	hAT	DNA/hAT-Charlie	527	hAT-10_LMi_tp#DNA/hAT-Charlie RBRM:hAT-10_LMi cds_range:1766-3347 [Locusta migratoria]
hAT-11_Crp_tp	hAT	DNA/hAT-Charlie	614	hAT-11_Crp_tp#DNA/hAT-Charlie RBRM:hAT-11_Crp frameshifts:3 stops:2 cds_range:306-2149 via tfasty with HAT-2_DR_tp [Crocodylia]
HAT-11_SM_tp	hAT	DNA/hAT-Charlie	626	HAT-11_SM_tp#DNA/hAT-Charlie RBRM:hAT-11_SM frameshifts:1 cds_range:257-2134 via tfasty with hAT-2_SM [Schmidtea mediterranea]
HAT-11_XT_tp	hAT	DNA/hAT-Charlie	645	HAT-11_XT_tp#DNA/hAT-Charlie RBRM:hAT-11_XT cds_range:731-2666 [Xenopus (silurana) tropicalis]
HAT-12_SM_tp	hAT	DNA/hAT-Charlie	599	HAT-12_SM_tp#DNA/hAT-Charlie RBRM:hAT-12_SM cds_range:596-2393 [Schmidtea mediterranea]
hAT-13_SSa_tp	hAT	DNA/hAT-Charlie	497	hAT-13_SSa_tp#DNA/hAT-Charlie RBRM:hAT-13_SSa cds_range:720-2211 [Salmo salar]
HAT-14_SM_tp	hAT	DNA/hAT-Charlie	647	HAT-14_SM_tp#DNA/hAT-Charlie RBRM:hAT-14_SM cds_range:506-2447 [Schmidtea mediterranea]
hAT-15_Crp_tp	hAT	DNA/hAT-Charlie	642	hAT-15_Crp_tp#DNA/hAT-Charlie RBRM:hAT-15_Crp frameshifts:4 stops:1 cds_range:145-2067 via tfasty with Charlie10_tp [Crocodylia]
hAT-15_LCh_tp	hAT	DNA/hAT-Charlie	635	hAT-15_LCh_tp#DNA/hAT-Charlie RBRM:hAT-15_LCh stops:1 cds_range:1057-2962 via tfasty with Charlie3_tp [Latimeria chalumnae]
HAT-15_SM_tp	hAT	DNA/hAT-Charlie	628	HAT-15_SM_tp#DNA/hAT-Charlie RBRM:hAT-15_SM frameshifts:1 cds_range:249-2132 via tfasty with OposCharlie3_tp [Schmidtea mediterranea]
hAT-15_SSa_tp	hAT	DNA/hAT-Charlie	670	hAT-15_SSa_tp#DNA/hAT-Charlie RBRM:hAT-15_SSa frameshifts:1 cds_range:308-2319 via tfasty with hAT-41_SM [Salmo salar]
hAT-16_Crp_tp	hAT	DNA/hAT-Charlie	619	hAT-16_Crp_tp#DNA/hAT-Charlie RBRM:hAT-16_Crp cds_range:1333-3190 (Region from 425-1333 maybe accidentally ORF due to GC-richness) [Crocodylia]
hAT-16_LCh_tp	hAT	DNA/hAT-Charlie	600	hAT-16_LCh_tp#DNA/hAT-Charlie RBRM:hAT-16_LCh cds_range:798-2598 [Latimeria chalumnae]
hAT-16_LSal_tp	hAT	DNA/hAT-Charlie	595	hAT-16_LSal_tp#DNA/hAT-Charlie RBRM:hAT-16_LSal cds_range:476-2261 [Lepeophtheirus salmonis]
HAT-16_SM_tp	hAT	DNA/hAT-Charlie	624	HAT-16_SM_tp#DNA/hAT-Charlie RBRM:hAT-16_SM cds_range:312-2184 [Schmidtea mediterranea]
HAT-17_SM_tp	hAT	DNA/hAT-Charlie	608	HAT-17_SM_tp#DNA/hAT-Charlie RBRM:hAT-17_SM cds_range:479-2303 [Schmidtea mediterranea]
hAT-18_CPB_tp	hAT	DNA/hAT-Charlie	604	hAT-18_CPB_tp#DNA/hAT-Charlie RBRM:hAT-18_CPB cds_range:892-2704 [Chrysemys picta bellii]
hAT-18_Crp_tp	hAT	DNA/hAT-Charlie	646	hAT-18_Crp_tp#DNA/hAT-Charlie RBRM:hAT-18_Crp frameshifts:1 cds_range:359-2296 via tfasty with Charlie3_tp [Crocodylia]
hAT-19_CPB_tp	hAT	DNA/hAT-Charlie	602	hAT-19_CPB_tp#DNA/hAT-Charlie RBRM:hAT-19_CPB cds_range:662-2468 [Chrysemys picta bellii]
hAT-19_HM_tp	hAT	DNA/hAT-Charlie	602	hAT-19_HM_tp#DNA/hAT-Charlie RBRM:hAT-19_HM cds_range:315-2121 [Hydra vulgaris]
HAT-19_SM_tp	hAT	DNA/hAT-Charlie	394	HAT-19_SM_tp#DNA/hAT-Charlie RBRM:hAT-19_SM frameshifts:1 stops:1 cds_range:293-1476 via tfasty with 47212124_Tni (fragment) [Schmidtea mediterranea]
hAT-20_CPB_tp	hAT	DNA/hAT-Charlie	602	hAT-20_CPB_tp#DNA/hAT-Charlie RBRM:hAT-20_CPB cds_range:717-2523 [Chrysemys picta bellii]
hAT-21_CPB_tp	hAT	DNA/hAT-Charlie	598	hAT-21_CPB_tp#DNA/hAT-Charlie RBRM:hAT-21_CPB stops:1 cds_range:1315-3109 via tfasty with Chaplin8_FR_tp [Chrysemys picta bellii]
hAT-22_CPB_tp	hAT	DNA/hAT-Charlie	629	hAT-22_CPB_tp#DNA/hAT-Charlie RBRM:hAT-22_CPB cds_range:1164-3051 [Chrysemys picta bellii]
hAT-22_LCh_tp	hAT	DNA/hAT-Charlie	610	hAT-22_LCh_tp#DNA/hAT-Charlie RBRM:hAT-22_LCh frameshifts:1 cds_range:413-2242 via tfasty with hAT-5_LCh_tp [Latimeria chalumnae]
HAT-26_SM_tp	hAT	DNA/hAT-Charlie	550	HAT-26_SM_tp#DNA/hAT-Charlie RBRM:hAT-26_SM frameshifts:5 stops:6 cds_range:607-2254 via tfasty with Chaplin4_FR_tp [Schmidtea mediterranea]
hAT-26_SSa_tp	hAT	DNA/hAT-Charlie	602	hAT-26_SSa_tp#DNA/hAT-Charlie RBRM:hAT-26_SSa cds_range:267-2073 [Salmo salar]
hAT-27_LCh_tp	hAT	DNA/hAT-Charlie	658	hAT-27_LCh_tp#DNA/hAT-Charlie RBRM:hAT-27_LCh cds_range:1917-3891 [Latimeria chalumnae]
hAT-29_SSa_tp	hAT	DNA/hAT-Charlie	615	hAT-29_SSa_tp#DNA/hAT-Charlie RBRM:hAT-29_SSa frameshifts:1 cds_range:349-2195 via tfasty with hAT-6_SSa_tp [Salmo salar]
hAT-31_LCh_tp	hAT	DNA/hAT-Charlie	599	hAT-31_LCh_tp#DNA/hAT-Charlie RBRM:hAT-31_LCh cds_range:384-2181 [Latimeria chalumnae]
hAT-33_DR_tp	hAT	DNA/hAT-Charlie	612	hAT-33_DR_tp#DNA/hAT-Charlie RBRM:hAT-33_DR frameshifts:1 cds_range:671-2508 via tfasty with Chaplin8_FR_tp [Danio rerio]
hAT-34_LCh_tp	hAT	DNA/hAT-Charlie	484	hAT-34_LCh_tp#DNA/hAT-Charlie RBRM:hAT-34_LCh cds_range:955-2407 [Latimeria chalumnae]
hAT-34_LSal_tp	hAT	DNA/hAT-Charlie	599	hAT-34_LSal_tp#DNA/hAT-Charlie RBRM:hAT-34_LSal cds_range:329-2126 [Lepeophtheirus salmonis]
hAT-34_SM_tp	hAT	DNA/hAT-Charlie	600	hAT-34_SM_tp#DNA/hAT-Charlie RBRM:hAT-34_SM cds_range:464-2264 [Schmidtea mediterranea]
hAT-35_SM_tp	hAT	DNA/hAT-Charlie	612	hAT-35_SM_tp#DNA/hAT-Charlie RBRM:hAT-35_SM frameshifts:1 cds_range:571-2406 via tfasty with Charlie1_tp [Schmidtea mediterranea]
hAT-39_SM_tp	hAT	DNA/hAT-Charlie	645	hAT-39_SM_tp#DNA/hAT-Charlie RBRM:hAT-39_SM stops:1 cds_range:933-2868 via tfasty with Charlie1_tp [Schmidtea mediterranea]
hAT-40_SM_tp	hAT	DNA/hAT-Charlie	604	hAT-40_SM_tp#DNA/hAT-Charlie RBRM:hAT-40_SM cds_range:703-2515 [Schmidtea mediterranea]
hAT-41_Lch_tp	hAT	DNA/hAT-Charlie	619	hAT-41_Lch_tp#DNA/hAT-Charlie RBRM:hAT-41_Lch cds_range:1988-3845 [Latimeria chalumnae]
hAT-41_SM_tp	hAT	DNA/hAT-Charlie	619	hAT-41_SM_tp#DNA/hAT-Charlie RBRM:hAT-41_SM cds_range:447-2304 [Schmidtea mediterranea]
hAT-42_SM_tp	hAT	DNA/hAT-Charlie	619	hAT-42_SM_tp#DNA/hAT-Charlie RBRM:hAT-42_SM cds_range:607-2464 [Schmidtea mediterranea]
hAT-43_SM_tp	hAT	DNA/hAT-Charlie	603	hAT-43_SM_tp#DNA/hAT-Charlie RBRM:hAT-43_SM frameshifts:2 cds_range:405-2212 via tfasty with HAT-6_SM [Schmidtea mediterranea]
hAT-45_SM_tp	hAT	DNA/hAT-Charlie	622	hAT-45_SM_tp#DNA/hAT-Charlie RBRM:hAT-45_SM frameshifts:3 cds_range:659-2524 via tfasty with HAT-2_SM [Schmidtea mediterranea]
hAT-46_SM_tp	hAT	DNA/hAT-Charlie	600	hAT-46_SM_tp#DNA/hAT-Charlie RBRM:hAT-46_SM cds_range:491-2291 [Schmidtea mediterranea]
HAT-75_HM_tp	hAT	DNA/hAT-Charlie	635	HAT-75_HM_tp#DNA/hAT-Charlie RBRM:hAT-75_HM cds_range:155-2060 [Hydra vulgaris]
hAT-N5_Crp_tp	hAT	DNA/hAT-Charlie	603	hAT-N5_Crp_tp#DNA/hAT-Charlie RBRM:hAT-N5_Crp frameshifts:3 stops:1 cds_range:311-2121 via tfasty with Chaplin6_FR_tp [Crocodylia]
hAT-N6_ACar_tp	hAT	DNA/hAT-Charlie	664	hAT-N6_ACar_tp#DNA/hAT-Charlie RBRM:hAT-N6_ACar cds_range:90-2082 [Anolis carolinensis]
hAT-N6_Crp_tp	hAT	DNA/hAT-Charlie	630	hAT-N6_Crp_tp#DNA/hAT-Charlie RBRM:hAT-N6_Crp frameshifts:5 stops:2 via tfasty with Charlie3_tp [Crocodylia]
Myotis_hAT1_tp	hAT	DNA/hAT-Charlie	643	Myotis_hAT1_tp#DNA/hAT-Charlie RBRM:Myotis_hAT1 cds_range:699-2628 [Myotis lucifugus]
OposCharlie1_tp	hAT	DNA/hAT-Charlie	602	OposCharlie1_tp#DNA/hAT-Charlie RBRM:OposCharlie1 cds_range:1311-3117 Near identical proteins were encoded by transposons in Anolis (hAT-2_AC), Echinops (hAT-2_ET), Myotis (hAT-2_ML), Microcebus (hAT-2_MM), Otolemur (hAT-2_OG), and Tarsius (hAT-2_TS) [Monodelphis]
OposCharlie2_tp	hAT	DNA/hAT-Charlie	645	OposCharlie2_tp#DNA/hAT-Charlie RBRM:OposCharlie2 cds_range:743-2678 hAT-1_AC in the lizard Anolis carolinensis encodes a 96% identical protein.  [Monodelphis]
OposCharlie3_tp	hAT	DNA/hAT-Charlie	637	OposCharlie3_tp#DNA/hAT-Charlie RBRM:OposCharlie3 cds_range:1630-3541 [Didelphidae]
SPIN_Ml_tp	hAT	DNA/hAT-Charlie	601	SPIN_Ml_tp#DNA/hAT-Charlie RBRM:SPIN_Ml cds_range:700-2503 [Myotis lucifugus]
SPIN_Og_tp	hAT	DNA/hAT-Charlie	602	SPIN_Og_tp#DNA/hAT-Charlie RBRM:SPIN_Og cds_range:664-2470 [Otolemur garnettii]
HAT1-1_NV_tp	hAT	DNA/hAT-hAT1	665	HAT1-1_NV_tp#DNA/hAT-hAT1 RBRM:hAT1-1_NV cds_range:160-2155 [Nematostella vectensis]
HAT1-2_NV_tp	hAT	DNA/hAT-hAT1	506	HAT1-2_NV_tp#DNA/hAT-hAT1 RBRM:hAT1-2_NV cds_range:284-1802 [Nematostella vectensis]
HAT1-3_NV_tp	hAT	DNA/hAT-hAT1	492	HAT1-3_NV_tp#DNA/hAT-hAT1 RBRM:hAT1-3_NV frameshifts:2 stops:1 cds_range:12-1486 (fragment; N terminal 160 AA missing) via tfasty with hAT1-1_NV [Nematostella vectensis]
hAT-1_LHu_tp	hAT	DNA/hAT-hAT19	387	hAT-1_LHu_tp#DNA/hAT-hAT19 RBRM:hAT-1_LHu cds_range:487-1648 [Linepithema humile]
hAT-1_RPr_tp	hAT	DNA/hAT-hAT19	493	hAT-1_RPr_tp#DNA/hAT-hAT19 RBRM:hAT-1_RPr cds_range:461-1940 (fragment) [Rhodnius prolixus]
hAT-2_LSal_tp	hAT	DNA/hAT-hAT19	464	hAT-2_LSal_tp#DNA/hAT-hAT19 RBRM:hAT-2_LSal stops:1 cds_range:175-1567 via tfasty with hAT-29_LSal [Lepeophtheirus salmonis]
hAT-4_LMi_tp	hAT	DNA/hAT-hAT19	499	hAT-4_LMi_tp#DNA/hAT-hAT19 RBRM:hAT-4_LMi cds_range:518-2015 [Locusta migratoria]
hAT-13_LCh_tp	hAT	DNA/hAT-hAT19	579	hAT-13_LCh_tp#DNA/hAT-hAT19 RBRM:hAT-13_LCh cds_range:269-2006 [Latimeria chalumnae]
hAT-19_Crp_tp	hAT	DNA/hAT-hAT19	582	hAT-19_Crp_tp#DNA/hAT-hAT19 RBRM:hAT-19_Crp cds_range:352-2098 to be renamed hAT-19A_Croc [Crocodylia]
hAT-19B_Croc_tp	hAT	DNA/hAT-hAT19	581	hAT-19B_Croc_tp#DNA/hAT-hAT19 RBRM:hAT-19B_Croc cds_range:349-2092 Previously hAT23_Am_tp#DNA/hAT  Closest to hAT-32_SM [Crocodylia]
hAT-29_LSal_tp	hAT	DNA/hAT-hAT19	471	hAT-29_LSal_tp#DNA/hAT-hAT19 RBRM:hAT-29_LSal stops:1 cds_range:145-1558 via tfasty with hAT-1_RPr_tp [Lepeophtheirus salmonis]
hAT-31_CPB_tp	hAT	DNA/hAT-hAT19	598	hAT-31_CPB_tp#DNA/hAT-hAT19 RBRM:hAT-31_CPB frameshifts:2 cds_range:836-2630 via tfasty with hAT-39_LCh_tp [Chrysemys picta bellii]
hAT-33_CPB_tp	hAT	DNA/hAT-hAT19	509	hAT-33_CPB_tp#DNA/hAT-hAT19 RBRM:hAT-33_CPB cds_range:968-2495 [Chrysemys picta bellii]
hAT-39_LCh_tp	hAT	DNA/hAT-hAT19	609	hAT-39_LCh_tp#DNA/hAT-hAT19 RBRM:hAT-39_LCh cds_range:308-2135 [Latimeria chalumnae]
HAT5-1_NV_tp	hAT	DNA/hAT-hAT5	762	HAT5-1_NV_tp#DNA/hAT-hAT5 RBRM:hAT5-1_NV cds_range:414-4080 exons:414-597;1633-2868;3212-4080 |GENSCAN_predicted_peptide (two introns; forced intron 599-1630) [Nematostella vectensis]
HAT5-2_NV_tp	hAT	DNA/hAT-hAT5	800	HAT5-2_NV_tp#DNA/hAT-hAT5 RBRM:hAT5-2_NV frameshifts:1 cds_range:328-3103 exons:328-1068;1444-3103 GENSCAN_predicted_peptide + tfasty with hAT5-1_NV [Nematostella vectensis]
HAT5-3_NV_tp	hAT	DNA/hAT-hAT5	802	HAT5-3_NV_tp#DNA/hAT-hAT5 RBRM:hAT5-3_NV cds_range:709-3115 [Nematostella vectensis]
HAT5-4_NV_tp	hAT	DNA/hAT-hAT5	799	HAT5-4_NV_tp#DNA/hAT-hAT5 RBRM:hAT5-4_NV frameshifts:2 stops:4 exons:0-1070;1377-2706 via tfasty with hAT5-3_NV, 1 forced intron. [Nematostella vectensis]
hAT-13_HM_tp	hAT	DNA/hAT-hAT5	743	hAT-13_HM_tp#DNA/hAT-hAT5 RBRM:hAT-13_HM cds_range:631-2860 [Hydra vulgaris]
hAT-31_HM_tp	hAT	DNA/hAT-hAT5	787	hAT-31_HM_tp#DNA/hAT-hAT5 RBRM:hAT-31_HM cds_range:446-2807 [Hydra vulgaris]
hAT-33_HM_tp	hAT	DNA/hAT-hAT5	704	hAT-33_HM_tp#DNA/hAT-hAT5 RBRM:hAT-33_HM cds_range:481-2593 [Hydra vulgaris]
hAT-60_HM_tp	hAT	DNA/hAT-hAT5	656	hAT-60_HM_tp#DNA/hAT-hAT5 RBRM:hAT-60_HM cds_range:912-2880 [Hydra vulgaris]
hAT-83_HMa_tp	hAT	DNA/hAT-hAT5	793	hAT-83_HMa_tp#DNA/hAT-hAT5 RBRM:hAT-83_HMa cds_range:874-3253 [Hydra vulgaris]
hATa-1_EHux_tp	hAT	DNA/hAT	1189	hATa-1_EHux_tp#DNA/hAT RBRM:hATa-1_EHux cds_range:1095-4662 [Emiliania huxleyi]
hAT-3_HM_tp	hAT	DNA/hAT-hATm	750	hAT-3_HM_tp#DNA/hAT-hATm RBRM:hAT-3_HM cds_range:755-3005 [Hydra vulgaris]
hAT-4B_AP_tp	hAT	DNA/hAT-hATm	752	hAT-4B_AP_tp#DNA/hAT-hATm RBRM:hAT-4B_AP cds_range:623-2953 exons:623-2567;2641-2953 via genewise with HAT-7_SM [Acyrthosiphon pisum]
hAT-4C_AP_tp	hAT	DNA/hAT-hATm	724	hAT-4C_AP_tp#DNA/hAT-hATm RBRM:hAT-4C_AP stops:1 cds_range:861-3110 exons:861-1386;1463-3110 via genewise with HAT-10_SM [Acyrthosiphon pisum]
hAT-4D_AP_tp	hAT	DNA/hAT-hATm	761	hAT-4D_AP_tp#DNA/hAT-hATm RBRM:hAT-4D_AP cds_range:608-2952 exons:608-1172;1233-2952 via genewise with HAT-7_SM, hAT-4_AP very similar, but of poorer quality. [Acyrthosiphon pisum]
hAT-5_AP_tp	hAT	DNA/hAT-hATm	703	hAT-5_AP_tp#DNA/hAT-hATm RBRM:hAT-5_AP frameshifts:1 stops:1 cds_range:491-2599 via tfasty with HATm-1_CS [Acyrthosiphon pisum]
hAT-6_AP_tp	hAT	DNA/hAT-hATm	558	hAT-6_AP_tp#DNA/hAT-hATm RBRM:hAT-6_AP frameshifts:4 stops:1 cds_range:699-2373 via tfasty with HAT-10_SM, Fragment (C-termal 100-150 AA missing) [Acyrthosiphon pisum]
hAT-6_LSal_tp	hAT	DNA/hAT-hATm	779	hAT-6_LSal_tp#DNA/hAT-hATm RBRM:hAT-6_LSal cds_range:513-3026 exons:513-1662;1838-3026 via genewise with HATx-9_SM [Lepeophtheirus salmonis]
hAT-7_AP_tp	hAT	DNA/hAT-hATm	768	hAT-7_AP_tp#DNA/hAT-hATm RBRM:hAT-7_AP cds_range:316-2711 exons:316-850;941-2711 via genewise with HAT-10_SM,. [Acyrthosiphon pisum]
HAT-7_SM_tp	hAT	DNA/hAT-hATm	761	HAT-7_SM_tp#DNA/hAT-hATm RBRM:hAT-7_SM cds_range:619-3027 exons:619-2496;2621-3027 GENSCAN_predicted_peptide_1|762_aa [Schmidtea mediterranea]
hAT-8_AP_tp	hAT	DNA/hAT-hATm	754	hAT-8_AP_tp#DNA/hAT-hATm RBRM:hAT-8_AP frameshifts:1 cds_range:249-2610 exons:249-2197;2295-2610 via genewise with HATm-1_HR [Acyrthosiphon pisum]
HAT-8_SM_tp	hAT	DNA/hAT-hATm	754	HAT-8_SM_tp#DNA/hAT-hATm RBRM:hAT-8_SM cds_range:507-2769 [Schmidtea mediterranea]
HAT-9_SM_tp	hAT	DNA/hAT-hATm	851	HAT-9_SM_tp#DNA/hAT-hATm RBRM:hAT-9_SM cds_range:217-2770 [Schmidtea mediterranea]
HAT-10_SM_tp	hAT	DNA/hAT-hATm	757	HAT-10_SM_tp#DNA/hAT-hATm RBRM:hAT-10_SM cds_range:769-3040 [Schmidtea mediterranea]
hAT-19_LSal_tp	hAT	DNA/hAT-hATm	736	hAT-19_LSal_tp#DNA/hAT-hATm RBRM:hAT-19_LSal cds_range:614-2822 [Lepeophtheirus salmonis]
hAT-28_LSal_tp	hAT	DNA/hAT-hATm	568	hAT-28_LSal_tp#DNA/hAT-hATm RBRM:hAT-28_LSal frameshifts:2 stops:1 cds_range:200-1904 (fragment) via tfasty with HAT-78_HM [Lepeophtheirus salmonis]
hAT-32_LSal_tp	hAT	DNA/hAT-hATm	756	hAT-32_LSal_tp#DNA/hAT-hATm RBRM:hAT-32_LSal frameshifts:4 cds_range:692-2961 via tfasty with HATx-9_SM [Lepeophtheirus salmonis]
hAT-38_SM_tp	hAT	DNA/hAT-hATm	575	hAT-38_SM_tp#DNA/hAT-hATm RBRM:hAT-38_SM frameshifts:1 cds_range:422-2148 via tfasty with HATx-9_SM, Consensus probably contains a ca 360 bp/120 AA internal deletion [Schmidtea mediterranea]
hAT-59_HM_tp	hAT	DNA/hAT-hATm	771	hAT-59_HM_tp#DNA/hAT-hATm RBRM:hAT-59_HM cds_range:472-2785 [Hydra vulgaris]
HAT-77_HM_tp	hAT	DNA/hAT-hATm	742	HAT-77_HM_tp#DNA/hAT-hATm RBRM:hAT-77_HM cds_range:334-2560 [Hydra vulgaris]
HAT-78_HM_tp	hAT	DNA/hAT-hATm	838	HAT-78_HM_tp#DNA/hAT-hATm RBRM:hAT-78_HM frameshifts:1 cds_range:679-3192 via tfasty with hAT-9_SM [Hydra vulgaris]
hAT-81_HM_tp	hAT	DNA/hAT-hATm	751	hAT-81_HM_tp#DNA/hAT-hATm RBRM:hAT-81_HM cds_range:602-2855 [Hydra vulgaris]
HATm-1_AA_tp	hAT	DNA/hAT-hATm	752	HATm-1_AA_tp#DNA/hAT-hATm RBRM:hATm-1_AA frameshifts:1 cds_range:1583-4054 exons:1583-2228;2314-2766;2829-3629;3694-4054 GENSCAN_predicted_peptide_1|752_aa [Aedes aegypti]
HATm-1_CS_tp	hAT	DNA/hAT-hATm	752	HATm-1_CS_tp#DNA/hAT-hATm RBRM:hATm-1_CS frameshifts:1 cds_range:438-2695 via tfasty with hATm-3_HR [Ciona savignyi]
HATm-1_HR_tp	hAT	DNA/hAT-hATm	791	HATm-1_HR_tp#DNA/hAT-hATm RBRM:hATm-1_HR cds_range:548-2921 [Helobdella robusta]
hATm-1_LSal_tp	hAT	DNA/hAT-hATm	783	hATm-1_LSal_tp#DNA/hAT-hATm RBRM:hATm-1_LSal cds_range:783-3132 [Lepeophtheirus salmonis]
HATm-1_SM_tp	hAT	DNA/hAT-hATm	755	HATm-1_SM_tp#DNA/hAT-hATm RBRM:hATm-1_SM cds_range:681-2946 [Schmidtea mediterranea]
HATm-2_AA_tp	hAT	DNA/hAT-hATm	687	HATm-2_AA_tp#DNA/hAT-hATm RBRM:hATm-2_AA cds_range:499-5017 exons:499-772;834-1035;3025-3234;3639-5017 GENSCAN_predicted_peptide_1|687_aa [Aedes aegypti]
HATm-2_HR_tp	hAT	DNA/hAT-hATm	776	HATm-2_HR_tp#DNA/hAT-hATm RBRM:hATm-2_HR cds_range:418-2746 [Helobdella robusta]
hATm-2_SM_tp	hAT	DNA/hAT-hATm	667	hATm-2_SM_tp#DNA/hAT-hATm RBRM:hATm-2_SM frameshifts:2 cds_range:507-2510 via tfasty with HATm-3_HR, Consensus has aca 300 bp/100 AA internal deletion. [Schmidtea mediterranea]
HATm-3_AA_tp	hAT	DNA/hAT-hATm	644	HATm-3_AA_tp#DNA/hAT-hATm RBRM:hATm-3_AA frameshifts:1 cds_range:682-3853 exons:682-988;1082-1428;2518-2627;2683-3853 GENSCAN_predicted_peptide_1|644_aa. After removing LINE-insertion and overcoming frameshift around pos 1290. [Aedes aegypti]
HATm-3_HM_tp	hAT	DNA/hAT-hATm	816	HATm-3_HM_tp#DNA/hAT-hATm RBRM:hATm-3_HM frameshifts:1 stops:1 cds_range:816-3263 via tfasty with hATm-1_SM [Hydra vulgaris]
HATm-3_HR_tp	hAT	DNA/hAT-hATm	754	HATm-3_HR_tp#DNA/hAT-hATm RBRM:hATm-3_HR cds_range:228-2490 [Helobdella robusta]
HATm-4_HM_tp	hAT	DNA/hAT-hATm	654	HATm-4_HM_tp#DNA/hAT-hATm RBRM:hATm-4_HM frameshifts:1 cds_range:1451-3412 via tfasty with hATm-2_AA [Hydra vulgaris]
HATm-4_HR_tp	hAT	DNA/hAT-hATm	750	HATm-4_HR_tp#DNA/hAT-hATm RBRM:hATm-4_HR cds_range:551-2801 [Helobdella robusta]
HATm-5_HM_tp	hAT	DNA/hAT-hATm	703	HATm-5_HM_tp#DNA/hAT-hATm RBRM:hATm-5_HM cds_range:815-2924 [Hydra vulgaris]
HATm-6_HM_tp	hAT	DNA/hAT-hATm	710	HATm-6_HM_tp#DNA/hAT-hATm RBRM:hATm-6_HM cds_range:1205-3335 [Hydra vulgaris]
HATm-7_HM_tp	hAT	DNA/hAT-hATm	773	HATm-7_HM_tp#DNA/hAT-hATm RBRM:hATm-7_HM cds_range:633-2952 [Hydra vulgaris]
HATm-9_HM_tp	hAT	DNA/hAT-hATm	822	HATm-9_HM_tp#DNA/hAT-hATm RBRM:hATm-9_HM frameshifts:1 stops:3 cds_range:574-3041 via tfasty with hATx-9_SM [Hydra vulgaris]
HATm-11_HM_tp	hAT	DNA/hAT-hATm	801	HATm-11_HM_tp#DNA/hAT-hATm RBRM:hATm-11_HM frameshifts:3 stops:3 cds_range:1004-3408 via tfasty with hATm-1_CS [Hydra vulgaris]
HATm-12_HM_tp	hAT	DNA/hAT-hATm	690	HATm-12_HM_tp#DNA/hAT-hATm RBRM:hATm-12_HM cds_range:1359-3429 [Hydra vulgaris]
hATm-14_HM_tp	hAT	DNA/hAT-hATm	789	hATm-14_HM_tp#DNA/hAT-hATm RBRM:hATm-14_HM cds_range:728-3095 [Hydra vulgaris]
hATm-15_HM_tp	hAT	DNA/hAT-hATm	484	hATm-15_HM_tp#DNA/hAT-hATm RBRM:hATm-15_HM cds_range:729-2181 [Hydra vulgaris]
hATm-17_HM_tp	hAT	DNA/hAT-hATm	798	hATm-17_HM_tp#DNA/hAT-hATm RBRM:hATm-17_HM cds_range:564-3070 exons:564-1408;1520-3070 via genewise with hATw-1_HMa_tp [Hydra vulgaris]
hATm-18_HM_tp	hAT	DNA/hAT-hATm	743	hATm-18_HM_tp#DNA/hAT-hATm RBRM:hATm-18_HM cds_range:318-2547 [Hydra vulgaris]
hATm-19_HM_tp	hAT	DNA/hAT-hATm	770	hATm-19_HM_tp#DNA/hAT-hATm RBRM:hATm-19_HM cds_range:563-2873 [Hydra vulgaris]
hATm-20_HM_tp	hAT	DNA/hAT-hATm	752	hATm-20_HM_tp#DNA/hAT-hATm RBRM:hATm-20_HM cds_range:241-2497 [Hydra vulgaris]
hATm-21_HM_tp	hAT	DNA/hAT-hATm	774	hATm-21_HM_tp#DNA/hAT-hATm RBRM:hATm-21_HM cds_range:308-2630 [Hydra vulgaris]
hATm-22_HM_tp	hAT	DNA/hAT-hATm	773	hATm-22_HM_tp#DNA/hAT-hATm RBRM:hATm-22_HM cds_range:589-2908 [Hydra vulgaris]
hATm-23_HM_tp	hAT	DNA/hAT-hATm	726	hATm-23_HM_tp#DNA/hAT-hATm RBRM:hATm-23_HM cds_range:646-2824 [Hydra vulgaris]
hATm-24_HM_tp	hAT	DNA/hAT-hATm	750	hATm-24_HM_tp#DNA/hAT-hATm RBRM:hATm-24_HM cds_range:523-2773 [Hydra vulgaris]
hATm-25_HM_tp	hAT	DNA/hAT-hATm	582	hATm-25_HM_tp#DNA/hAT-hATm RBRM:hATm-25_HM cds_range:1343-3089 [Hydra vulgaris]
hATm-26_HM_tp	hAT	DNA/hAT-hATm	703	hATm-26_HM_tp#DNA/hAT-hATm RBRM:hATm-26_HM stops:2 cds_range:775-2918 exons:775-1763;1797-2918 via genewise with HATm-7_HM [Hydra vulgaris]
hATm-34_HM_tp	hAT	DNA/hAT-hATm	603	hATm-34_HM_tp#DNA/hAT-hATm RBRM:hATm-34_HM cds_range:420-2229 [Hydra vulgaris]
hATm-35_HM_tp	hAT	DNA/hAT-hATm	766	hATm-35_HM_tp#DNA/hAT-hATm RBRM:hATm-35_HM cds_range:627-2925 [Hydra vulgaris]
hATm-36_HM_tp	hAT	DNA/hAT-hATm	597	hATm-36_HM_tp#DNA/hAT-hATm RBRM:hATm-36_HM cds_range:490-2281 [Hydra vulgaris]
hATm-37_HM_tp	hAT	DNA/hAT-hATm	591	hATm-37_HM_tp#DNA/hAT-hATm RBRM:hATm-37_HM cds_range:450-2223 [Hydra vulgaris]
hATm-39_HM_tp	hAT	DNA/hAT-hATm	653	hATm-39_HM_tp#DNA/hAT-hATm RBRM:hATm-39_HM cds_range:1491-3450 [Hydra vulgaris]
hATm-40_HM_tp	hAT	DNA/hAT-hATm	596	hATm-40_HM_tp#DNA/hAT-hATm RBRM:hATm-40_HM cds_range:2140-3928 [Hydra vulgaris]
hATm-42_HM_tp	hAT	DNA/hAT-hATm	632	hATm-42_HM_tp#DNA/hAT-hATm RBRM:hATm-42_HM cds_range:1296-3192 [Hydra vulgaris]
hATm-47_HM_tp	hAT	DNA/hAT-hATm	773	hATm-47_HM_tp#DNA/hAT-hATm RBRM:hATm-47_HM cds_range:722-3041 [Hydra vulgaris]
hATm-48_HM_tp	hAT	DNA/hAT-hATm	653	hATm-48_HM_tp#DNA/hAT-hATm RBRM:hATm-48_HM cds_range:1562-3521 [Hydra vulgaris]
hATm-49_HM_tp	hAT	DNA/hAT-hATm	707	hATm-49_HM_tp#DNA/hAT-hATm RBRM:hATm-49_HM cds_range:447-2568 [Hydra vulgaris]
hATm-52_HM_tp	hAT	DNA/hAT-hATm	846	hATm-52_HM_tp#DNA/hAT-hATm RBRM:hATm-52_HM cds_range:373-2911 [Hydra vulgaris]
HATm-55_HM_tp	hAT	DNA/hAT-hATm	752	HATm-55_HM_tp#DNA/hAT-hATm RBRM:hATm-55_HM frameshifts:1 cds_range:844-3101 via tfasty with hAT-10_SM [Hydra vulgaris]
HATm-56_HM_tp	hAT	DNA/hAT-hATm	754	HATm-56_HM_tp#DNA/hAT-hATm RBRM:hATm-56_HM frameshifts:2 cds_range:837-3230 exons:837-1465;1596-3230 838-3245 via genewise with hATm-9_HM [Hydra vulgaris]
HATm-57_HM_tp	hAT	DNA/hAT-hATm	758	HATm-57_HM_tp#DNA/hAT-hATm RBRM:hATm-57_HM cds_range:467-2741 [Hydra vulgaris]
hATm-58_HM_tp	hAT	DNA/hAT-hATm	828	hATm-58_HM_tp#DNA/hAT-hATm RBRM:hATm-58_HM frameshifts:1 cds_range:834-3589 exons:834-1343;1616-3589 via genewise with HATm-3_HM [Hydra vulgaris]
hATm-59_HM_tp	hAT	DNA/hAT-hATm	590	hATm-59_HM_tp#DNA/hAT-hATm RBRM:hATm-59_HM cds_range:401-2171 C-terminal ca 150 AA probably missing. [Hydra vulgaris]
hATm-60_HM_tp	hAT	DNA/hAT-hATm	657	hATm-60_HM_tp#DNA/hAT-hATm RBRM:hATm-60_HM cds_range:992-2963 [Hydra vulgaris]
hATw-1_HMa_tp	hAT	DNA/hAT-hATm	775	hATw-1_HMa_tp#DNA/hAT-hATm RBRM:hATw-1_HMa cds_range:559-3045 exons:559-1340;1419-2830;2912-3045 via genewise with HATm-12_HM [Hydra vulgaris]
hATx-7_HM_tp	hAT	DNA/hAT-hATm	740	hATx-7_HM_tp#DNA/hAT-hATm RBRM:hATx-7_HM cds_range:321-2541 [Hydra vulgaris] hATx is a misnomer, it's clearly a hATm element.
hATx-8_HMa_tp	hAT	DNA/hAT-hATm	725	hATx-8_HMa_tp#DNA/hAT-hATm RBRM:hATx-8_HMa cds_range:638-2813 [Hydra vulgaris]
HATx-9_SM_tp	hAT	DNA/hAT-hATm	742	HATx-9_SM_tp#DNA/hAT-hATm RBRM:hATx-9_SM cds_range:422-2648 [Schmidtea mediterranea]
NAVIHAT1_tp	hAT	DNA/hAT-hATm	538	NAVIHAT1_tp#DNA/hAT-hATm RBRM:NAVIHAT1 stops:2 cds_range:3264-4878 via tfasty with hAT-10_SM [Nasonia vitripennis]
hAT-31_SSa_tp	hAT	DNA/hAT-hATw	1269	hAT-31_SSa_tp#DNA/hAT-hATw RBRM:hAT-31_SSa cds_range:993-4800 [Salmo salar]
HATw-1_BF_tp	hAT	DNA/hAT-hATw	1156	HATw-1_BF_tp#DNA/hAT-hATw RBRM:hATw-1_BF cds_range:1309-4777 [Branchiostoma floridae]
HATw-1_CCo_tp	hAT	DNA/hAT-hATw	977	HATw-1_CCo_tp#DNA/hAT-hATw RBRM:hATw-1_CCo cds_range:507-3438 With hATw-1_LB distant outgroup to other hATw elements. [Coprinopsis cinerea]
HATw-1_HM_tp	hAT	DNA/hAT-hATw	1059	HATw-1_HM_tp#DNA/hAT-hATw RBRM:hATw-1_HM cds_range:1451-4628 [Hydra vulgaris]
HATw-1_LB_tp	hAT	DNA/hAT-hATw	1014	HATw-1_LB_tp#DNA/hAT-hATw RBRM:hATw-1_LB cds_range:1171-4213 With hATw-1_CCo distant outgroup to other hATw elements. [Laccaria bicolor]
HATw-1_SP_tp	hAT	DNA/hAT-hATw	1074	HATw-1_SP_tp#DNA/hAT-hATw RBRM:hATw-1_SP cds_range:3486-6708 [Strongylocentrotus purpuratus]
HATw-2_BF_tp	hAT	DNA/hAT-hATw	1138	HATw-2_BF_tp#DNA/hAT-hATw RBRM:hATw-2_BF cds_range:1499-4913 [Branchiostoma floridae]
HATw-2_HM_tp	hAT	DNA/hAT-hATw	1102	HATw-2_HM_tp#DNA/hAT-hATw RBRM:hATw-2_HM frameshifts:1 cds_range:544-3851 via tfasty with hATw-3_HM [Hydra vulgaris]
HATw-2_SP_tp	hAT	DNA/hAT-hATw	1261	HATw-2_SP_tp#DNA/hAT-hATw RBRM:hATw-2_SP cds_range:1229-5012 [Strongylocentrotus purpuratus]
HATw-3_BF_tp	hAT	DNA/hAT-hATw	1008	HATw-3_BF_tp#DNA/hAT-hATw RBRM:hATw-3_BF cds_range:882-3906 (C terminus may be short) [Branchiostoma floridae]
HATw-3_HM_tp	hAT	DNA/hAT-hATw	1101	HATw-3_HM_tp#DNA/hAT-hATw RBRM:hATw-3_HM frameshifts:1 cds_range:835-4139 via tfasty with hATw-2_HM [Hydra vulgaris]
HATw-4_BF_tp	hAT	DNA/hAT-hATw	1003	HATw-4_BF_tp#DNA/hAT-hATw RBRM:hATw-4_BF cds_range:1139-4148 [Branchiostoma floridae]
HATw-5_BF_tp	hAT	DNA/hAT-hATw	1232	HATw-5_BF_tp#DNA/hAT-hATw RBRM:hATw-5_BF cds_range:1460-5156 [Branchiostoma floridae]
HAT-23_SM_tp	hAT	DNA/hAT-hATx	725	HAT-23_SM_tp#DNA/hAT-hATx RBRM:hAT-23_SM frameshifts:2 cds_range:944-3121 via tfasty with hATx-10_SM [Schmidtea mediterranea]
hATx-1_HM_tp	hAT	DNA/hAT-hATx	674	hATx-1_HM_tp#DNA/hAT-hATx RBRM:hATx-1_HM cds_range:795-2817 (hATx-1_HM)  [Hydra vulgaris]
HATx-1_SM_tp	hAT	DNA/hAT-hATx	696	HATx-1_SM_tp#DNA/hAT-hATx RBRM:hATx-1_SM cds_range:416-2504 [Schmidtea mediterranea]
HATx-2_SM_tp	hAT	DNA/hAT-hATx	654	HATx-2_SM_tp#DNA/hAT-hATx RBRM:hATx-2_SM cds_range:450-2412 [Schmidtea mediterranea]
hATx-2B_SM_tp	hAT	DNA/hAT-hATx	631	hATx-2B_SM_tp#DNA/hAT-hATx RBRM:hATx-2B_SM cds_range:201-2455 exons:201-456;817-2455 Translation after deletion of dupication (bp 416-776) in consensus [Schmidtea mediterranea]
HATx-3_SM_tp	hAT	DNA/hAT-hATx	620	HATx-3_SM_tp#DNA/hAT-hATx RBRM:hATx-3_SM cds_range:689-2549 [Schmidtea mediterranea]
hATx-4_HM_tp	hAT	DNA/hAT-hATx	596	hATx-4_HM_tp#DNA/hAT-hATx RBRM:hATx-4_HM cds_range:954-2742 [Hydra vulgaris]
HATx-4_SM_tp	hAT	DNA/hAT-hATx	643	HATx-4_SM_tp#DNA/hAT-hATx RBRM:hATx-4_SM frameshifts:3 stops:1 cds_range:408-2338 via tfasty with hATx-2_SM [Schmidtea mediterranea]
hATx-5_HM_tp	hAT	DNA/hAT-hATx	651	hATx-5_HM_tp#DNA/hAT-hATx RBRM:hATx-5_HM cds_range:545-2498 [Hydra vulgaris]
hATx-5_SM_tp	hAT	DNA/hAT-hATx	617	hATx-5_SM_tp#DNA/hAT-hATx RBRM:hATx-5_SM cds_range:556-2407 [Schmidtea mediterranea]
hATx-6_HM_tp	hAT	DNA/hAT-hATx	776	hATx-6_HM_tp#DNA/hAT-hATx RBRM:hATx-6_HM cds_range:552-2880 [Hydra vulgaris]
HATx-6_SM_tp	hAT	DNA/hAT-hATx	600	HATx-6_SM_tp#DNA/hAT-hATx RBRM:hATx-6_SM frameshifts:3 cds_range:309-2110 via tfasty with hATx-3_SM [Schmidtea mediterranea]
HATx-10_SM_tp	hAT	DNA/hAT-hATx	632	HATx-10_SM_tp#DNA/hAT-hATx RBRM:hATx-10_SM frameshifts:2 cds_range:643-2541 via tfasty with hATx-2_SM [Schmidtea mediterranea]
hATx-20_SM_tp	hAT	DNA/hAT-hATx	660	hATx-20_SM_tp#DNA/hAT-hATx RBRM:hATx-20_SM cds_range:1659-3639 [Schmidtea mediterranea]
hATx-21_SM_tp	hAT	DNA/hAT-hATx	670	hATx-21_SM_tp#DNA/hAT-hATx RBRM:hATx-21_SM cds_range:420-2430 [Schmidtea mediterranea]
hATx-22_SM_tp	hAT	DNA/hAT-hATx	660	hATx-22_SM_tp#DNA/hAT-hATx RBRM:hATx-22_SM cds_range:615-2595 [Schmidtea mediterranea]
hATx-23_SM_tp	hAT	DNA/hAT-hATx	632	hATx-23_SM_tp#DNA/hAT-hATx RBRM:hATx-23_SM cds_range:551-2447 [Schmidtea mediterranea]
hATx-24_SM_tp	hAT	DNA/hAT-hATx	672	hATx-24_SM_tp#DNA/hAT-hATx RBRM:hATx-24_SM cds_range:239-2255 [Schmidtea mediterranea]
hATx-25_SM_tp	hAT	DNA/hAT-hATx	630	hATx-25_SM_tp#DNA/hAT-hATx RBRM:hATx-25_SM frameshifts:1 stops:1 cds_range:136-2025 via tfasty with HATx-2_SM [Schmidtea mediterranea]
hAT-2_DRh_tp	hAT	DNA/hAT-hobo	617	hAT-2_DRh_tp#DNA/hAT-hobo RBRM:hAT-2_DRh frameshifts:3 stops:2 cds_range:532-2380 via tfasty with hAT1_DYa_tp [Drosophila rhopaloa]
hAT-2_DT_tp	hAT	DNA/hAT-hobo	601	hAT-2_DT_tp#DNA/hAT-hobo RBRM:hAT-2_DT frameshifts:1 cds_range:420-2224 via tfasty with Hermes_tp, SW:760 [Drosophila takahashii]
hAT-3_DT_tp	hAT	DNA/hAT-hobo	617	hAT-3_DT_tp#DNA/hAT-hobo RBRM:hAT-3_DT frameshifts:1 cds_range:596-2446 via tfasty with hAT1_DYa_tp [Drosophila takahashii]
hAT-4_DRh_tp	hAT	DNA/hAT-hobo	630	hAT-4_DRh_tp#DNA/hAT-hobo RBRM:hAT-4_DRh frameshifts:4 cds_range:259-2147 via tfasty with Homer_tp [Drosophila rhopaloa]
hAT-6_DBp_tp	hAT	DNA/hAT-hobo	578	hAT-6_DBp_tp#DNA/hAT-hobo RBRM:hAT-6_DBp frameshifts:4 cds_range:61-1847 exons:61-694;752-1847 via genewise with Hoyak1_tp [Drosophila bipectinata]
hAT-6_DK_tp	hAT	DNA/hAT-hobo	637	hAT-6_DK_tp#DNA/hAT-hobo RBRM:hAT-6_DK frameshifts:3 cds_range:481-2393 via tfasty with Hobo_tp [Drosophila kikkawai]
hAT-7_DBp_tp	hAT	DNA/hAT-hobo	605	hAT-7_DBp_tp#DNA/hAT-hobo RBRM:hAT-7_DBp frameshifts:2 cds_range:408-2223 via tfasty with Hermes_tp [Drosophila bipectinata]
hAT-10_DBp_tp	hAT	DNA/hAT-hobo	605	hAT-10_DBp_tp#DNA/hAT-hobo RBRM:hAT-10_DBp frameshifts:1 cds_range:442-2258 via tfasty with Hobo_tp [Drosophila bipectinata]
hAT-79_HM_tp	hAT	DNA/hAT-hobo	733	hAT-79_HM_tp#DNA/hAT-hobo RBRM:hAT-79_HM cds_range:774-2973 [Hydra vulgaris]
Hermes_tp	hAT	DNA/hAT-hobo	612	Hermes_tp#DNA/hAT-hobo RBRM:HERMES cds_range:449-2285 [Musca domestica]
Hoana1_tp	hAT	DNA/hAT-hobo	608	Hoana1_tp#DNA/hAT-hobo RBRM:Hoana1 cds_range:666-2490 [Drosophila ananassae]
Hoana3_tp	hAT	DNA/hAT-hobo	636	Hoana3_tp#DNA/hAT-hobo RBRM:Hoana3 cds_range:386-2294 [Drosophila ananassae]
Hoana8_tp	hAT	DNA/hAT-hobo	635	Hoana8_tp#DNA/hAT-hobo RBRM:Hoana8 cds_range:351-2743 exons:351-1928;2415-2743 (after Helitron insertion removal) [Drosophila ananassae]
Homer_tp	hAT	DNA/hAT-hobo	625	Homer_tp#DNA/hAT-hobo RBRM:HOMER cds_range:333-2208 [Bactrocera tryoni]
Homo1_tp	hAT	DNA/hAT-hobo	605	Homo1_tp#DNA/hAT-hobo RBRM:Homo1 cds_range:425-2240 [Drosophila mojavensis]
Homo4_tp	hAT	DNA/hAT-hobo	428	Homo4_tp#DNA/hAT-hobo RBRM:Homo4 cds_range:1716-3000 [Drosophila mojavensis]
Hopers2_tp	hAT	DNA/hAT-hobo	481	Hopers2_tp#DNA/hAT-hobo RBRM:Hopers2 cds_range:841-2381 exons:841-1465;1562-2381 via genewise with Hoyak1_tp#DNA/hAT-hobo [Drosophila persimilis]
Hovi1_tp	hAT	DNA/hAT-hobo	633	Hovi1_tp#DNA/hAT-hobo RBRM:Hovi1 cds_range:627-2526 [Drosophila virilis]
Howilli2_tp	hAT	DNA/hAT-hobo	566	Howilli2_tp#DNA/hAT-hobo RBRM:Howilli2 cds_range:536-2234 [Drosophila willistoni]
Hoyak1_tp	hAT	DNA/hAT-hobo	568	Hoyak1_tp#DNA/hAT-hobo RBRM:Hoyak1 stops:1 cds_range:528-2288 exons:528-1164;1220-2288 via genewise with Hobo_tp#DNA [Drosophila yakuba]
hAT-1_DT_tp	hAT	DNA/hAT-Pegasus	643	hAT-1_DT_tp#DNA/hAT-Pegasus RBRM:hAT-1_DT frameshifts:1 cds_range:531-2525 exons:531-2286;2350-2525 via genewise with Hoyak3_tp [Drosophila takahashii]
hAT-9_DBp_tp	hAT	DNA/hAT-Pegasus	649	hAT-9_DBp_tp#DNA/hAT-Pegasus RBRM:hAT-9_DBp frameshifts:1 stops:1 cds_range:395-2341 via tfasty with Hoyak3_tp, SW:1511 [Drosophila bipectinata]
Homo6_tp	hAT	DNA/hAT-Pegasus	602	Homo6_tp#DNA/hAT-Pegasus RBRM:Homo6 cds_range:1361-3167 [Drosophila mojavensis]
Hoyak3_tp	hAT	DNA/hAT-Pegasus	644	Hoyak3_tp#DNA/hAT-Pegasus RBRM:Hoyak3 frameshifts:1 cds_range:632-2627 exons:632-2387;2449-2627 via genewise with 54638886_Dps [Drosophila yakuba]
PegasusA_tp	hAT	DNA/hAT-Pegasus	504	PegasusA_tp#DNA/hAT-Pegasus RBRM:PegasusA cds_range:802-2754 exons:802-1030;1160-1277;1324-2052;2315-2754 wised with 54638886_Dps ( of questionable nature) [Anopheles gambiae]
Crypt1_tp	hAT	DNA/hAT-Restless	945	Crypt1_tp#DNA/hAT-Restless RBRM:CRYPT1 cds_range:401-3236 [Cryphonectria parasitica]
hAT-1_AMi_tp	hAT	DNA/hAT-Tag1	642	hAT-1_AMi_tp#DNA/hAT-Tag1 RBRM:hAT-1_AMi frameshifts:1 cds_range:1015-2940 via tfasty with hAT-11_SBi_tp [Crocodylia]
hAT-1_ATr_tp	hAT	DNA/hAT-Tag1	685	hAT-1_ATr_tp#DNA/hAT-Tag1 RBRM:hAT-1_ATr stops:2 cds_range:554-2819 exons:554-2285;2401-2520;2614-2819 via genewise with HAT-7_VV_tp [Amborella trichopoda]
hAT-1_HM_tp	hAT	DNA/hAT-Tag1	599	hAT-1_HM_tp#DNA/hAT-Tag1 RBRM:hAT-1_HM cds_range:413-2210 [Hydra vulgaris]
hAT-1_LSa_tp	hAT	DNA/hAT-Tag1	728	hAT-1_LSa_tp#DNA/hAT-Tag1 RBRM:hAT-1_LSa frameshifts:1 cds_range:941-3364 exons:941-2409;2496-2850;2929-3134;3206-3364 via genewise with TAG1_tp [Lactuca sativa]
hAT-1_PR_tp	hAT	DNA/hAT-Tag1	826	hAT-1_PR_tp#DNA/hAT-Tag1 RBRM:hAT-1_PR cds_range:158-2636 [Phytophthora ramorum]
hAT-1_SBi_tp	hAT	DNA/hAT-Tag1	932	hAT-1_SBi_tp#DNA/hAT-Tag1 RBRM:hAT-1_SBi frameshifts:2 stops:5 cds_range:500-3294 via tfasty with ZhAT12_ZM [Sorghum bicolor]
hAT-2_ATr_tp	hAT	DNA/hAT-Tag1	773	hAT-2_ATr_tp#DNA/hAT-Tag1 RBRM:hAT-2_ATr cds_range:555-3055 exons:555-2340;2431-2550;2640-3055 via genewise with hAT-5_GM_tp [Amborella trichopoda]
hAT-2_HM_tp	hAT	DNA/hAT-Tag1	725	hAT-2_HM_tp#DNA/hAT-Tag1 RBRM:hAT-2_HM cds_range:932-3107 [Hydra vulgaris]
hAT-2_NN_tp	hAT	DNA/hAT-Tag1	806	hAT-2_NN_tp#DNA/hAT-Tag1 RBRM:hAT-2_NN cds_range:1444-4161 exons:1444-2440;2528-3341;3446-3565;3671-4161 via genewise with hAT-4_STu_tp [Nelumbo nucifera]
hAT-2_STu_tp	hAT	DNA/hAT-Tag1	767	hAT-2_STu_tp#DNA/hAT-Tag1 RBRM:hAT-2_STu frameshifts:1 cds_range:634-3185 exons:634-1665;1753-2458;2537-2656;2737-3185 via genewise with HAT-7_VV_tp [Solanum tuberosum]
hAT-3_ATr_tp	hAT	DNA/hAT-Tag1	601	hAT-3_ATr_tp#DNA/hAT-Tag1 RBRM:hAT-3_ATr cds_range:2073-4009 exons:2073-3678;3811-4009 via genewise with hAT-11_SBi_tp [Amborella trichopoda]
hAT-3_STu_tp	hAT	DNA/hAT-Tag1	731	hAT-3_STu_tp#DNA/hAT-Tag1 RBRM:hAT-3_STu cds_range:2152-4454 exons:2152-4183;4292-4454 via genewise with hAT-9_SBi_tp [Solanum tuberosum]
hAT-4_CCri_tp	hAT	DNA/hAT-Tag1	951	hAT-4_CCri_tp#DNA/hAT-Tag1 RBRM:hAT-4_CCri cds_range:632-3485 [Chondrus crispus]
HAT-4_Mad_tp	hAT	DNA/hAT-Tag1	994	HAT-4_Mad_tp#DNA/hAT-Tag1 RBRM:HAT-4_Mad frameshifts:1 cds_range:1838-5055 exons:1838-3470;3556-3687;3754-3830;3913-5055 via genewise with VIHAT1_tp [Malus domestica]
hAT-4_STu_tp	hAT	DNA/hAT-Tag1	789	hAT-4_STu_tp#DNA/hAT-Tag1 RBRM:hAT-4_STu frameshifts:1 cds_range:818-3471 exons:818-1742;1851-2661;2738-2901;3002-3471 via genewise with hAT-1_SBi_tp [Solanum tuberosum]
hAT-5_CCri_tp	hAT	DNA/hAT-Tag1	924	hAT-5_CCri_tp#DNA/hAT-Tag1 RBRM:hAT-5_CCri frameshifts:2 cds_range:2060-5772 exons:2060-2505;3445-5772 via genewise with hAT-4_CCri_1p [Chondrus crispus]
hAT-5_Crp_tp	hAT	DNA/hAT-Tag1	599	hAT-5_Crp_tp#DNA/hAT-Tag1 RBRM:hAT-5_Croc cds_range:813-2899 exons:813-1005;1294-2899 via genewise with hAT-13_AMi_tp, Includes old hAT-5_AMi. (should thus be _Croc) [Crocodylidae]
hAT-5_GM_tp	hAT	DNA/hAT-Tag1	821	hAT-5_GM_tp#DNA/hAT-Tag1 RBRM:hAT-5_GM cds_range:552-3228 exons:552-2325;2425-2544;2657-3228 via genewise with HAT-7_VV_tp [Glycine max]
hAT-5_PTr_tp	hAT	DNA/hAT-Tag1	739	hAT-5_PTr_tp#DNA/hAT-Tag1 RBRM:hAT-5_PTr cds_range:1129-3581 exons:1129-1598;1667-3040;3109-3314;3411-3581 via genewise with TAG1_tp [Populus trichocarpa]
hAT-5_SBi_tp	hAT	DNA/hAT-Tag1	722	hAT-5_SBi_tp#DNA/hAT-Tag1 RBRM:hAT-5_SBi cds_range:866-3332 exons:866-1361;1472-2699;2796-2915;3007-3332 via genewise with 34914880_Osa [Sorghum bicolor]
hAT-5B_PTr_tp	hAT	DNA/hAT-Tag1	647	hAT-5B_PTr_tp#DNA/hAT-Tag1 RBRM:hAT-5B_PTr cds_range:1352-3293 [Populus trichocarpa]
hAT-6_CCri_tp	hAT	DNA/hAT-Tag1	970	hAT-6_CCri_tp#DNA/hAT-Tag1 RBRM:hAT-6_CCri cds_range:1100-4010 [Chondrus crispus]
hAT-6_PTr_tp	hAT	DNA/hAT-Tag1	757	hAT-6_PTr_tp#DNA/hAT-Tag1 RBRM:hAT-6_PTr frameshifts:1 cds_range:1490-3950 exons:1490-2868;2980-3378;3454-3950 via genewise with HAT-7_VV_tp [Populus trichocarpa]
hAT-7_ATr_tp	hAT	DNA/hAT-Tag1	734	hAT-7_ATr_tp#DNA/hAT-Tag1 RBRM:hAT-7_ATr frameshifts:1 stops:3 cds_range:17294-19495 via tfasty with hAT-3_STu_tp [Amborella trichopoda]
hAT-7_SBi_tp	hAT	DNA/hAT-Tag1	798	hAT-7_SBi_tp#DNA/hAT-Tag1 RBRM:hAT-7_SBi frameshifts:2 cds_range:1462-3962 exons:1462-3366;3472-3962 via tfasty/genewise with SHATAG_MT_tp and ZhAT12_ZM_tp [Sorghum bicolor]
HAT-7_VV_tp	hAT	DNA/hAT-Tag1	740	HAT-7_VV_tp#DNA/hAT-Tag1 RBRM:hAT-7_VV cds_range:1089-3414 exons:1089-2921;3026-3414 [Vitis vinifera]
hAT-8_ATr_tp	hAT	DNA/hAT-Tag1	837	hAT-8_ATr_tp#DNA/hAT-Tag1 RBRM:hAT-8_ATr cds_range:2417-5344 exons:2417-2636;2837-4100;4192-4320;4405-4532;4570-5344 via genewise with hAT-4_STu_tp [Amborella trichopoda]
hAT-9_ATr_tp	hAT	DNA/hAT-Tag1	773	hAT-9_ATr_tp#DNA/hAT-Tag1 RBRM:hAT-9_ATr frameshifts:3 stops:1 cds_range:3291-5609 via tfasty with hAT-3_STu_tp [Amborella trichopoda]
hAT-9_SBi_tp	hAT	DNA/hAT-Tag1	735	hAT-9_SBi_tp#DNA/hAT-Tag1 RBRM:hAT-9_SBi cds_range:776-3057 exons:776-2364;2440-3057 via genewise with VIHAT1_tp [Sorghum bicolor]
hAT-10_ATr_tp	hAT	DNA/hAT-Tag1	822	hAT-10_ATr_tp#DNA/hAT-Tag1 RBRM:hAT-10_ATr frameshifts:1 cds_range:11662-14127 via tfasty with hAT-19_Mad_tp [Amborella trichopoda]
hAT-10_SBi_tp	hAT	DNA/hAT-Tag1	760	hAT-10_SBi_tp#DNA/hAT-Tag1 RBRM:hAT-10_SBi cds_range:807-3265 exons:807-2577;2673-2792;2874-3265 via genewise with 34914880_Osa [Sorghum bicolor]
hAT-11_ATr_tp	hAT	DNA/hAT-Tag1	762	hAT-11_ATr_tp#DNA/hAT-Tag1 RBRM:hAT-11_ATr cds_range:478-3059 exons:478-818;856-2259;2377-2496;2635-3059 via genewise with hAT-5_GM_tp [Amborella trichopoda]
hAT-11_SBi_tp	hAT	DNA/hAT-Tag1	772	hAT-11_SBi_tp#DNA/hAT-Tag1 RBRM:hAT-11_SBi cds_range:889-3446 exons:889-2689;2824-2943;3049-3446 via genewise with 34914880_Osa [Sorghum bicolor]
hAT-12_ATr_tp	hAT	DNA/hAT-Tag1	636	hAT-12_ATr_tp#DNA/hAT-Tag1 RBRM:hAT-12_ATr frameshifts:2 stops:2 cds_range:153-2189 exons:153-1761;1792-1849;1952-2189 via genewise with hAT-3_STu_tp [Amborella trichopoda]
hAT-12_FV_tp	hAT	DNA/hAT-Tag1	725	hAT-12_FV_tp#DNA/hAT-Tag1 RBRM:hAT-12_FV cds_range:881-3056 [Fragaria vesca]
hAT-12_SBi_tp	hAT	DNA/hAT-Tag1	763	hAT-12_SBi_tp#DNA/hAT-Tag1 RBRM:hAT-12_SBi frameshifts:1 cds_range:760-3269 exons:760-2511;2622-2741;2851-3269 via genewise with 34914880_Osa [Sorghum bicolor]
hAT-13_AMi_tp	hAT	DNA/hAT-Tag1	678	hAT-13_AMi_tp#DNA/hAT-Tag1 RBRM:hAT-13_AMi cds_range:531-3084 exons:531-762;1281-3084 via genewise with hAT-1_Crp_tp [Crocodylia]
hAT-13_FV_tp	hAT	DNA/hAT-Tag1	606	hAT-13_FV_tp#DNA/hAT-Tag1 RBRM:hAT-13_FV cds_range:764-2582 [Fragaria vesca]
hAT-14_SBi_tp	hAT	DNA/hAT-Tag1	715	hAT-14_SBi_tp#DNA/hAT-Tag1 RBRM:hAT-14_SBi frameshifts:2 cds_range:984-3311 exons:984-2772;2862-3067;3159-3311 via genewise with HAT-7_VV_tp [Sorghum bicolor]
HAT-17_Mad_tp	hAT	DNA/hAT-Tag1	983	HAT-17_Mad_tp#DNA/hAT-Tag1 RBRM:HAT-17_Mad frameshifts:1 stops:1 cds_range:929-4123 exons:929-1679;1765-2687;2768-2902;2979-4123 via genewise with VIHAT1_tp [Malus domestica]
hAT-18_ZM_tp	hAT	DNA/hAT-Tag1	701	hAT-18_ZM_tp#DNA/hAT-Tag1 RBRM:hAT-18_ZM cds_range:595-2698 [Zea mays]
hAT-19_Mad_tp	hAT	DNA/hAT-Tag1	720	hAT-19_Mad_tp#DNA/hAT-Tag1 RBRM:hAT-19_Mad cds_range:947-3272 exons:947-2091;2165-2582;2673-3272 via genewise with hAT-9_SBi_tp [Malus domestica]
hAT-23_SSa_tp	hAT	DNA/hAT-Tag1	613	hAT-23_SSa_tp#DNA/hAT-Tag1 RBRM:hAT-23_SSa cds_range:644-2483 [Salmo salar]
HAT-25_SM_tp	hAT	DNA/hAT-Tag1	639	HAT-25_SM_tp#DNA/hAT-Tag1 RBRM:hAT-25_SM cds_range:690-2607 [Schmidtea mediterranea]
hAT-31_LSal_tp	hAT	DNA/hAT-Tag1	593	hAT-31_LSal_tp#DNA/hAT-Tag1 RBRM:hAT-31_LSal cds_range:523-2471 exons:523-742;911-2471 via genewise with hAT-5_Crp [Lepeophtheirus salmonis]
hAT-44_HM_tp	hAT	DNA/hAT-Tag1	648	hAT-44_HM_tp#DNA/hAT-Tag1 RBRM:hAT-44_HM cds_range:416-2360 [Hydra vulgaris]
SHATAG_MT_tp	hAT	DNA/hAT-Tag1	691	SHATAG_MT_tp#DNA/hAT-Tag1 RBRM:SHATAG_MT frameshifts:2 stops:1 cds_range:812-2883 via tfasty with TAG1_tp [Medicago truncatula]
VIHAT1_tp	hAT	DNA/hAT-Tag1	1021	VIHAT1_tp#DNA/hAT-Tag1 RBRM:VIHAT1 cds_range:1751-5169 exons:1751-2510;2596-3517;3608-3739;3834-3910;3993-5169 (combination of tfasty and genscan; gensacan predicted one false intron) [Vitis vinifera]
VIHAT2_tp	hAT	DNA/hAT-Tag1	605	VIHAT2_tp#DNA/hAT-Tag1 RBRM:VIHAT2 cds_range:1507-3322 [Vitis vinifera]
ZhAT12_ZM_tp	hAT	DNA/hAT-Tag1	891	ZhAT12_ZM_tp#DNA/hAT-Tag1 RBRM:ZhAT12_ZM frameshifts:2 cds_range:738-3411 via tfasty with TAG1_tp [Zea mays]
Art1_Cis_tp	hAT	DNA/hAT-Tip100	823	Art1_Cis_tp#DNA/hAT-Tip100 RBRM:Art1_Cis cds_range:488-2957 [Ciona savignyi]
Gulliver_tp	hAT	DNA/hAT-Tip100	770	Gulliver_tp#DNA/hAT-Tip100 RBRM:Gulliver cds_range:777-6536 exons:777-821;2968-3013;3236-3413;3704-3890;4053-4272;4442-4683;4779-4852;5050-5182;5343-6536 (-Gulliver) Closest to Charlies [Chlamydomonas reinhardtii]
hAT1_SB_tp	hAT	DNA/hAT-Tip100	798	hAT1_SB_tp#DNA/hAT-Tip100 RBRM:hAT1_SB frameshifts:2 cds_range:562-3043 exons:562-1467;1556-3043 via genewise with 34894392_Osa [Sorghum bicolor]
hAT2_SB_tp	hAT	DNA/hAT-Tip100	800	hAT2_SB_tp#DNA/hAT-Tip100 RBRM:hAT2_SB cds_range:640-3129 exons:640-1577;1666-3129 via genewise with 34894392_Osa [Sorghum bicolor]
hAT3_SB_tp	hAT	DNA/hAT-Tip100	836	hAT3_SB_tp#DNA/hAT-Tip100 RBRM:hAT3_SB cds_range:590-3098 [Sorghum bicolor]
hAT4_SB_tp	hAT	DNA/hAT-Tip100	860	hAT4_SB_tp#DNA/hAT-Tip100 RBRM:hAT4_SB cds_range:393-2973 [Sorghum bicolor]
hAT5_SB_tp	hAT	DNA/hAT-Tip100	790	hAT5_SB_tp#DNA/hAT-Tip100 RBRM:hAT5_SB cds_range:626-3076 exons:626-1506;1586-3076 via genewise with 34894392_Osa [Sorghum bicolor]
hAT7_SP_tp	hAT	DNA/hAT-Tip100	696	hAT7_SP_tp#DNA/hAT-Tip100 RBRM:hAT7_SP cds_range:567-2655 Nearly identical to previous entry strPur2_34698_tp [Strongylocentrotus purpuratus]
hAT-1_ADi_tp	hAT	DNA/hAT-Tip100	609	hAT-1_ADi_tp#DNA/hAT-Tip100 RBRM:hAT-1_ADi frameshifts:1 stops:1 cds_range:1850-3676 via tfasty with HAT-4_NV [Acropora digitifera]
HAT-1_BF_tp	hAT	DNA/hAT-Tip100	537	HAT-1_BF_tp#DNA/hAT-Tip100 RBRM:hAT-1_BF cds_range:749-2360 (-Gulliver)  (C-terminal region missing either in real protein or in consensus) [Branchiostoma floridae]
hAT-1_EHux_tp	hAT	DNA/hAT-Tip100	667	hAT-1_EHux_tp#DNA/hAT-Tip100 RBRM:hAT-1_EHux cds_range:1619-3620 [Emiliania huxleyi]
HAT-1_Mad_tp	hAT	DNA/hAT-Tip100	792	HAT-1_Mad_tp#DNA/hAT-Tip100 RBRM:HAT-1_Mad cds_range:1119-3495 [Malus domestica]
hAT-1_SK_tp	hAT	DNA/hAT-Tip100	738	hAT-1_SK_tp#DNA/hAT-Tip100 RBRM:hAT-1_SK cds_range:267-2481 [Saccoglossus kowalevskii]
hAT-1_STu_tp	hAT	DNA/hAT-Tip100	831	hAT-1_STu_tp#DNA/hAT-Tip100 RBRM:hAT-1_STu cds_range:654-3147 [Solanum tuberosum]
hAT-1_TC_tp	hAT	DNA/hAT-Tip100	812	hAT-1_TC_tp#DNA/hAT-Tip100 RBRM:hAT-1_TC frameshifts:1 cds_range:589-3026 via tfasty with hAT-4_PTr_tp [Theobroma cacao]
HAT-1_TCa_tp	hAT	DNA/hAT-Tip100	713	HAT-1_TCa_tp#DNA/hAT-Tip100 RBRM:hAT-1_TCa frameshifts:2 cds_range:581-2722 via tfasty with hAT-22_SM [Tribolium castaneum]
hAT-1_VC_tp	hAT	DNA/hAT-Tip100	923	hAT-1_VC_tp#DNA/hAT-Tip100 RBRM:hAT-1_VC cds_range:181-2950 [Volvox carteri]
HAT-2_Mad_tp	hAT	DNA/hAT-Tip100	803	HAT-2_Mad_tp#DNA/hAT-Tip100 RBRM:HAT-2_Mad cds_range:953-3362 [Malus domestica]
HAT-2_NV_tp	hAT	DNA/hAT-Tip100	763	HAT-2_NV_tp#DNA/hAT-Tip100 RBRM:hAT-2_NV frameshifts:2 stops:1 cds_range:606-2895 via tfasty with 47085813_Dre [Nematostella vectensis]
hAT-2_PTr_tp	hAT	DNA/hAT-Tip100	808	hAT-2_PTr_tp#DNA/hAT-Tip100 RBRM:hAT-2_PTr cds_range:723-3147 [Populus trichocarpa]
hAT-2_VC_tp	hAT	DNA/hAT-Tip100	696	hAT-2_VC_tp#DNA/hAT-Tip100 RBRM:hAT-2_VC cds_range:747-2835 [Volvox carteri]
hAT-3_AMi_tp	hAT	DNA/hAT-Tip100	833	hAT-3_AMi_tp#DNA/hAT-Tip100 RBRM:hAT-3_AMi frameshifts:2 stops:1 cds_range:525-3026 via tfasty with Arthur1_tp,  Arthur-1_Croc would have been a better name. [Crocodylia]
HAT-3_BF_tp	hAT	DNA/hAT-Tip100	596	HAT-3_BF_tp#DNA/hAT-Tip100 RBRM:hAT-3_BF cds_range:1906-3694 [Branchiostoma floridae]
hAT-3_CGi_tp	hAT	DNA/hAT-Tip100	1090	hAT-3_CGi_tp#DNA/hAT-Tip100 RBRM:hAT-3_CGi cds_range:319-3589 [Crassostrea gigas]
hAT-3_CPB_tp	hAT	DNA/hAT-Tip100	894	hAT-3_CPB_tp#DNA/hAT-Tip100 RBRM:hAT-3_CPB cds_range:1036-3718 [Chrysemys picta bellii]
HAT-3_Mad_tp	hAT	DNA/hAT-Tip100	813	HAT-3_Mad_tp#DNA/hAT-Tip100 RBRM:HAT-3_Mad cds_range:888-3327 [Malus domestica]
HAT-3_NV_tp	hAT	DNA/hAT-Tip100	650	HAT-3_NV_tp#DNA/hAT-Tip100 RBRM:hAT-3_NV frameshifts:2 stops:6 cds_range:1775-3727 via tfasty with 31212193_Aga [Nematostella vectensis]
HAT-4_BF_tp	hAT	DNA/hAT-Tip100	847	HAT-4_BF_tp#DNA/hAT-Tip100 RBRM:hAT-4_BF stops:2 cds_range:1079-3620 via tfasty with hAT-9_NV [Branchiostoma floridae]
hAT-4_Crp_tp	hAT	DNA/hAT-Tip100	878	hAT-4_Crp_tp#DNA/hAT-Tip100 RBRM:hAT-4_Crp cds_range:602-3236 [Crocodylia]
hAT-4_GM_tp	hAT	DNA/hAT-Tip100	788	hAT-4_GM_tp#DNA/hAT-Tip100 RBRM:hAT-4_GM frameshifts:2 cds_range:657-3019 via tfasty with HAT-11_Mad_tp [Glycine max]
HAT-4_NV_tp	hAT	DNA/hAT-Tip100	633	HAT-4_NV_tp#DNA/hAT-Tip100 RBRM:hAT-4_NV cds_range:1676-3575 [Nematostella vectensis]
hAT-4_PTr_tp	hAT	DNA/hAT-Tip100	818	hAT-4_PTr_tp#DNA/hAT-Tip100 RBRM:hAT-4_PTr stops:1 cds_range:862-3316 via tfasty with Tip100_tp [Populus trichocarpa]
hAT-4_SBi_tp	hAT	DNA/hAT-Tip100	822	hAT-4_SBi_tp#DNA/hAT-Tip100 RBRM:hAT-4_SBi frameshifts:4 cds_range:562-3026 via tfasty with HAT-1_Mad [Sorghum bicolor]
HAT-5_BF_tp	hAT	DNA/hAT-Tip100	704	HAT-5_BF_tp#DNA/hAT-Tip100 RBRM:hAT-5_BF [Branchiostoma floridae]
HAT-5_Mad_tp	hAT	DNA/hAT-Tip100	852	HAT-5_Mad_tp#DNA/hAT-Tip100 RBRM:HAT-5_Mad cds_range:834-3390 [Malus domestica]
HAT-5_NV_tp	hAT	DNA/hAT-Tip100	653	HAT-5_NV_tp#DNA/hAT-Tip100 RBRM:hAT-5_NV frameshifts:1 stops:1 cds_range:264-2222 via tfasty with 38174068_Xtr [Nematostella vectensis]
hAT-5_SSa_tp	hAT	DNA/hAT-Tip100	782	hAT-5_SSa_tp#DNA/hAT-Tip100 RBRM:hAT-5_SSa cds_range:1559-3905 [Salmo salar]
hAT-5_STu_tp	hAT	DNA/hAT-Tip100	784	hAT-5_STu_tp#DNA/hAT-Tip100 RBRM:hAT-5_STu cds_range:875-3227 [Solanum tuberosum]
HAT-6_BF_tp	hAT	DNA/hAT-Tip100	842	HAT-6_BF_tp#DNA/hAT-Tip100 RBRM:hAT-6_BF [Branchiostoma floridae]
hAT-6_CPB_tp	hAT	DNA/hAT-Tip100	861	hAT-6_CPB_tp#DNA/hAT-Tip100 RBRM:hAT-6_CPB cds_range:512-3095 [Chrysemys picta bellii]
hAT-6_HM_tp	hAT	DNA/hAT-Tip100	857	hAT-6_HM_tp#DNA/hAT-Tip100 RBRM:hAT-6_HM cds_range:1383-3954 [Hydra vulgaris]
HAT-6_Mad_tp	hAT	DNA/hAT-Tip100	817	HAT-6_Mad_tp#DNA/hAT-Tip100 RBRM:HAT-6_Mad cds_range:763-3214 [Malus domestica]
hAT-6_RPr_tp	hAT	DNA/hAT-Tip100	775	hAT-6_RPr_tp#DNA/hAT-Tip100 RBRM:hAT-6_RPr cds_range:209-2534 [Rhodnius prolixus]
hAT-6_SBi_tp	hAT	DNA/hAT-Tip100	846	hAT-6_SBi_tp#DNA/hAT-Tip100 RBRM:hAT-6_SBi frameshifts:1 cds_range:562-3196 exons:562-1978;2072-3196 via genewise with Zaphod3_Osa_tp [Sorghum bicolor]
hAT-7_HM_tp	hAT	DNA/hAT-Tip100	682	hAT-7_HM_tp#DNA/hAT-Tip100 RBRM:hAT-7_HM cds_range:2395-4441 [Hydra vulgaris]
hAT-7_LCh_tp	hAT	DNA/hAT-Tip100	733	hAT-7_LCh_tp#DNA/hAT-Tip100 RBRM:hAT-7_LCh cds_range:60-2259 [Latimeria chalumnae]
hAT-8_AMi_tp	hAT	DNA/hAT-Tip100	674	hAT-8_AMi_tp#DNA/hAT-Tip100 RBRM:hAT-8_AMi cds_range:1158-3180 hAT-2_Gav_tp basically identical. Probably the same element. [Crocodylia]
hAT-8_OS_tp	hAT	DNA/hAT-Tip100	775	hAT-8_OS_tp#DNA/hAT-Tip100 RBRM:hAT-8_OS cds_range:865-3190 Replaced 50930919_Osa [Oryza sativa]
hAT-8_SBi_tp	hAT	DNA/hAT-Tip100	837	hAT-8_SBi_tp#DNA/hAT-Tip100 RBRM:hAT-8_SBi cds_range:571-3082 [Sorghum bicolor]
hAT-8_SSa_tp	hAT	DNA/hAT-Tip100	783	hAT-8_SSa_tp#DNA/hAT-Tip100 RBRM:hAT-8_SSa cds_range:939-3288 [Salmo salar]
HAT-9_NV_tp	hAT	DNA/hAT-Tip100	663	HAT-9_NV_tp#DNA/hAT-Tip100 RBRM:hAT-9_NV frameshifts:1 stops:1 cds_range:273-2814 exons:273-1240;1352-1491;1528-2044;2446-2814 (perhaps one small one too many). [Nematostella vectensis]
HAT-10_NV_tp	hAT	DNA/hAT-Tip100	466	HAT-10_NV_tp#DNA/hAT-Tip100 RBRM:hAT-10_NV frameshifts:1 stops:4 cds_range:21-1420 via tfasty with 50540428_Dre, Consensus misses coding region for the N-terminal 250 AA. [Nematostella vectensis]
hAT-11_FV_tp	hAT	DNA/hAT-Tip100	819	hAT-11_FV_tp#DNA/hAT-Tip100 RBRM:hAT-11_FV cds_range:960-3417 [Fragaria vesca]
HAT-11_Mad_tp	hAT	DNA/hAT-Tip100	799	HAT-11_Mad_tp#DNA/hAT-Tip100 RBRM:HAT-11_Mad frameshifts:1 cds_range:853-3251 via tfasty with HAT-12_Mad [Malus domestica]
hAT-12_AMi_tp	hAT	DNA/hAT-Tip100	865	hAT-12_AMi_tp#DNA/hAT-Tip100 RBRM:hAT-12_AMi cds_range:1391-3986 [Crocodylia]
hAT-12_CPB_tp	hAT	DNA/hAT-Tip100	827	hAT-12_CPB_tp#DNA/hAT-Tip100 RBRM:hAT-12_CPB cds_range:2131-4612 [Chrysemys picta bellii]
hAT-12_HM_tp	hAT	DNA/hAT-Tip100	863	hAT-12_HM_tp#DNA/hAT-Tip100 RBRM:hAT-12_HM cds_range:890-3479 [Hydra vulgaris]
HAT-12_Mad_tp	hAT	DNA/hAT-Tip100	784	HAT-12_Mad_tp#DNA/hAT-Tip100 RBRM:HAT-12_Mad cds_range:1184-3536 [Malus domestica]
hAT-13_CPB_tp	hAT	DNA/hAT-Tip100	726	hAT-13_CPB_tp#DNA/hAT-Tip100 RBRM:hAT-13_CPB cds_range:1827-4005 [Chrysemys picta bellii]
hAT-14_CPB_tp	hAT	DNA/hAT-Tip100	831	hAT-14_CPB_tp#DNA/hAT-Tip100 RBRM:hAT-14_CPB cds_range:351-2844 [Chrysemys picta bellii]
HAT-14_Mad_tp	hAT	DNA/hAT-Tip100	832	HAT-14_Mad_tp#DNA/hAT-Tip100 RBRM:HAT-14_Mad stops:1 cds_range:792-3288 via tfasty with Zaphod2_Osa_tp [Malus domestica]
hAT-15_CPB_tp	hAT	DNA/hAT-Tip100	849	hAT-15_CPB_tp#DNA/hAT-Tip100 RBRM:hAT-15_CPB cds_range:452-2999 [Chrysemys picta bellii]
hAT-15_HM_tp	hAT	DNA/hAT-Tip100	907	hAT-15_HM_tp#DNA/hAT-Tip100 RBRM:hAT-15_HM cds_range:481-3202 [Hydra vulgaris]
hAT-15_LMi_tp	hAT	DNA/hAT-Tip100	851	hAT-15_LMi_tp#DNA/hAT-Tip100 RBRM:hAT-15_LMi frameshifts:1 cds_range:2863-5417 via tfasty with Arthur1_Cis_tp [Locusta migratoria]
hAT-16_CPB_tp	hAT	DNA/hAT-Tip100	822	hAT-16_CPB_tp#DNA/hAT-Tip100 RBRM:hAT-16_CPB cds_range:290-2756 [Chrysemys picta bellii]
hAT-18_HM_tp	hAT	DNA/hAT-Tip100	761	hAT-18_HM_tp#DNA/hAT-Tip100 RBRM:hAT-18_HM cds_range:656-2939 [Hydra vulgaris]
hAT-20_HM_tp	hAT	DNA/hAT-Tip100	723	hAT-20_HM_tp#DNA/hAT-Tip100 RBRM:hAT-20_HM cds_range:899-3068 [Hydra vulgaris]
HAT-20_SM_tp	hAT	DNA/hAT-Tip100	911	HAT-20_SM_tp#DNA/hAT-Tip100 RBRM:hAT-20_SM cds_range:648-3381 [Schmidtea mediterranea]
hAT-21_LCh_tp	hAT	DNA/hAT-Tip100	798	hAT-21_LCh_tp#DNA/hAT-Tip100 RBRM:hAT-21_LCh cds_range:753-3147 [Latimeria chalumnae]
HAT-21_SM_tp	hAT	DNA/hAT-Tip100	842	HAT-21_SM_tp#DNA/hAT-Tip100 RBRM:hAT-21_SM cds_range:761-3287 [Schmidtea mediterranea]
hAT-22_HM_tp	hAT	DNA/hAT-Tip100	860	hAT-22_HM_tp#DNA/hAT-Tip100 RBRM:hAT-22_HM stops:1 cds_range:606-3186 via tfasty with hAT-12_HM_1p [Hydra vulgaris]
HAT-22_SM_tp	hAT	DNA/hAT-Tip100	722	HAT-22_SM_tp#DNA/hAT-Tip100 RBRM:hAT-22_SM cds_range:1216-3382 [Schmidtea mediterranea]
hAT-23_CPB_tp	hAT	DNA/hAT-Tip100	880	hAT-23_CPB_tp#DNA/hAT-Tip100 RBRM:hAT-23_CPB cds_range:619-3259 [Chrysemys picta bellii]
hAT-24_CPB_tp	hAT	DNA/hAT-Tip100	848	hAT-24_CPB_tp#DNA/hAT-Tip100 RBRM:hAT-24_CPB cds_range:1580-4124 [Chrysemys picta bellii]
hAT-24_HM_tp	hAT	DNA/hAT-Tip100	719	hAT-24_HM_tp#DNA/hAT-Tip100 RBRM:hAT-24_HM cds_range:904-3061 [Hydra vulgaris]
hAT-24_LCh_tp	hAT	DNA/hAT-Tip100	716	hAT-24_LCh_tp#DNA/hAT-Tip100 RBRM:hAT-24_LCh cds_range:631-2779 [Latimeria chalumnae]
HAT-24_SM_tp	hAT	DNA/hAT-Tip100	819	HAT-24_SM_tp#DNA/hAT-Tip100 RBRM:hAT-24_SM frameshifts:6 stops:9 cds_range:387-2840 via tfasty with Arthur1_Cis_tp [Schmidtea mediterranea]
hAT-25_HM_tp	hAT	DNA/hAT-Tip100	1025	hAT-25_HM_tp#DNA/hAT-Tip100 RBRM:hAT-25_HM cds_range:901-3976 [Hydra vulgaris]
HAT-27_SM_tp	hAT	DNA/hAT-Tip100	832	HAT-27_SM_tp#DNA/hAT-Tip100 RBRM:hAT-27_SM cds_range:601-3097 [Schmidtea mediterranea]
hAT-28_CPB_tp	hAT	DNA/hAT-Tip100	662	hAT-28_CPB_tp#DNA/hAT-Tip100 RBRM:hAT-28_CPB cds_range:650-2636 [Chrysemys picta bellii]
hAT-28_LCh_tp	hAT	DNA/hAT-Tip100	848	hAT-28_LCh_tp#DNA/hAT-Tip100 RBRM:hAT-28_LCh frameshifts:1 cds_range:1590-4133 via tfasty with Arthur1_Cis_tp [Latimeria chalumnae]
hAT-28_SSa_tp	hAT	DNA/hAT-Tip100	878	hAT-28_SSa_tp#DNA/hAT-Tip100 RBRM:hAT-28_SSa cds_range:311-3505 exons:311-549;1109-3505 via genewise with hAT-15_HM_tp [Salmo salar]
hAT-29_LCh_tp	hAT	DNA/hAT-Tip100	691	hAT-29_LCh_tp#DNA/hAT-Tip100 RBRM:hAT-29_LCh cds_range:1309-3382 [Latimeria chalumnae]
HAT-29_SM_tp	hAT	DNA/hAT-Tip100	860	HAT-29_SM_tp#DNA/hAT-Tip100 RBRM:hAT-29_SM frameshifts:2 cds_range:292-2870 via tfasty with Zaphod2_tp [Schmidtea mediterranea]
hAT-30_LSal_tp	hAT	DNA/hAT-Tip100	756	hAT-30_LSal_tp#DNA/hAT-Tip100 RBRM:hAT-30_LSal frameshifts:1 cds_range:1525-3848 exons:1525-3467;3523-3848 via genewise with HAT-30_SM [Lepeophtheirus salmonis]
HAT-30_SM_tp	hAT	DNA/hAT-Tip100	818	HAT-30_SM_tp#DNA/hAT-Tip100 RBRM:hAT-30_SM cds_range:663-3117 [Schmidtea mediterranea]
HAT-31_SM_tp	hAT	DNA/hAT-Tip100	665	HAT-31_SM_tp#DNA/hAT-Tip100 RBRM:hAT-31_SM frameshifts:5 cds_range:348-2348 (-Gulliver?)  via tfasty with 47203812_Tni_42-203, Next closest is Gulliver_tp [Schmidtea mediterranea]
hAT-32_CPB_tp	hAT	DNA/hAT-Tip100	835	hAT-32_CPB_tp#DNA/hAT-Tip100 RBRM:hAT-32_CPB cds_range:314-2819 [Chrysemys picta bellii]
hAT-34_HM_tp	hAT	DNA/hAT-Tip100	852	hAT-34_HM_tp#DNA/hAT-Tip100 RBRM:hAT-34_HM cds_range:716-3272 [Hydra vulgaris]
hAT-35_HM_tp	hAT	DNA/hAT-Tip100	843	hAT-35_HM_tp#DNA/hAT-Tip100 RBRM:hAT-35_HM cds_range:716-3245 [Hydra vulgaris]
hAT-35_LCh_tp	hAT	DNA/hAT-Tip100	853	hAT-35_LCh_tp#DNA/hAT-Tip100 RBRM:hAT-35_LCh cds_range:1866-4425 [Latimeria chalumnae]
hAT-36_SM_tp	hAT	DNA/hAT-Tip100	664	hAT-36_SM_tp#DNA/hAT-Tip100 RBRM:hAT-36_SM frameshifts:1 cds_range:464-2455 (-Gulliver?)  via tfasty with HAT-31_SM [Schmidtea mediterranea]
hAT-37_LCh_tp	hAT	DNA/hAT-Tip100	748	hAT-37_LCh_tp#DNA/hAT-Tip100 RBRM:hAT-37_LCh cds_range:32-2276 [Latimeria chalumnae]
hAT-37_SM_tp	hAT	DNA/hAT-Tip100	722	hAT-37_SM_tp#DNA/hAT-Tip100 RBRM:hAT-37_SM stops:1 cds_range:1310-3476 via tfasty with HAT-22_SM [Schmidtea mediterranea]
hAT-38_HM_tp	hAT	DNA/hAT-Tip100	727	hAT-38_HM_tp#DNA/hAT-Tip100 RBRM:hAT-38_HM cds_range:809-2990 [Hydra vulgaris]
hAT-40_HM_tp	hAT	DNA/hAT-Tip100	1002	hAT-40_HM_tp#DNA/hAT-Tip100 RBRM:hAT-40_HM cds_range:1755-4761 [Hydra vulgaris]
hAT-40_LCh_tp	hAT	DNA/hAT-Tip100	801	hAT-40_LCh_tp#DNA/hAT-Tip100 RBRM:hAT-40_LCh cds_range:641-3044 [Latimeria chalumnae]
hAT-42_HM_tp	hAT	DNA/hAT-Tip100	1020	hAT-42_HM_tp#DNA/hAT-Tip100 RBRM:hAT-42_HM frameshifts:1 cds_range:961-4022 via tfasty with hAT-25_HM_tp [Hydra vulgaris]
hAT-47_HM_tp	hAT	DNA/hAT-Tip100	1003	hAT-47_HM_tp#DNA/hAT-Tip100 RBRM:hAT-47_HM cds_range:1808-4817 [Hydra vulgaris]
hAT-47_SM_tp	hAT	DNA/hAT-Tip100	716	hAT-47_SM_tp#DNA/hAT-Tip100 RBRM:hAT-47_SM frameshifts:3 stops:6 cds_range:279-2424 via tfasty with 158138577_Api_tp [Schmidtea mediterranea]
hAT-54_HM_tp	hAT	DNA/hAT-Tip100	1022	hAT-54_HM_tp#DNA/hAT-Tip100 RBRM:hAT-54_HM cds_range:1008-4074 [Hydra vulgaris]
hAT-55_HM_tp	hAT	DNA/hAT-Tip100	879	hAT-55_HM_tp#DNA/hAT-Tip100 RBRM:hAT-55_HM cds_range:418-3055 [Hydra vulgaris]
hAT-56_HM_tp	hAT	DNA/hAT-Tip100	847	hAT-56_HM_tp#DNA/hAT-Tip100 RBRM:hAT-56_HM frameshifts:1 cds_range:627-3169 via tfasty with hAT-12_HM_1p [Hydra vulgaris]
hAT-61_HM_tp	hAT	DNA/hAT-Tip100	1081	hAT-61_HM_tp#DNA/hAT-Tip100 RBRM:hAT-61_HM cds_range:1308-4551 [Hydra vulgaris]
hAT-67_HM_tp	hAT	DNA/hAT-Tip100	851	hAT-67_HM_tp#DNA/hAT-Tip100 RBRM:hAT-67_HM cds_range:483-3036 [Hydra vulgaris]
hAT-68_HM_tp	hAT	DNA/hAT-Tip100	581	hAT-68_HM_tp#DNA/hAT-Tip100 RBRM:hAT-68_HM cds_range:2577-4320 [Hydra vulgaris]
HAT-71_HM_tp	hAT	DNA/hAT-Tip100	828	HAT-71_HM_tp#DNA/hAT-Tip100 RBRM:hAT-71_HM frameshifts:1 cds_range:670-3153 via tfasty with hAT-29_SM [Hydra vulgaris]
hAT-73_HM_tp	hAT	DNA/hAT-Tip100	628	hAT-73_HM_tp#DNA/hAT-Tip100 RBRM:hAT-73_HM cds_range:2675-4559 [Hydra vulgaris]
HAT-74_HM_tp	hAT	DNA/hAT-Tip100	890	HAT-74_HM_tp#DNA/hAT-Tip100 RBRM:hAT-74_HM cds_range:1078-3748 Outgroup [Hydra vulgaris]
hAT-76_HM_tp	hAT	DNA/hAT-Tip100	616	hAT-76_HM_tp#DNA/hAT-Tip100 RBRM:hAT-76_HM cds_range:2348-4196 [Hydra vulgaris]
hAT-80_HM_tp	hAT	DNA/hAT-Tip100	779	hAT-80_HM_tp#DNA/hAT-Tip100 RBRM:hAT-80_HM frameshifts:1 cds_range:1214-3550 via tfasty with Arthur1_Cis_tp [Hydra vulgaris]
hAT-82_HMa_tp	hAT	DNA/hAT-Tip100	928	hAT-82_HMa_tp#DNA/hAT-Tip100 RBRM:hAT-82_HMa cds_range:571-3355 [Hydra vulgaris]
hAT-84_HMa_tp	hAT	DNA/hAT-Tip100	769	hAT-84_HMa_tp#DNA/hAT-Tip100 RBRM:hAT-84_HMa cds_range:594-3032 exons:594-1806;1937-3032 via genewise with hAT7_SP_tp [Hydra vulgaris]
PrTip_tp	hAT	DNA/hAT-Tip100	911	PrTip_tp#DNA/hAT-Tip100 RBRM:PrTip frameshifts:4 stops:11 cds_range:444-3177 via tfasty with 47825024_Sde [Philodina roseola]
RAHAT_tp	hAT	DNA/hAT-Tip100	822	RAHAT_tp#DNA/hAT-Tip100 RBRM:RAHAT cds_range:888-3354 [Medicago truncatula]
ZhAT2_ZM_tp	hAT	DNA/hAT-Tip100	841	ZhAT2_ZM_tp#DNA/hAT-Tip100 RBRM:ZhAT2_ZM cds_range:747-3270 [Zea mays]
ZhAT5_ZM_tp	hAT	DNA/hAT-Tip100	814	ZhAT5_ZM_tp#DNA/hAT-Tip100 RBRM:ZhAT5_ZM frameshifts:1 cds_range:546-2989 via tfasty with hAT-9_OS [Zea mays]
ZhAT7_ZM_tp	hAT	DNA/hAT-Tip100	870	ZhAT7_ZM_tp#DNA/hAT-Tip100 RBRM:ZhAT7_ZM frameshifts:1 stops:3 cds_range:502-3111 via tfasty with 37537014_Osa [Zea mays]
ZhAT9_ZM_tp	hAT	DNA/hAT-Tip100	861	ZhAT9_ZM_tp#DNA/hAT-Tip100 RBRM:ZhAT9_ZM frameshifts:1 stops:3 cds_range:523-3105 via tfasty with 34894392_Osa [Zea mays]
ZhAT14_ZM_tp	hAT	DNA/hAT-Tip100	837	ZhAT14_ZM_tp#DNA/hAT-Tip100 RBRM:ZhAT14_ZM cds_range:621-3132 [Zea mays]
hAT-2_DY_tp	hAT	DNA/hAT-hobo	559	hAT-2_DY_tp#DNA/hAT-hobo RBRM:hAT-2_DY frameshifts:3 stops:4 cds_range:441-2265 exons:441-1713;1772-2265 via tfasty with Hermit_tp [Drosophila yakuba]
hAT-3_Gav_tp	hAT	DNA/hAT-Tag1	727	hAT-3_Gav_tp#DNA/hAT-Tag1 RBRM:hAT-3_Gav cds_range:602-3025 exons:602-815;1035-3025 [Crocodylia]
